person_id,full_name,slug,jersey,position,height,weight,birth_date,age,experience,school,season,team_id,team_abbrev,team_name,height_inches,headshot_url,team_logo_url
1627761,DeAndre' Bembry,deandre-bembry,95,F-G,6-6,210,"JUL 04, 1994",22.0,R,St. Joseph's (PA),2016-17,1610612737,ATL,Atlanta Hawks,78.0,https://cdn.nba.com/headshots/nba/latest/1040x760/1627761.png,https://cdn.nba.com/logos/nba/1610612737/primary/L/logo.svg
203471,Dennis Schröder,dennis-schröder,17,G,6-1,172,"SEP 15, 1993",23.0,3,Braunschweig,2016-17,1610612737,ATL,Atlanta Hawks,73.0,https://cdn.nba.com/headshots/nba/latest/1040x760/203471.png,https://cdn.nba.com/logos/nba/1610612737/primary/L/logo.svg
2730,Dwight Howard,dwight-howard,8,C,6-11,265,"DEC 08, 1985",31.0,12,SW Atlanta Christian Academy (GA),2016-17,1610612737,ATL,Atlanta Hawks,83.0,https://cdn.nba.com/headshots/nba/latest/1040x760/2730.png,https://cdn.nba.com/logos/nba/1610612737/primary/L/logo.svg
101141,Ersan Ilyasova,ersan-ilyasova,7,F,6-10,235,"MAY 15, 1987",30.0,8,FC Barcelona,2016-17,1610612737,ATL,Atlanta Hawks,82.0,https://cdn.nba.com/headshots/nba/latest/1040x760/101141.png,https://cdn.nba.com/logos/nba/1610612737/primary/L/logo.svg
101181,Jose Calderon,jose-calderon,13,G,6-3,200,"SEP 28, 1981",35.0,11,Tau Ceramica,2016-17,1610612737,ATL,Atlanta Hawks,75.0,https://cdn.nba.com/headshots/nba/latest/1040x760/101181.png,https://cdn.nba.com/logos/nba/1610612737/primary/L/logo.svg
203145,Kent Bazemore,kent-bazemore,24,F-G,6-5,201,"JUL 01, 1989",27.0,4,Old Dominion,2016-17,1610612737,ATL,Atlanta Hawks,77.0,https://cdn.nba.com/headshots/nba/latest/1040x760/203145.png,https://cdn.nba.com/logos/nba/1610612737/primary/L/logo.svg
2743,Kris Humphries,kris-humphries,43,F,6-9,235,"FEB 06, 1985",32.0,12,Minnesota,2016-17,1610612737,ATL,Atlanta Hawks,81.0,https://cdn.nba.com/headshots/nba/latest/1040x760/2743.png,https://cdn.nba.com/logos/nba/1610612737/primary/L/logo.svg
1627098,Malcolm Delaney,malcolm-delaney,5,G,6-3,190,"MAR 11, 1989",28.0,R,Virginia Tech,2016-17,1610612737,ATL,Atlanta Hawks,75.0,https://cdn.nba.com/headshots/nba/latest/1040x760/1627098.png,https://cdn.nba.com/logos/nba/1610612737/primary/L/logo.svg
2399,Mike Dunleavy,mike-dunleavy,34,G-F,6-9,230,"SEP 15, 1980",36.0,14,Duke,2016-17,1610612737,ATL,Atlanta Hawks,81.0,https://cdn.nba.com/headshots/nba/latest/1040x760/2399.png,https://cdn.nba.com/logos/nba/1610612737/primary/L/logo.svg
203488,Mike Muscala,mike-muscala,31,F-C,6-11,240,"JUL 01, 1991",25.0,3,Bucknell,2016-17,1610612737,ATL,Atlanta Hawks,83.0,https://cdn.nba.com/headshots/nba/latest/1040x760/203488.png,https://cdn.nba.com/logos/nba/1610612737/primary/L/logo.svg
200794,Paul Millsap,paul-millsap,4,F,6-8,246,"FEB 10, 1985",32.0,10,Louisiana Tech,2016-17,1610612737,ATL,Atlanta Hawks,80.0,https://cdn.nba.com/headshots/nba/latest/1040x760/200794.png,https://cdn.nba.com/logos/nba/1610612737/primary/L/logo.svg
203527,Ryan Kelly,ryan-kelly,30,F,6-11,230,"APR 09, 1991",26.0,3,Duke,2016-17,1610612737,ATL,Atlanta Hawks,83.0,https://cdn.nba.com/headshots/nba/latest/1040x760/203527.png,https://cdn.nba.com/logos/nba/1610612737/primary/L/logo.svg
1627752,Taurean Prince,taurean-prince,12,F,6-8,220,"MAR 22, 1994",23.0,R,Baylor,2016-17,1610612737,ATL,Atlanta Hawks,80.0,https://cdn.nba.com/headshots/nba/latest/1040x760/1627752.png,https://cdn.nba.com/logos/nba/1610612737/primary/L/logo.svg
200757,Thabo Sefolosha,thabo-sefolosha,25,F,6-7,220,"MAY 02, 1984",33.0,10,Angelico Biella,2016-17,1610612737,ATL,Atlanta Hawks,79.0,https://cdn.nba.com/headshots/nba/latest/1040x760/200757.png,https://cdn.nba.com/logos/nba/1610612737/primary/L/logo.svg
203501,Tim Hardaway Jr.,tim-hardaway-jr,10,G,6-6,205,"MAR 16, 1992",25.0,3,Michigan,2016-17,1610612737,ATL,Atlanta Hawks,78.0,https://cdn.nba.com/headshots/nba/latest/1040x760/203501.png,https://cdn.nba.com/logos/nba/1610612737/primary/L/logo.svg
203094,Andrew Nicholson,andrew-nicholson,44,F,6-9,250,"DEC 08, 1989",27.0,4,St. Bonaventure,2016-17,1610612751,BKN,Brooklyn Nets,81.0,https://cdn.nba.com/headshots/nba/latest/1040x760/203094.png,https://cdn.nba.com/logos/nba/1610612751/primary/L/logo.svg
203462,Archie Goodwin,archie-goodwin,10,G,6-5,205,"AUG 17, 1994",22.0,3,Kentucky,2016-17,1610612751,BKN,Brooklyn Nets,77.0,https://cdn.nba.com/headshots/nba/latest/1040x760/203462.png,https://cdn.nba.com/logos/nba/1610612751/primary/L/logo.svg
201572,Brook Lopez,brook-lopez,11,C,7-0,268,"APR 01, 1988",29.0,8,Stanford,2016-17,1610612751,BKN,Brooklyn Nets,84.0,https://cdn.nba.com/headshots/nba/latest/1040x760/201572.png,https://cdn.nba.com/logos/nba/1610612751/primary/L/logo.svg
1627747,Caris LeVert,caris-levert,22,G-F,6-7,203,"AUG 25, 1994",22.0,R,Michigan,2016-17,1610612751,BKN,Brooklyn Nets,79.0,https://cdn.nba.com/headshots/nba/latest/1040x760/1627747.png,https://cdn.nba.com/logos/nba/1610612751/primary/L/logo.svg
1627785,Isaiah Whitehead,isaiah-whitehead,15,G,6-4,213,"MAR 08, 1995",22.0,R,Seton Hall,2016-17,1610612751,BKN,Brooklyn Nets,76.0,https://cdn.nba.com/headshots/nba/latest/1040x760/1627785.png,https://cdn.nba.com/logos/nba/1610612751/primary/L/logo.svg
202391,Jeremy Lin,jeremy-lin,7,G,6-3,200,"AUG 23, 1988",28.0,6,Harvard,2016-17,1610612751,BKN,Brooklyn Nets,75.0,https://cdn.nba.com/headshots/nba/latest/1040x760/202391.png,https://cdn.nba.com/logos/nba/1610612751/primary/L/logo.svg
203925,Joe Harris,joe-harris,12,F-G,6-6,219,"SEP 06, 1991",25.0,2,Virginia,2016-17,1610612751,BKN,Brooklyn Nets,78.0,https://cdn.nba.com/headshots/nba/latest/1040x760/203925.png,https://cdn.nba.com/logos/nba/1610612751/primary/L/logo.svg
203120,Justin Hamilton,justin-hamilton,41,C,7-0,255,"APR 01, 1990",27.0,2,Louisiana State,2016-17,1610612751,BKN,Brooklyn Nets,84.0,https://cdn.nba.com/headshots/nba/latest/1040x760/203120.png,https://cdn.nba.com/logos/nba/1610612751/primary/L/logo.svg
203909,KJ McDaniels,kj-mcdaniels,14,G-F,6-6,205,"FEB 09, 1993",24.0,2,Clemson,2016-17,1610612751,BKN,Brooklyn Nets,78.0,https://cdn.nba.com/headshots/nba/latest/1040x760/203909.png,https://cdn.nba.com/logos/nba/1610612751/primary/L/logo.svg
203112,Quincy Acy,quincy-acy,13,F,6-7,240,"OCT 06, 1990",26.0,4,Baylor,2016-17,1610612751,BKN,Brooklyn Nets,79.0,https://cdn.nba.com/headshots/nba/latest/1040x760/203112.png,https://cdn.nba.com/logos/nba/1610612751/primary/L/logo.svg
200751,Randy Foye,randy-foye,2,G,6-4,218,"SEP 24, 1983",33.0,10,Villanova,2016-17,1610612751,BKN,Brooklyn Nets,76.0,https://cdn.nba.com/headshots/nba/latest/1040x760/200751.png,https://cdn.nba.com/logos/nba/1610612751/primary/L/logo.svg
1626178,Rondae Hollis-Jefferson,rondae-hollis-jefferson,24,F,6-7,214,"JAN 03, 1995",22.0,1,Arizona,2016-17,1610612751,BKN,Brooklyn Nets,79.0,https://cdn.nba.com/headshots/nba/latest/1040x760/1626178.png,https://cdn.nba.com/logos/nba/1610612751/primary/L/logo.svg
203930,Sean Kilpatrick,sean-kilpatrick,6,G,6-4,219,"JAN 06, 1990",27.0,2,Cincinnati,2016-17,1610612751,BKN,Brooklyn Nets,76.0,https://cdn.nba.com/headshots/nba/latest/1040x760/203930.png,https://cdn.nba.com/logos/nba/1610612751/primary/L/logo.svg
203915,Spencer Dinwiddie,spencer-dinwiddie,8,G,6-6,200,"APR 06, 1993",24.0,2,Colorado,2016-17,1610612751,BKN,Brooklyn Nets,78.0,https://cdn.nba.com/headshots/nba/latest/1040x760/203915.png,https://cdn.nba.com/logos/nba/1610612751/primary/L/logo.svg
202344,Trevor Booker,trevor-booker,35,F,6-8,228,"NOV 25, 1987",29.0,6,Clemson,2016-17,1610612751,BKN,Brooklyn Nets,80.0,https://cdn.nba.com/headshots/nba/latest/1040x760/202344.png,https://cdn.nba.com/logos/nba/1610612751/primary/L/logo.svg
201143,Al Horford,al-horford,42,C,6-10,245,"JUN 03, 1986",31.0,9,Florida,2016-17,1610612738,BOS,Boston Celtics,82.0,https://cdn.nba.com/headshots/nba/latest/1040x760/201143.png,https://cdn.nba.com/logos/nba/1610612738/primary/L/logo.svg
101161,Amir Johnson,amir-johnson,90,F,6-9,240,"MAY 01, 1987",30.0,11,Westchester HS (CA),2016-17,1610612738,BOS,Boston Celtics,81.0,https://cdn.nba.com/headshots/nba/latest/1040x760/101161.png,https://cdn.nba.com/logos/nba/1610612738/primary/L/logo.svg
202340,Avery Bradley,avery-bradley,0,G,6-2,180,"NOV 26, 1990",26.0,6,University of Texas at Austin,2016-17,1610612738,BOS,Boston Celtics,74.0,https://cdn.nba.com/headshots/nba/latest/1040x760/202340.png,https://cdn.nba.com/logos/nba/1610612738/primary/L/logo.svg
1627743,Demetrius Jackson,demetrius-jackson,9,G,6-1,201,"SEP 07, 1994",22.0,R,Notre Dame,2016-17,1610612738,BOS,Boston Celtics,73.0,https://cdn.nba.com/headshots/nba/latest/1040x760/1627743.png,https://cdn.nba.com/logos/nba/1610612738/primary/L/logo.svg
101123,Gerald Green,gerald-green,30,F,6-7,205,"JAN 26, 1986",31.0,9,No College,2016-17,1610612738,BOS,Boston Celtics,79.0,https://cdn.nba.com/headshots/nba/latest/1040x760/101123.png,https://cdn.nba.com/logos/nba/1610612738/primary/L/logo.svg
202738,Isaiah Thomas,isaiah-thomas,4,G,5-9,185,"FEB 07, 1989",28.0,5,Washington,2016-17,1610612738,BOS,Boston Celtics,69.0,https://cdn.nba.com/headshots/nba/latest/1040x760/202738.png,https://cdn.nba.com/logos/nba/1610612738/primary/L/logo.svg
203109,Jae Crowder,jae-crowder,99,F,6-6,235,"JUL 06, 1990",26.0,4,Marquette,2016-17,1610612738,BOS,Boston Celtics,78.0,https://cdn.nba.com/headshots/nba/latest/1040x760/203109.png,https://cdn.nba.com/logos/nba/1610612738/primary/L/logo.svg
203923,James Young,james-young,13,G-F,6-6,215,"AUG 16, 1995",21.0,2,Kentucky,2016-17,1610612738,BOS,Boston Celtics,78.0,https://cdn.nba.com/headshots/nba/latest/1040x760/203923.png,https://cdn.nba.com/logos/nba/1610612738/primary/L/logo.svg
1627759,Jaylen Brown,jaylen-brown,7,F,6-7,225,"OCT 24, 1996",20.0,R,California,2016-17,1610612738,BOS,Boston Celtics,79.0,https://cdn.nba.com/headshots/nba/latest/1040x760/1627759.png,https://cdn.nba.com/logos/nba/1610612738/primary/L/logo.svg
201973,Jonas Jerebko,jonas-jerebko,8,F,6-10,231,"MAR 02, 1987",30.0,6,Angelico Biella,2016-17,1610612738,BOS,Boston Celtics,82.0,https://cdn.nba.com/headshots/nba/latest/1040x760/201973.png,https://cdn.nba.com/logos/nba/1610612738/primary/L/logo.svg
1626175,Jordan Mickey,jordan-mickey,55,F,6-8,235,"JUL 09, 1994",22.0,1,Louisiana State,2016-17,1610612738,BOS,Boston Celtics,80.0,https://cdn.nba.com/headshots/nba/latest/1040x760/1626175.png,https://cdn.nba.com/logos/nba/1610612738/primary/L/logo.svg
203482,Kelly Olynyk,kelly-olynyk,41,C-F,7-0,238,"APR 19, 1991",26.0,3,Gonzaga,2016-17,1610612738,BOS,Boston Celtics,84.0,https://cdn.nba.com/headshots/nba/latest/1040x760/203482.png,https://cdn.nba.com/logos/nba/1610612738/primary/L/logo.svg
203935,Marcus Smart,marcus-smart,36,G,6-4,220,"MAR 06, 1994",23.0,2,Oklahoma State,2016-17,1610612738,BOS,Boston Celtics,76.0,https://cdn.nba.com/headshots/nba/latest/1040x760/203935.png,https://cdn.nba.com/logos/nba/1610612738/primary/L/logo.svg
1626179,Terry Rozier,terry-rozier,12,G,6-2,190,"MAR 17, 1994",23.0,1,Louisville,2016-17,1610612738,BOS,Boston Celtics,74.0,https://cdn.nba.com/headshots/nba/latest/1040x760/1626179.png,https://cdn.nba.com/logos/nba/1610612738/primary/L/logo.svg
203092,Tyler Zeller,tyler-zeller,44,C,7-0,253,"JAN 17, 1990",27.0,4,North Carolina,2016-17,1610612738,BOS,Boston Celtics,84.0,https://cdn.nba.com/headshots/nba/latest/1040x760/203092.png,https://cdn.nba.com/logos/nba/1610612738/primary/L/logo.svg
203148,Brian Roberts,brian-roberts,22,G,6-1,173,"DEC 03, 1985",31.0,4,Dayton,2016-17,1610612766,CHA,Charlotte Hornets,73.0,https://cdn.nba.com/headshots/nba/latest/1040x760/203148.png,https://cdn.nba.com/logos/nba/1610612766/primary/L/logo.svg
1627362,Briante Weber,briante-weber,0,G,6-2,165,"DEC 29, 1992",24.0,1,Virginia Commonwealth,2016-17,1610612766,CHA,Charlotte Hornets,74.0,https://cdn.nba.com/headshots/nba/latest/1040x760/1627362.png,https://cdn.nba.com/logos/nba/1610612766/primary/L/logo.svg
1626174,Christian Wood,christian-wood,35,F,6-11,220,"SEP 27, 1995",21.0,1,UNLV,2016-17,1610612766,CHA,Charlotte Hornets,83.0,https://cdn.nba.com/headshots/nba/latest/1040x760/1626174.png,https://cdn.nba.com/logos/nba/1610612766/primary/L/logo.svg
203469,Cody Zeller,cody-zeller,40,C,7-0,240,"OCT 05, 1992",24.0,3,Indiana,2016-17,1610612766,CHA,Charlotte Hornets,84.0,https://cdn.nba.com/headshots/nba/latest/1040x760/203469.png,https://cdn.nba.com/logos/nba/1610612766/primary/L/logo.svg
1626163,Frank Kaminsky,frank-kaminsky,44,C,7-0,240,"APR 04, 1993",24.0,1,Wisconsin,2016-17,1610612766,CHA,Charlotte Hornets,84.0,https://cdn.nba.com/headshots/nba/latest/1040x760/1626163.png,https://cdn.nba.com/logos/nba/1610612766/primary/L/logo.svg
203087,Jeremy Lamb,jeremy-lamb,3,G,6-5,185,"MAY 30, 1992",25.0,4,Connecticut,2016-17,1610612766,CHA,Charlotte Hornets,77.0,https://cdn.nba.com/headshots/nba/latest/1040x760/203087.png,https://cdn.nba.com/logos/nba/1610612766/primary/L/logo.svg
203948,Johnny O'Bryant III,johnny-obryant-iii,8,F-C,6-9,257,"JUN 01, 1993",24.0,2,Louisiana State,2016-17,1610612766,CHA,Charlotte Hornets,81.0,https://cdn.nba.com/headshots/nba/latest/1040x760/203948.png,https://cdn.nba.com/logos/nba/1610612766/primary/L/logo.svg
202689,Kemba Walker,kemba-walker,15,G,6-1,184,"MAY 08, 1990",27.0,5,Connecticut,2016-17,1610612766,CHA,Charlotte Hornets,73.0,https://cdn.nba.com/headshots/nba/latest/1040x760/202689.png,https://cdn.nba.com/logos/nba/1610612766/primary/L/logo.svg
201158,Marco Belinelli,marco-belinelli,21,G-F,6-5,210,"MAR 25, 1986",31.0,9,Fortitudo Bologna,2016-17,1610612766,CHA,Charlotte Hornets,77.0,https://cdn.nba.com/headshots/nba/latest/1040x760/201158.png,https://cdn.nba.com/logos/nba/1610612766/primary/L/logo.svg
101107,Marvin Williams,marvin-williams,2,F,6-9,237,"JUN 19, 1986",31.0,11,North Carolina,2016-17,1610612766,CHA,Charlotte Hornets,81.0,https://cdn.nba.com/headshots/nba/latest/1040x760/101107.png,https://cdn.nba.com/logos/nba/1610612766/primary/L/logo.svg
203077,Michael Kidd-Gilchrist,michael-kidd-gilchrist,14,F,6-7,232,"SEP 26, 1993",23.0,4,Kentucky,2016-17,1610612766,CHA,Charlotte Hornets,79.0,https://cdn.nba.com/headshots/nba/latest/1040x760/203077.png,https://cdn.nba.com/logos/nba/1610612766/primary/L/logo.svg
203101,Miles Plumlee,miles-plumlee,18,C,6-11,249,"SEP 01, 1988",28.0,4,Duke,2016-17,1610612766,CHA,Charlotte Hornets,83.0,https://cdn.nba.com/headshots/nba/latest/1040x760/203101.png,https://cdn.nba.com/logos/nba/1610612766/primary/L/logo.svg
201587,Nicolas Batum,nicolas-batum,5,G,6-8,200,"DEC 14, 1988",28.0,8,Le Mans,2016-17,1610612766,CHA,Charlotte Hornets,80.0,https://cdn.nba.com/headshots/nba/latest/1040x760/201587.png,https://cdn.nba.com/logos/nba/1610612766/primary/L/logo.svg
201196,Ramon Sessions,ramon-sessions,7,G,6-3,190,"APR 11, 1986",31.0,9,Nevada-Reno,2016-17,1610612766,CHA,Charlotte Hornets,75.0,https://cdn.nba.com/headshots/nba/latest/1040x760/201196.png,https://cdn.nba.com/logos/nba/1610612766/primary/L/logo.svg
1626203,Treveon Graham,treveon-graham,12,G-F,6-6,226,"OCT 28, 1993",23.0,R,Va Commonwealth,2016-17,1610612766,CHA,Charlotte Hornets,78.0,https://cdn.nba.com/headshots/nba/latest/1040x760/1626203.png,https://cdn.nba.com/logos/nba/1610612766/primary/L/logo.svg
201627,Anthony Morrow,anthony-morrow,11,G,6-5,210,"SEP 27, 1985",31.0,8,Georgia Tech,2016-17,1610612741,CHI,Chicago Bulls,77.0,https://cdn.nba.com/headshots/nba/latest/1040x760/201627.png,https://cdn.nba.com/logos/nba/1610612741/primary/L/logo.svg
1626171,Bobby Portis,bobby-portis,5,F,6-11,246,"FEB 10, 1995",22.0,1,Arkansas,2016-17,1610612741,CHI,Chicago Bulls,83.0,https://cdn.nba.com/headshots/nba/latest/1040x760/1626171.png,https://cdn.nba.com/logos/nba/1610612741/primary/L/logo.svg
1626166,Cameron Payne,cameron-payne,22,G,6-3,185,"AUG 08, 1994",22.0,1,Murray State,2016-17,1610612741,CHI,Chicago Bulls,75.0,https://cdn.nba.com/headshots/nba/latest/1040x760/1626166.png,https://cdn.nba.com/logos/nba/1610612741/primary/L/logo.svg
1626245,Cristiano Felicio,cristiano-felicio,6,F-C,6-9,266,"JUL 07, 1992",24.0,1,Flamengo,2016-17,1610612741,CHI,Chicago Bulls,81.0,https://cdn.nba.com/headshots/nba/latest/1040x760/1626245.png,https://cdn.nba.com/logos/nba/1610612741/primary/L/logo.svg
1627756,Denzel Valentine,denzel-valentine,45,G,6-6,212,"NOV 16, 1993",23.0,R,Michigan State,2016-17,1610612741,CHI,Chicago Bulls,78.0,https://cdn.nba.com/headshots/nba/latest/1040x760/1627756.png,https://cdn.nba.com/logos/nba/1610612741/primary/L/logo.svg
2548,Dwyane Wade,dwyane-wade,3,G,6-4,220,"JAN 17, 1982",35.0,13,Marquette,2016-17,1610612741,CHI,Chicago Bulls,76.0,https://cdn.nba.com/headshots/nba/latest/1040x760/2548.png,https://cdn.nba.com/logos/nba/1610612741/primary/L/logo.svg
203477,Isaiah Canaan,isaiah-canaan,0,G,6-0,201,"MAY 21, 1991",26.0,3,Murray State,2016-17,1610612741,CHI,Chicago Bulls,72.0,https://cdn.nba.com/headshots/nba/latest/1040x760/203477.png,https://cdn.nba.com/logos/nba/1610612741/primary/L/logo.svg
1626170,Jerian Grant,jerian-grant,2,G,6-4,198,"OCT 09, 1992",24.0,1,Notre Dame,2016-17,1610612741,CHI,Chicago Bulls,76.0,https://cdn.nba.com/headshots/nba/latest/1040x760/1626170.png,https://cdn.nba.com/logos/nba/1610612741/primary/L/logo.svg
202710,Jimmy Butler III,jimmy-butler-iii,21,F,6-7,231,"SEP 14, 1989",27.0,5,Marquette,2016-17,1610612741,CHI,Chicago Bulls,79.0,https://cdn.nba.com/headshots/nba/latest/1040x760/202710.png,https://cdn.nba.com/logos/nba/1610612741/primary/L/logo.svg
203530,Joffrey Lauvergne,joffrey-lauvergne,77,C-F,6-11,220,"SEP 30, 1991",25.0,2,Khimki,2016-17,1610612741,CHI,Chicago Bulls,83.0,https://cdn.nba.com/headshots/nba/latest/1040x760/203530.png,https://cdn.nba.com/logos/nba/1610612741/primary/L/logo.svg
203487,Michael Carter-Williams,michael-carter-williams,7,G,6-6,190,"OCT 10, 1991",25.0,3,Syracuse,2016-17,1610612741,CHI,Chicago Bulls,78.0,https://cdn.nba.com/headshots/nba/latest/1040x760/203487.png,https://cdn.nba.com/logos/nba/1610612741/primary/L/logo.svg
202703,Nikola Mirotic,nikola-mirotic,44,F,6-10,238,"FEB 11, 1991",26.0,2,Real Madrid,2016-17,1610612741,CHI,Chicago Bulls,82.0,https://cdn.nba.com/headshots/nba/latest/1040x760/202703.png,https://cdn.nba.com/logos/nba/1610612741/primary/L/logo.svg
1627835,Paul Zipser,paul-zipser,16,F,6-8,210,"FEB 18, 1994",23.0,R,Bayern Munich,2016-17,1610612741,CHI,Chicago Bulls,80.0,https://cdn.nba.com/headshots/nba/latest/1040x760/1627835.png,https://cdn.nba.com/logos/nba/1610612741/primary/L/logo.svg
200765,Rajon Rondo,rajon-rondo,9,G,6-1,186,"FEB 22, 1986",31.0,10,Kentucky,2016-17,1610612741,CHI,Chicago Bulls,73.0,https://cdn.nba.com/headshots/nba/latest/1040x760/200765.png,https://cdn.nba.com/logos/nba/1610612741/primary/L/logo.svg
201577,Robin Lopez,robin-lopez,8,C,7-0,255,"APR 01, 1988",29.0,8,Stanford,2016-17,1610612741,CHI,Chicago Bulls,84.0,https://cdn.nba.com/headshots/nba/latest/1040x760/201577.png,https://cdn.nba.com/logos/nba/1610612741/primary/L/logo.svg
101112,Channing Frye,channing-frye,8,F,6-11,255,"MAY 17, 1983",34.0,10,Arizona,2016-17,1610612739,CLE,Cleveland Cavaliers,83.0,https://cdn.nba.com/headshots/nba/latest/1040x760/101112.png,https://cdn.nba.com/logos/nba/1610612739/primary/L/logo.svg
2563,Dahntay Jones,dahntay-jones,30,G-F,6-6,225,"DEC 27, 1980",36.0,12,Duke,2016-17,1610612739,CLE,Cleveland Cavaliers,78.0,https://cdn.nba.com/headshots/nba/latest/1040x760/2563.png,https://cdn.nba.com/logos/nba/1610612739/primary/L/logo.svg
101114,Deron Williams,deron-williams,31,G,6-3,200,"JUN 26, 1984",33.0,11,Illinois,2016-17,1610612739,CLE,Cleveland Cavaliers,75.0,https://cdn.nba.com/headshots/nba/latest/1040x760/101114.png,https://cdn.nba.com/logos/nba/1610612739/primary/L/logo.svg
202682,Derrick Williams,derrick-williams,3,F,6-8,240,"MAY 25, 1991",26.0,5,Arizona,2016-17,1610612739,CLE,Cleveland Cavaliers,80.0,https://cdn.nba.com/headshots/nba/latest/1040x760/202682.png,https://cdn.nba.com/logos/nba/1610612739/primary/L/logo.svg
204002,Edy Tavares,edy-tavares,40,C,7-3,265,"MAR 22, 1992",25.0,1,Gran Canaria,2016-17,1610612739,CLE,Cleveland Cavaliers,87.0,https://cdn.nba.com/headshots/nba/latest/1040x760/204002.png,https://cdn.nba.com/logos/nba/1610612739/primary/L/logo.svg
202697,Iman Shumpert,iman-shumpert,4,G,6-5,220,"JUN 26, 1990",27.0,5,Georgia Tech,2016-17,1610612739,CLE,Cleveland Cavaliers,77.0,https://cdn.nba.com/headshots/nba/latest/1040x760/202697.png,https://cdn.nba.com/logos/nba/1610612739/primary/L/logo.svg
2747,JR Smith,jr-smith,5,G,6-6,225,"SEP 09, 1985",31.0,12,No College,2016-17,1610612739,CLE,Cleveland Cavaliers,78.0,https://cdn.nba.com/headshots/nba/latest/1040x760/2747.png,https://cdn.nba.com/logos/nba/1610612739/primary/L/logo.svg
2592,James Jones,james-jones,1,G-F,6-8,218,"OCT 04, 1980",36.0,13,Miami,2016-17,1610612739,CLE,Cleveland Cavaliers,80.0,https://cdn.nba.com/headshots/nba/latest/1040x760/2592.png,https://cdn.nba.com/logos/nba/1610612739/primary/L/logo.svg
1627770,Kay Felder,kay-felder,20,G,5-9,176,"MAR 29, 1995",22.0,R,Oakland,2016-17,1610612739,CLE,Cleveland Cavaliers,69.0,https://cdn.nba.com/headshots/nba/latest/1040x760/1627770.png,https://cdn.nba.com/logos/nba/1610612739/primary/L/logo.svg
201567,Kevin Love,kevin-love,0,F,6-10,251,"SEP 07, 1988",28.0,8,UCLA,2016-17,1610612739,CLE,Cleveland Cavaliers,82.0,https://cdn.nba.com/headshots/nba/latest/1040x760/201567.png,https://cdn.nba.com/logos/nba/1610612739/primary/L/logo.svg
2594,Kyle Korver,kyle-korver,26,G,6-7,212,"MAR 17, 1981",36.0,13,Creighton,2016-17,1610612739,CLE,Cleveland Cavaliers,79.0,https://cdn.nba.com/headshots/nba/latest/1040x760/2594.png,https://cdn.nba.com/logos/nba/1610612739/primary/L/logo.svg
202681,Kyrie Irving,kyrie-irving,2,G,6-3,193,"MAR 23, 1992",25.0,5,Duke,2016-17,1610612739,CLE,Cleveland Cavaliers,75.0,https://cdn.nba.com/headshots/nba/latest/1040x760/202681.png,https://cdn.nba.com/logos/nba/1610612739/primary/L/logo.svg
2544,LeBron James,lebron-james,23,F,6-8,250,"DEC 30, 1984",32.0,13,St. Vincent-St. Mary HS (OH),2016-17,1610612739,CLE,Cleveland Cavaliers,80.0,https://cdn.nba.com/headshots/nba/latest/1040x760/2544.png,https://cdn.nba.com/logos/nba/1610612739/primary/L/logo.svg
2210,Richard Jefferson,richard-jefferson,24,F,6-7,233,"JUN 21, 1980",37.0,15,Arizona,2016-17,1610612739,CLE,Cleveland Cavaliers,79.0,https://cdn.nba.com/headshots/nba/latest/1040x760/2210.png,https://cdn.nba.com/logos/nba/1610612739/primary/L/logo.svg
202684,Tristan Thompson,tristan-thompson,13,C,6-9,238,"MAR 13, 1991",26.0,5,Texas-Austin,2016-17,1610612739,CLE,Cleveland Cavaliers,81.0,https://cdn.nba.com/headshots/nba/latest/1040x760/202684.png,https://cdn.nba.com/logos/nba/1610612739/primary/L/logo.svg
1627773,AJ Hammons,aj-hammons,20,C,7-0,260,"AUG 27, 1992",24.0,R,Purdue,2016-17,1610612742,DAL,Dallas Mavericks,84.0,https://cdn.nba.com/headshots/nba/latest/1040x760/1627773.png,https://cdn.nba.com/logos/nba/1610612742/primary/L/logo.svg
202732,DeAndre Liggins,deandre-liggins,14,G,6-6,209,"MAR 31, 1988",29.0,3,Kentucky,2016-17,1610612742,DAL,Dallas Mavericks,78.0,https://cdn.nba.com/headshots/nba/latest/1040x760/202732.png,https://cdn.nba.com/logos/nba/1610612742/primary/L/logo.svg
2734,Devin Harris,devin-harris,34,G,6-3,185,"FEB 27, 1983",34.0,12,Wisconsin,2016-17,1610612742,DAL,Dallas Mavericks,75.0,https://cdn.nba.com/headshots/nba/latest/1040x760/2734.png,https://cdn.nba.com/logos/nba/1610612742/primary/L/logo.svg
1717,Dirk Nowitzki,dirk-nowitzki,41,F,7-0,245,"JUN 19, 1978",39.0,18,DJK Wurzburg,2016-17,1610612742,DAL,Dallas Mavericks,84.0,https://cdn.nba.com/headshots/nba/latest/1040x760/1717.png,https://cdn.nba.com/logos/nba/1610612742/primary/L/logo.svg
1627827,Dorian Finney-Smith,dorian-finney-smith,10,F,6-8,220,"MAY 04, 1993",24.0,R,Florida,2016-17,1610612742,DAL,Dallas Mavericks,80.0,https://cdn.nba.com/headshots/nba/latest/1040x760/1627827.png,https://cdn.nba.com/logos/nba/1610612742/primary/L/logo.svg
203939,Dwight Powell,dwight-powell,7,F-C,6-11,240,"JUL 20, 1991",25.0,2,Stanford,2016-17,1610612742,DAL,Dallas Mavericks,83.0,https://cdn.nba.com/headshots/nba/latest/1040x760/203939.png,https://cdn.nba.com/logos/nba/1610612742/primary/L/logo.svg
203084,Harrison Barnes,harrison-barnes,40,F,6-8,225,"MAY 30, 1992",25.0,4,North Carolina,2016-17,1610612742,DAL,Dallas Mavericks,80.0,https://cdn.nba.com/headshots/nba/latest/1040x760/203084.png,https://cdn.nba.com/logos/nba/1610612742/primary/L/logo.svg
200826,J.J. Barea,jj-barea,5,G,6-0,185,"JUN 26, 1984",33.0,10,Northeastern,2016-17,1610612742,DAL,Dallas Mavericks,72.0,https://cdn.nba.com/headshots/nba/latest/1040x760/200826.png,https://cdn.nba.com/logos/nba/1610612742/primary/L/logo.svg
1627784,Jarrod Uthoff,jarrod-uthoff,19,F,6-9,221,"MAY 19, 1993",24.0,R,Iowa,2016-17,1610612742,DAL,Dallas Mavericks,81.0,https://cdn.nba.com/headshots/nba/latest/1040x760/1627784.png,https://cdn.nba.com/logos/nba/1610612742/primary/L/logo.svg
202412,Manny Harris,manny-harris,6,G,6-5,185,"SEP 21, 1989",27.0,3,Michigan,2016-17,1610612742,DAL,Dallas Mavericks,77.0,https://cdn.nba.com/headshots/nba/latest/1040x760/202412.png,https://cdn.nba.com/logos/nba/1610612742/primary/L/logo.svg
203457,Nerlens Noel,nerlens-noel,3,F-C,6-11,228,"APR 10, 1994",23.0,2,Kentucky,2016-17,1610612742,DAL,Dallas Mavericks,83.0,https://cdn.nba.com/headshots/nba/latest/1040x760/203457.png,https://cdn.nba.com/logos/nba/1610612742/primary/L/logo.svg
1627852,Nicolas Brussino,nicolas-brussino,9,F,6-8,215,"MAR 02, 1993",24.0,R,Penarol,2016-17,1610612742,DAL,Dallas Mavericks,80.0,https://cdn.nba.com/headshots/nba/latest/1040x760/1627852.png,https://cdn.nba.com/logos/nba/1610612742/primary/L/logo.svg
1626257,Salah Mejri,salah-mejri,50,C,7-2,245,"JUN 15, 1986",31.0,1,Real Madrid,2016-17,1610612742,DAL,Dallas Mavericks,86.0,https://cdn.nba.com/headshots/nba/latest/1040x760/1626257.png,https://cdn.nba.com/logos/nba/1610612742/primary/L/logo.svg
203552,Seth Curry,seth-curry,30,G,6-2,185,"AUG 23, 1990",26.0,3,Duke,2016-17,1610612742,DAL,Dallas Mavericks,74.0,https://cdn.nba.com/headshots/nba/latest/1040x760/203552.png,https://cdn.nba.com/logos/nba/1610612742/primary/L/logo.svg
202083,Wesley Matthews,wesley-matthews,23,G-F,6-5,220,"OCT 14, 1986",30.0,7,Marquette,2016-17,1610612742,DAL,Dallas Mavericks,77.0,https://cdn.nba.com/headshots/nba/latest/1040x760/202083.png,https://cdn.nba.com/logos/nba/1610612742/primary/L/logo.svg
1627812,Yogi Ferrell,yogi-ferrell,11,G,6-0,180,"MAY 09, 1993",24.0,R,Indiana,2016-17,1610612742,DAL,Dallas Mavericks,72.0,https://cdn.nba.com/headshots/nba/latest/1040x760/1627812.png,https://cdn.nba.com/logos/nba/1610612742/primary/L/logo.svg
201568,Danilo Gallinari,danilo-gallinari,8,F,6-10,225,"AUG 08, 1988",28.0,7,Olimpia Milano,2016-17,1610612743,DEN,Denver Nuggets,82.0,https://cdn.nba.com/headshots/nba/latest/1040x760/201568.png,https://cdn.nba.com/logos/nba/1610612743/primary/L/logo.svg
201589,Darrell Arthur,darrell-arthur,00,F,6-9,235,"MAR 25, 1988",29.0,7,Kansas,2016-17,1610612743,DEN,Denver Nuggets,81.0,https://cdn.nba.com/headshots/nba/latest/1040x760/201589.png,https://cdn.nba.com/logos/nba/1610612743/primary/L/logo.svg
1626144,Emmanuel Mudiay,emmanuel-mudiay,0,G,6-5,200,"MAR 05, 1996",21.0,1,Guangdong,2016-17,1610612743,DEN,Denver Nuggets,77.0,https://cdn.nba.com/headshots/nba/latest/1040x760/1626144.png,https://cdn.nba.com/logos/nba/1610612743/primary/L/logo.svg
203914,Gary Harris,gary-harris,14,G,6-4,210,"SEP 14, 1994",22.0,2,Michigan State,2016-17,1610612743,DEN,Denver Nuggets,76.0,https://cdn.nba.com/headshots/nba/latest/1040x760/203914.png,https://cdn.nba.com/logos/nba/1610612743/primary/L/logo.svg
1627750,Jamal Murray,jamal-murray,27,G,6-4,207,"FEB 23, 1997",20.0,R,Kentucky,2016-17,1610612743,DEN,Denver Nuggets,76.0,https://cdn.nba.com/headshots/nba/latest/1040x760/1627750.png,https://cdn.nba.com/logos/nba/1610612743/primary/L/logo.svg
2749,Jameer Nelson,jameer-nelson,1,G,6-0,190,"FEB 09, 1982",35.0,12,St. Joseph's (PA),2016-17,1610612743,DEN,Denver Nuggets,72.0,https://cdn.nba.com/headshots/nba/latest/1040x760/2749.png,https://cdn.nba.com/logos/nba/1610612743/primary/L/logo.svg
1627823,Juancho Hernangomez,juancho-hernangomez,41,F,6-9,230,"SEP 28, 1995",21.0,R,Estudiantes,2016-17,1610612743,DEN,Denver Nuggets,81.0,https://cdn.nba.com/headshots/nba/latest/1040x760/1627823.png,https://cdn.nba.com/logos/nba/1610612743/primary/L/logo.svg
202702,Kenneth Faried,kenneth-faried,35,F,6-8,228,"NOV 19, 1989",27.0,5,Morehead State,2016-17,1610612743,DEN,Denver Nuggets,80.0,https://cdn.nba.com/headshots/nba/latest/1040x760/202702.png,https://cdn.nba.com/logos/nba/1610612743/primary/L/logo.svg
1627736,Malik Beasley,malik-beasley,25,G,6-5,196,"NOV 26, 1996",20.0,R,Florida State,2016-17,1610612743,DEN,Denver Nuggets,77.0,https://cdn.nba.com/headshots/nba/latest/1040x760/1627736.png,https://cdn.nba.com/logos/nba/1610612743/primary/L/logo.svg
203486,Mason Plumlee,mason-plumlee,24,C,6-11,255,"MAR 05, 1990",27.0,3,Duke,2016-17,1610612743,DEN,Denver Nuggets,83.0,https://cdn.nba.com/headshots/nba/latest/1040x760/203486.png,https://cdn.nba.com/logos/nba/1610612743/primary/L/logo.svg
2034,Mike Miller,mike-miller,3,G-F,6-8,218,"FEB 19, 1980",37.0,16,Florida,2016-17,1610612743,DEN,Denver Nuggets,80.0,https://cdn.nba.com/headshots/nba/latest/1040x760/2034.png,https://cdn.nba.com/logos/nba/1610612743/primary/L/logo.svg
203999,Nikola Jokić,nikola-jokić,15,F-C,6-10,250,"FEB 19, 1995",22.0,1,Mega Basket,2016-17,1610612743,DEN,Denver Nuggets,82.0,https://cdn.nba.com/headshots/nba/latest/1040x760/203999.png,https://cdn.nba.com/logos/nba/1610612743/primary/L/logo.svg
201579,Roy Hibbert,roy-hibbert,34,C,7-2,270,"DEC 11, 1986",30.0,8,Georgetown,2016-17,1610612743,DEN,Denver Nuggets,86.0,https://cdn.nba.com/headshots/nba/latest/1040x760/201579.png,https://cdn.nba.com/logos/nba/1610612743/primary/L/logo.svg
203115,Will Barton,will-barton,5,G-F,6-6,175,"JAN 06, 1991",26.0,4,Memphis,2016-17,1610612743,DEN,Denver Nuggets,78.0,https://cdn.nba.com/headshots/nba/latest/1040x760/203115.png,https://cdn.nba.com/logos/nba/1610612743/primary/L/logo.svg
201163,Wilson Chandler,wilson-chandler,21,F,6-8,225,"MAY 10, 1987",30.0,8,DePaul,2016-17,1610612743,DEN,Denver Nuggets,80.0,https://cdn.nba.com/headshots/nba/latest/1040x760/201163.png,https://cdn.nba.com/logos/nba/1610612743/primary/L/logo.svg
203083,Andre Drummond,andre-drummond,0,C,6-11,279,"AUG 10, 1993",23.0,4,Connecticut,2016-17,1610612765,DET,Detroit Pistons,83.0,https://cdn.nba.com/headshots/nba/latest/1040x760/203083.png,https://cdn.nba.com/logos/nba/1610612765/primary/L/logo.svg
203382,Aron Baynes,aron-baynes,12,C-F,6-10,260,"DEC 09, 1986",30.0,4,Washington State,2016-17,1610612765,DET,Detroit Pistons,82.0,https://cdn.nba.com/headshots/nba/latest/1040x760/203382.png,https://cdn.nba.com/logos/nba/1610612765/primary/L/logo.svg
2757,Beno Udrih,beno-udrih,19,G,6-3,205,"JUL 05, 1982",34.0,12,Olimpia Milano,2016-17,1610612765,DET,Detroit Pistons,75.0,https://cdn.nba.com/headshots/nba/latest/1040x760/2757.png,https://cdn.nba.com/logos/nba/1610612765/primary/L/logo.svg
1626246,Boban Marjanovic,boban-marjanovic,51,C,7-3,290,"AUG 15, 1988",28.0,1,Crvena zvezda,2016-17,1610612765,DET,Detroit Pistons,87.0,https://cdn.nba.com/headshots/nba/latest/1040x760/1626246.png,https://cdn.nba.com/logos/nba/1610612765/primary/L/logo.svg
1626199,Darrun Hilliard,darrun-hilliard,6,G-F,6-6,205,"APR 13, 1993",24.0,1,Villanova,2016-17,1610612765,DET,Detroit Pistons,78.0,https://cdn.nba.com/headshots/nba/latest/1040x760/1626199.png,https://cdn.nba.com/logos/nba/1610612765/primary/L/logo.svg
1627740,Henry Ellenson,henry-ellenson,8,F,6-11,245,"JAN 13, 1997",20.0,R,Marquette,2016-17,1610612765,DET,Detroit Pistons,83.0,https://cdn.nba.com/headshots/nba/latest/1040x760/1627740.png,https://cdn.nba.com/logos/nba/1610612765/primary/L/logo.svg
202397,Ish Smith,ish-smith,14,G,6-0,175,"JUL 05, 1988",28.0,6,Wake Forest,2016-17,1610612765,DET,Detroit Pistons,72.0,https://cdn.nba.com/headshots/nba/latest/1040x760/202397.png,https://cdn.nba.com/logos/nba/1610612765/primary/L/logo.svg
202720,Jon Leuer,jon-leuer,30,F,6-10,228,"MAY 14, 1989",28.0,5,Wisconsin,2016-17,1610612765,DET,Detroit Pistons,82.0,https://cdn.nba.com/headshots/nba/latest/1040x760/202720.png,https://cdn.nba.com/logos/nba/1610612765/primary/L/logo.svg
203484,Kentavious Caldwell-Pope,kentavious-caldwell-pope,5,G,6-5,205,"FEB 18, 1993",24.0,3,Georgia,2016-17,1610612765,DET,Detroit Pistons,77.0,https://cdn.nba.com/headshots/nba/latest/1040x760/203484.png,https://cdn.nba.com/logos/nba/1610612765/primary/L/logo.svg
202694,Marcus Morris Sr.,marcus-morris-sr,13,F,6-9,235,"SEP 02, 1989",27.0,5,Kansas,2016-17,1610612765,DET,Detroit Pistons,81.0,https://cdn.nba.com/headshots/nba/latest/1040x760/202694.png,https://cdn.nba.com/logos/nba/1610612765/primary/L/logo.svg
1627771,Michael Gbinije,michael-gbinije,9,G-F,6-7,200,"JUN 05, 1992",25.0,R,Syracuse,2016-17,1610612765,DET,Detroit Pistons,79.0,https://cdn.nba.com/headshots/nba/latest/1040x760/1627771.png,https://cdn.nba.com/logos/nba/1610612765/primary/L/logo.svg
203493,Reggie Bullock Jr.,reggie-bullock-jr,25,F,6-7,205,"MAR 16, 1991",26.0,3,North Carolina,2016-17,1610612765,DET,Detroit Pistons,79.0,https://cdn.nba.com/headshots/nba/latest/1040x760/203493.png,https://cdn.nba.com/logos/nba/1610612765/primary/L/logo.svg
202704,Reggie Jackson,reggie-jackson,1,G,6-3,208,"APR 16, 1990",27.0,5,Boston College,2016-17,1610612765,DET,Detroit Pistons,75.0,https://cdn.nba.com/headshots/nba/latest/1040x760/202704.png,https://cdn.nba.com/logos/nba/1610612765/primary/L/logo.svg
1626169,Stanley Johnson,stanley-johnson,7,F,6-7,245,"MAY 29, 1996",21.0,1,Arizona,2016-17,1610612765,DET,Detroit Pistons,79.0,https://cdn.nba.com/headshots/nba/latest/1040x760/1626169.png,https://cdn.nba.com/logos/nba/1610612765/primary/L/logo.svg
202699,Tobias Harris,tobias-harris,34,F,6-9,235,"JUL 15, 1992",24.0,5,Tennessee,2016-17,1610612765,DET,Detroit Pistons,81.0,https://cdn.nba.com/headshots/nba/latest/1040x760/202699.png,https://cdn.nba.com/logos/nba/1610612765/primary/L/logo.svg
2738,Andre Iguodala,andre-iguodala,9,G-F,6-6,215,"JAN 28, 1984",33.0,12,Arizona,2016-17,1610612744,GSW,Golden State Warriors,78.0,https://cdn.nba.com/headshots/nba/latest/1040x760/2738.png,https://cdn.nba.com/logos/nba/1610612744/primary/L/logo.svg
1627745,Damian Jones,damian-jones,15,C,7-0,245,"JUN 30, 1995",22.0,R,Vanderbilt,2016-17,1610612744,GSW,Golden State Warriors,84.0,https://cdn.nba.com/headshots/nba/latest/1040x760/1627745.png,https://cdn.nba.com/logos/nba/1610612744/primary/L/logo.svg
2561,David West,david-west,3,F,6-9,250,"AUG 29, 1980",36.0,13,Xavier,2016-17,1610612744,GSW,Golden State Warriors,81.0,https://cdn.nba.com/headshots/nba/latest/1040x760/2561.png,https://cdn.nba.com/logos/nba/1610612744/primary/L/logo.svg
203110,Draymond Green,draymond-green,23,F,6-7,230,"MAR 04, 1990",27.0,4,Michigan State,2016-17,1610612744,GSW,Golden State Warriors,79.0,https://cdn.nba.com/headshots/nba/latest/1040x760/203110.png,https://cdn.nba.com/logos/nba/1610612744/primary/L/logo.svg
203546,Ian Clark,ian-clark,21,G,6-3,175,"MAR 07, 1991",26.0,3,Belmont,2016-17,1610612744,GSW,Golden State Warriors,75.0,https://cdn.nba.com/headshots/nba/latest/1040x760/203546.png,https://cdn.nba.com/logos/nba/1610612744/primary/L/logo.svg
201580,JaVale McGee,javale-mcgee,1,C,7-0,270,"JAN 19, 1988",29.0,8,Nevada,2016-17,1610612744,GSW,Golden State Warriors,84.0,https://cdn.nba.com/headshots/nba/latest/1040x760/201580.png,https://cdn.nba.com/logos/nba/1610612744/primary/L/logo.svg
203949,James Michael McAdoo,james-michael-mcadoo,20,F,6-9,240,"JAN 04, 1993",24.0,2,North Carolina,2016-17,1610612744,GSW,Golden State Warriors,81.0,https://cdn.nba.com/headshots/nba/latest/1040x760/203949.png,https://cdn.nba.com/logos/nba/1610612744/primary/L/logo.svg
201142,Kevin Durant,kevin-durant,35,F,6-9,240,"SEP 29, 1988",28.0,9,Texas,2016-17,1610612744,GSW,Golden State Warriors,81.0,https://cdn.nba.com/headshots/nba/latest/1040x760/201142.png,https://cdn.nba.com/logos/nba/1610612744/primary/L/logo.svg
1626172,Kevon Looney,kevon-looney,5,F,6-9,220,"FEB 06, 1996",21.0,1,UCLA,2016-17,1610612744,GSW,Golden State Warriors,81.0,https://cdn.nba.com/headshots/nba/latest/1040x760/1626172.png,https://cdn.nba.com/logos/nba/1610612744/primary/L/logo.svg
202691,Klay Thompson,klay-thompson,11,G,6-7,215,"FEB 08, 1990",27.0,5,Washington State,2016-17,1610612744,GSW,Golden State Warriors,79.0,https://cdn.nba.com/headshots/nba/latest/1040x760/202691.png,https://cdn.nba.com/logos/nba/1610612744/primary/L/logo.svg
2440,Matt Barnes,matt-barnes,22,F,6-7,226,"MAR 09, 1980",37.0,13,UCLA,2016-17,1610612744,GSW,Golden State Warriors,79.0,https://cdn.nba.com/headshots/nba/latest/1040x760/2440.png,https://cdn.nba.com/logos/nba/1610612744/primary/L/logo.svg
1627775,Patrick McCaw,patrick-mccaw,0,G,6-7,185,"OCT 25, 1995",21.0,R,UNLV,2016-17,1610612744,GSW,Golden State Warriors,79.0,https://cdn.nba.com/headshots/nba/latest/1040x760/1627775.png,https://cdn.nba.com/logos/nba/1610612744/primary/L/logo.svg
2733,Shaun Livingston,shaun-livingston,34,G,6-7,192,"SEP 11, 1985",31.0,11,Peoria Central HS (IL),2016-17,1610612744,GSW,Golden State Warriors,79.0,https://cdn.nba.com/headshots/nba/latest/1040x760/2733.png,https://cdn.nba.com/logos/nba/1610612744/primary/L/logo.svg
201939,Stephen Curry,stephen-curry,30,G,6-3,190,"MAR 14, 1988",29.0,7,Davidson,2016-17,1610612744,GSW,Golden State Warriors,75.0,https://cdn.nba.com/headshots/nba/latest/1040x760/201939.png,https://cdn.nba.com/logos/nba/1610612744/primary/L/logo.svg
2585,Zaza Pachulia,zaza-pachulia,27,C,6-11,275,"FEB 10, 1984",33.0,13,Ulkerspor,2016-17,1610612744,GSW,Golden State Warriors,83.0,https://cdn.nba.com/headshots/nba/latest/1040x760/2585.png,https://cdn.nba.com/logos/nba/1610612744/primary/L/logo.svg
201628,Bobby Brown,bobby-brown,8,G,6-2,175,"SEP 24, 1984",32.0,2,Cal State-Fullerton,2016-17,1610612745,HOU,Houston Rockets,74.0,https://cdn.nba.com/headshots/nba/latest/1040x760/201628.png,https://cdn.nba.com/logos/nba/1610612745/primary/L/logo.svg
1627778,Chinanu Onuaku,chinanu-onuaku,21,F-C,6-10,245,"NOV 01, 1996",20.0,R,Louisville,2016-17,1610612745,HOU,Houston Rockets,82.0,https://cdn.nba.com/headshots/nba/latest/1040x760/1627778.png,https://cdn.nba.com/logos/nba/1610612745/primary/L/logo.svg
203991,Clint Capela,clint-capela,15,C,6-10,240,"MAY 18, 1994",23.0,2,Elan Chalon,2016-17,1610612745,HOU,Houston Rockets,82.0,https://cdn.nba.com/headshots/nba/latest/1040x760/203991.png,https://cdn.nba.com/logos/nba/1610612745/primary/L/logo.svg
201569,Eric Gordon,eric-gordon,10,G,6-4,215,"DEC 25, 1988",28.0,8,Indiana,2016-17,1610612745,HOU,Houston Rockets,76.0,https://cdn.nba.com/headshots/nba/latest/1040x760/201569.png,https://cdn.nba.com/logos/nba/1610612745/primary/L/logo.svg
1627819,Isaiah Taylor,isaiah-taylor,17,G,6-3,170,"JUL 11, 1994",22.0,R,Texas,2016-17,1610612745,HOU,Houston Rockets,75.0,https://cdn.nba.com/headshots/nba/latest/1040x760/1627819.png,https://cdn.nba.com/logos/nba/1610612745/primary/L/logo.svg
201935,James Harden,james-harden,13,G,6-5,220,"AUG 26, 1989",27.0,7,Arizona State,2016-17,1610612745,HOU,Houston Rockets,77.0,https://cdn.nba.com/headshots/nba/latest/1040x760/201935.png,https://cdn.nba.com/logos/nba/1610612745/primary/L/logo.svg
1627787,Kyle Wiltjer,kyle-wiltjer,30,F,6-10,240,"OCT 20, 1992",24.0,R,Gonzaga,2016-17,1610612745,HOU,Houston Rockets,82.0,https://cdn.nba.com/headshots/nba/latest/1040x760/1627787.png,https://cdn.nba.com/logos/nba/1610612745/primary/L/logo.svg
101150,Lou Williams,lou-williams,12,G,6-1,175,"OCT 27, 1986",30.0,11,South Gwinnett HS (GA),2016-17,1610612745,HOU,Houston Rockets,73.0,https://cdn.nba.com/headshots/nba/latest/1040x760/101150.png,https://cdn.nba.com/logos/nba/1610612745/primary/L/logo.svg
1626149,Montrezl Harrell,montrezl-harrell,5,F,6-8,240,"JAN 26, 1994",23.0,1,Louisville,2016-17,1610612745,HOU,Houston Rockets,80.0,https://cdn.nba.com/headshots/nba/latest/1040x760/1626149.png,https://cdn.nba.com/logos/nba/1610612745/primary/L/logo.svg
2403,Nene,nene-hilario,42,C-F,6-11,250,"SEP 13, 1982",34.0,14,Vasco de Gama,2016-17,1610612745,HOU,Houston Rockets,83.0,https://cdn.nba.com/headshots/nba/latest/1040x760/2403.png,https://cdn.nba.com/logos/nba/1610612745/primary/L/logo.svg
201976,Patrick Beverley,patrick-beverley,2,G,6-1,185,"JUL 12, 1988",28.0,4,Arkansas,2016-17,1610612745,HOU,Houston Rockets,73.0,https://cdn.nba.com/headshots/nba/latest/1040x760/201976.png,https://cdn.nba.com/logos/nba/1610612745/primary/L/logo.svg
201583,Ryan Anderson,ryan-anderson,3,F,6-10,240,"MAY 06, 1988",29.0,8,California,2016-17,1610612745,HOU,Houston Rockets,82.0,https://cdn.nba.com/headshots/nba/latest/1040x760/201583.png,https://cdn.nba.com/logos/nba/1610612745/primary/L/logo.svg
1626155,Sam Dekker,sam-dekker,7,F,6-9,230,"MAY 06, 1994",23.0,1,Wisconsin,2016-17,1610612745,HOU,Houston Rockets,81.0,https://cdn.nba.com/headshots/nba/latest/1040x760/1626155.png,https://cdn.nba.com/logos/nba/1610612745/primary/L/logo.svg
2772,Trevor Ariza,trevor-ariza,1,F,6-8,215,"JUN 30, 1985",32.0,12,UCLA,2016-17,1610612745,HOU,Houston Rockets,80.0,https://cdn.nba.com/headshots/nba/latest/1040x760/2772.png,https://cdn.nba.com/logos/nba/1610612745/primary/L/logo.svg
1627786,Troy Williams,troy-williams,14,F,6-7,210,"DEC 30, 1994",22.0,R,Indiana,2016-17,1610612745,HOU,Houston Rockets,79.0,https://cdn.nba.com/headshots/nba/latest/1040x760/1627786.png,https://cdn.nba.com/logos/nba/1610612745/primary/L/logo.svg
201166,Aaron Brooks,aaron-brooks,00,G,6-0,161,"JAN 14, 1985",32.0,8,Oregon,2016-17,1610612754,IND,Indiana Pacers,72.0,https://cdn.nba.com/headshots/nba/latest/1040x760/201166.png,https://cdn.nba.com/logos/nba/1610612754/primary/L/logo.svg
2744,Al Jefferson,al-jefferson,7,C,6-10,289,"JAN 04, 1985",32.0,12,No College,2016-17,1610612754,IND,Indiana Pacers,82.0,https://cdn.nba.com/headshots/nba/latest/1040x760/2744.png,https://cdn.nba.com/logos/nba/1610612754/primary/L/logo.svg
101139,CJ Miles,cj-miles,0,F-G,6-6,225,"MAR 18, 1987",30.0,11,Skyline HS (TX),2016-17,1610612754,IND,Indiana Pacers,78.0,https://cdn.nba.com/headshots/nba/latest/1040x760/101139.png,https://cdn.nba.com/logos/nba/1610612754/primary/L/logo.svg
1627777,Georges Niang,georges-niang,32,F,6-8,230,"JUN 17, 1993",24.0,R,Iowa State,2016-17,1610612754,IND,Indiana Pacers,80.0,https://cdn.nba.com/headshots/nba/latest/1040x760/1627777.png,https://cdn.nba.com/logos/nba/1610612754/primary/L/logo.svg
203922,Glenn Robinson III,glenn-robinson-iii,40,G-F,6-6,222,"JAN 08, 1994",23.0,2,Michigan,2016-17,1610612754,IND,Indiana Pacers,78.0,https://cdn.nba.com/headshots/nba/latest/1040x760/203922.png,https://cdn.nba.com/logos/nba/1610612754/primary/L/logo.svg
201952,Jeff Teague,jeff-teague,44,G,6-2,186,"JUN 10, 1988",29.0,7,Wake Forest,2016-17,1610612754,IND,Indiana Pacers,74.0,https://cdn.nba.com/headshots/nba/latest/1040x760/201952.png,https://cdn.nba.com/logos/nba/1610612754/primary/L/logo.svg
1626202,Joe Young,joe-young,3,G,6-2,180,"JUN 27, 1992",25.0,1,Oregon,2016-17,1610612754,IND,Indiana Pacers,74.0,https://cdn.nba.com/headshots/nba/latest/1040x760/1626202.png,https://cdn.nba.com/logos/nba/1610612754/primary/L/logo.svg
202338,Kevin Seraphin,kevin-seraphin,1,F-C,6-10,278,"DEC 07, 1989",27.0,6,Cholet,2016-17,1610612754,IND,Indiana Pacers,82.0,https://cdn.nba.com/headshots/nba/latest/1040x760/202338.png,https://cdn.nba.com/logos/nba/1610612754/primary/L/logo.svg
202362,Lance Stephenson,lance-stephenson,6,G,6-5,230,"SEP 05, 1990",26.0,6,Cincinnati,2016-17,1610612754,IND,Indiana Pacers,77.0,https://cdn.nba.com/headshots/nba/latest/1040x760/202362.png,https://cdn.nba.com/logos/nba/1610612754/primary/L/logo.svg
202730,Lavoy Allen,lavoy-allen,5,F-C,6-9,260,"FEB 04, 1989",28.0,5,Temple,2016-17,1610612754,IND,Indiana Pacers,81.0,https://cdn.nba.com/headshots/nba/latest/1040x760/202730.png,https://cdn.nba.com/logos/nba/1610612754/primary/L/logo.svg
101145,Monta Ellis,monta-ellis,11,G,6-3,185,"OCT 26, 1985",31.0,11,Lanier HS (MS),2016-17,1610612754,IND,Indiana Pacers,75.0,https://cdn.nba.com/headshots/nba/latest/1040x760/101145.png,https://cdn.nba.com/logos/nba/1610612754/primary/L/logo.svg
1626167,Myles Turner,myles-turner,33,C,6-11,243,"MAR 24, 1996",21.0,1,Texas,2016-17,1610612754,IND,Indiana Pacers,83.0,https://cdn.nba.com/headshots/nba/latest/1040x760/1626167.png,https://cdn.nba.com/logos/nba/1610612754/primary/L/logo.svg
202331,Paul George,paul-george,13,F,6-9,220,"MAY 02, 1990",27.0,6,Fresno State,2016-17,1610612754,IND,Indiana Pacers,81.0,https://cdn.nba.com/headshots/nba/latest/1040x760/202331.png,https://cdn.nba.com/logos/nba/1610612754/primary/L/logo.svg
1626176,Rakeem Christmas,rakeem-christmas,25,F,6-9,250,"DEC 01, 1991",25.0,1,Syracuse,2016-17,1610612754,IND,Indiana Pacers,81.0,https://cdn.nba.com/headshots/nba/latest/1040x760/1626176.png,https://cdn.nba.com/logos/nba/1610612754/primary/L/logo.svg
201152,Thaddeus Young,thaddeus-young,21,F,6-8,221,"JUN 21, 1988",29.0,9,Georgia Tech,2016-17,1610612754,IND,Indiana Pacers,80.0,https://cdn.nba.com/headshots/nba/latest/1040x760/201152.png,https://cdn.nba.com/logos/nba/1610612754/primary/L/logo.svg
101187,Alan Anderson,alan-anderson,9,F-G,6-6,220,"OCT 16, 1982",34.0,7,Michigan State,2016-17,1610612746,LAC,Los Angeles Clippers,78.0,https://cdn.nba.com/headshots/nba/latest/1040x760/101187.png,https://cdn.nba.com/logos/nba/1610612746/primary/L/logo.svg
203085,Austin Rivers,austin-rivers,25,G,6-4,200,"AUG 01, 1992",24.0,4,Duke,2016-17,1610612746,LAC,Los Angeles Clippers,76.0,https://cdn.nba.com/headshots/nba/latest/1040x760/203085.png,https://cdn.nba.com/logos/nba/1610612746/primary/L/logo.svg
201933,Blake Griffin,blake-griffin,32,F,6-10,251,"MAR 16, 1989",28.0,6,Oklahoma,2016-17,1610612746,LAC,Los Angeles Clippers,82.0,https://cdn.nba.com/headshots/nba/latest/1040x760/201933.png,https://cdn.nba.com/logos/nba/1610612746/primary/L/logo.svg
101138,Brandon Bass,brandon-bass,30,F,6-8,250,"APR 30, 1985",32.0,11,Louisiana State,2016-17,1610612746,LAC,Los Angeles Clippers,80.0,https://cdn.nba.com/headshots/nba/latest/1040x760/101138.png,https://cdn.nba.com/logos/nba/1610612746/primary/L/logo.svg
1627744,Brice Johnson,brice-johnson,10,F,6-10,230,"JUN 27, 1994",23.0,R,North Carolina,2016-17,1610612746,LAC,Los Angeles Clippers,82.0,https://cdn.nba.com/headshots/nba/latest/1040x760/1627744.png,https://cdn.nba.com/logos/nba/1610612746/primary/L/logo.svg
101108,Chris Paul,chris-paul,3,G,6-0,175,"MAY 06, 1985",32.0,11,Wake Forest,2016-17,1610612746,LAC,Los Angeles Clippers,72.0,https://cdn.nba.com/headshots/nba/latest/1040x760/101108.png,https://cdn.nba.com/logos/nba/1610612746/primary/L/logo.svg
201599,DeAndre Jordan,deandre-jordan,6,C,6-11,265,"JUL 21, 1988",28.0,8,Texas A&M,2016-17,1610612746,LAC,Los Angeles Clippers,83.0,https://cdn.nba.com/headshots/nba/latest/1040x760/201599.png,https://cdn.nba.com/logos/nba/1610612746/primary/L/logo.svg
1627754,Diamond Stone,diamond-stone,0,C,6-11,255,"FEB 10, 1997",20.0,R,Maryland,2016-17,1610612746,LAC,Los Angeles Clippers,83.0,https://cdn.nba.com/headshots/nba/latest/1040x760/1627754.png,https://cdn.nba.com/logos/nba/1610612746/primary/L/logo.svg
200755,JJ Redick,jj-redick,4,G,6-4,190,"JUN 24, 1984",33.0,10,Duke,2016-17,1610612746,LAC,Los Angeles Clippers,76.0,https://cdn.nba.com/headshots/nba/latest/1040x760/200755.png,https://cdn.nba.com/logos/nba/1610612746/primary/L/logo.svg
2037,Jamal Crawford,jamal-crawford,11,G,6-5,195,"MAR 20, 1980",37.0,16,Michigan,2016-17,1610612746,LAC,Los Angeles Clippers,77.0,https://cdn.nba.com/headshots/nba/latest/1040x760/2037.png,https://cdn.nba.com/logos/nba/1610612746/primary/L/logo.svg
201601,Luc Mbah a Moute,luc-mbah-a-moute,12,F,6-8,230,"SEP 09, 1986",30.0,8,UCLA,2016-17,1610612746,LAC,Los Angeles Clippers,80.0,https://cdn.nba.com/headshots/nba/latest/1040x760/201601.png,https://cdn.nba.com/logos/nba/1610612746/primary/L/logo.svg
201578,Marreese Speights,marreese-speights,5,F-C,6-10,255,"AUG 04, 1987",29.0,8,Florida,2016-17,1610612746,LAC,Los Angeles Clippers,82.0,https://cdn.nba.com/headshots/nba/latest/1040x760/201578.png,https://cdn.nba.com/logos/nba/1610612746/primary/L/logo.svg
1718,Paul Pierce,paul-pierce,34,F,6-7,235,"OCT 13, 1977",39.0,18,Kansas,2016-17,1610612746,LAC,Los Angeles Clippers,79.0,https://cdn.nba.com/headshots/nba/latest/1040x760/1718.png,https://cdn.nba.com/logos/nba/1610612746/primary/L/logo.svg
101109,Raymond Felton,raymond-felton,2,G,6-1,205,"JUN 26, 1984",33.0,11,North Carolina,2016-17,1610612746,LAC,Los Angeles Clippers,73.0,https://cdn.nba.com/headshots/nba/latest/1040x760/101109.png,https://cdn.nba.com/logos/nba/1610612746/primary/L/logo.svg
202325,Wesley Johnson,wesley-johnson,33,F,6-7,215,"JUL 11, 1987",29.0,6,Syracuse,2016-17,1610612746,LAC,Los Angeles Clippers,79.0,https://cdn.nba.com/headshots/nba/latest/1040x760/202325.png,https://cdn.nba.com/logos/nba/1610612746/primary/L/logo.svg
1627742,Brandon Ingram,brandon-ingram,14,F,6-9,190,"SEP 02, 1997",19.0,R,Duke,2016-17,1610612747,LAL,Los Angeles Lakers,81.0,https://cdn.nba.com/headshots/nba/latest/1040x760/1627742.png,https://cdn.nba.com/logos/nba/1610612747/primary/L/logo.svg
201147,Corey Brewer,corey-brewer,3,F,6-9,186,"MAR 05, 1986",31.0,9,Florida,2016-17,1610612747,LAL,Los Angeles Lakers,81.0,https://cdn.nba.com/headshots/nba/latest/1040x760/201147.png,https://cdn.nba.com/logos/nba/1610612747/primary/L/logo.svg
1626156,D'Angelo Russell,dangelo-russell,1,G,6-5,195,"FEB 23, 1996",21.0,1,Ohio State,2016-17,1610612747,LAL,Los Angeles Lakers,77.0,https://cdn.nba.com/headshots/nba/latest/1040x760/1626156.png,https://cdn.nba.com/logos/nba/1610612747/primary/L/logo.svg
1628021,David Nwaba,david-nwaba,10,G,6-4,209,"JAN 14, 1993",24.0,R,Cal Poly-Obispo,2016-17,1610612747,LAL,Los Angeles Lakers,76.0,https://cdn.nba.com/headshots/nba/latest/1040x760/1628021.png,https://cdn.nba.com/logos/nba/1610612747/primary/L/logo.svg
1627826,Ivica Zubac,ivica-zubac,40,C,7-1,240,"MAR 18, 1997",20.0,R,Mega Basket,2016-17,1610612747,LAL,Los Angeles Lakers,85.0,https://cdn.nba.com/headshots/nba/latest/1040x760/1627826.png,https://cdn.nba.com/logos/nba/1610612747/primary/L/logo.svg
203903,Jordan Clarkson,jordan-clarkson,6,G,6-5,194,"JUN 07, 1992",25.0,2,Missouri,2016-17,1610612747,LAL,Los Angeles Lakers,77.0,https://cdn.nba.com/headshots/nba/latest/1040x760/203903.png,https://cdn.nba.com/logos/nba/1610612747/primary/L/logo.svg
203944,Julius Randle,julius-randle,30,F,6-9,250,"NOV 29, 1994",22.0,2,Kentucky,2016-17,1610612747,LAL,Los Angeles Lakers,81.0,https://cdn.nba.com/headshots/nba/latest/1040x760/203944.png,https://cdn.nba.com/logos/nba/1610612747/primary/L/logo.svg
1626204,Larry Nance Jr.,larry-nance-jr,7,F,6-9,230,"JAN 01, 1993",24.0,1,Wyoming,2016-17,1610612747,LAL,Los Angeles Lakers,81.0,https://cdn.nba.com/headshots/nba/latest/1040x760/1626204.png,https://cdn.nba.com/logos/nba/1610612747/primary/L/logo.svg
2736,Luol Deng,luol-deng,9,F,6-9,220,"APR 16, 1985",32.0,12,Duke,2016-17,1610612747,LAL,Los Angeles Lakers,81.0,https://cdn.nba.com/headshots/nba/latest/1040x760/2736.png,https://cdn.nba.com/logos/nba/1610612747/primary/L/logo.svg
1897,Metta World Peace,metta-world-peace,37,F,6-7,260,"NOV 13, 1979",37.0,16,St. John's (NY),2016-17,1610612747,LAL,Los Angeles Lakers,79.0,https://cdn.nba.com/headshots/nba/latest/1040x760/1897.png,https://cdn.nba.com/logos/nba/1610612747/primary/L/logo.svg
201156,Nick Young,nick-young,0,G-F,6-7,210,"JUN 01, 1985",32.0,9,Southern California,2016-17,1610612747,LAL,Los Angeles Lakers,79.0,https://cdn.nba.com/headshots/nba/latest/1040x760/201156.png,https://cdn.nba.com/logos/nba/1610612747/primary/L/logo.svg
204028,Tarik Black,tarik-black,28,C-F,6-9,250,"NOV 22, 1991",25.0,2,Kansas,2016-17,1610612747,LAL,Los Angeles Lakers,81.0,https://cdn.nba.com/headshots/nba/latest/1040x760/204028.png,https://cdn.nba.com/logos/nba/1610612747/primary/L/logo.svg
203080,Thomas Robinson,thomas-robinson,15,F,6-10,237,"MAR 17, 1991",26.0,4,Kansas,2016-17,1610612747,LAL,Los Angeles Lakers,82.0,https://cdn.nba.com/headshots/nba/latest/1040x760/203080.png,https://cdn.nba.com/logos/nba/1610612747/primary/L/logo.svg
202389,Timofey Mozgov,timofey-mozgov,20,C,7-1,275,"JUL 16, 1986",30.0,6,Khimki,2016-17,1610612747,LAL,Los Angeles Lakers,85.0,https://cdn.nba.com/headshots/nba/latest/1040x760/202389.png,https://cdn.nba.com/logos/nba/1610612747/primary/L/logo.svg
203898,Tyler Ennis,tyler-ennis,11,G,6-3,194,"AUG 24, 1994",22.0,2,Syracuse,2016-17,1610612747,LAL,Los Angeles Lakers,75.0,https://cdn.nba.com/headshots/nba/latest/1040x760/203898.png,https://cdn.nba.com/logos/nba/1610612747/primary/L/logo.svg
1626150,Andrew Harrison,andrew-harrison,5,G,6-6,213,"OCT 28, 1994",22.0,R,Kentucky,2016-17,1610612763,MEM,Memphis Grizzlies,78.0,https://cdn.nba.com/headshots/nba/latest/1040x760/1626150.png,https://cdn.nba.com/logos/nba/1610612763/primary/L/logo.svg
201148,Brandan Wright,brandan-wright,34,F,6-10,210,"OCT 05, 1987",29.0,8,North Carolina,2016-17,1610612763,MEM,Memphis Grizzlies,82.0,https://cdn.nba.com/headshots/nba/latest/1040x760/201148.png,https://cdn.nba.com/logos/nba/1610612763/primary/L/logo.svg
202718,Chandler Parsons,chandler-parsons,25,F,6-10,230,"OCT 25, 1988",28.0,5,Florida,2016-17,1610612763,MEM,Memphis Grizzlies,82.0,https://cdn.nba.com/headshots/nba/latest/1040x760/202718.png,https://cdn.nba.com/logos/nba/1610612763/primary/L/logo.svg
1627738,Deyonta Davis,deyonta-davis,23,F,6-10,240,"DEC 02, 1996",20.0,R,Michigan State,2016-17,1610612763,MEM,Memphis Grizzlies,82.0,https://cdn.nba.com/headshots/nba/latest/1040x760/1627738.png,https://cdn.nba.com/logos/nba/1610612763/primary/L/logo.svg
203210,JaMychal Green,jamychal-green,0,F,6-9,227,"JUN 21, 1990",27.0,2,Alabama,2016-17,1610612763,MEM,Memphis Grizzlies,81.0,https://cdn.nba.com/headshots/nba/latest/1040x760/203210.png,https://cdn.nba.com/logos/nba/1610612763/primary/L/logo.svg
203516,James Ennis III,james-ennis-iii,8,F,6-7,210,"JUL 01, 1990",26.0,2,Cal State-Long Beach,2016-17,1610612763,MEM,Memphis Grizzlies,79.0,https://cdn.nba.com/headshots/nba/latest/1040x760/203516.png,https://cdn.nba.com/logos/nba/1610612763/primary/L/logo.svg
1626185,Jarell Martin,jarell-martin,1,F,6-10,239,"MAY 24, 1994",23.0,1,Louisiana State,2016-17,1610612763,MEM,Memphis Grizzlies,82.0,https://cdn.nba.com/headshots/nba/latest/1040x760/1626185.png,https://cdn.nba.com/logos/nba/1610612763/primary/L/logo.svg
201188,Marc Gasol,marc-gasol,33,C,7-1,255,"JAN 29, 1985",32.0,8,FC Barcelona,2016-17,1610612763,MEM,Memphis Grizzlies,85.0,https://cdn.nba.com/headshots/nba/latest/1040x760/201188.png,https://cdn.nba.com/logos/nba/1610612763/primary/L/logo.svg
201144,Mike Conley,mike-conley,11,G,6-1,175,"OCT 11, 1987",29.0,9,Ohio State,2016-17,1610612763,MEM,Memphis Grizzlies,73.0,https://cdn.nba.com/headshots/nba/latest/1040x760/201144.png,https://cdn.nba.com/logos/nba/1610612763/primary/L/logo.svg
2754,Tony Allen,tony-allen,9,G-F,6-4,213,"JAN 11, 1982",35.0,12,Oklahoma State,2016-17,1610612763,MEM,Memphis Grizzlies,76.0,https://cdn.nba.com/headshots/nba/latest/1040x760/2754.png,https://cdn.nba.com/logos/nba/1610612763/primary/L/logo.svg
203584,Troy Daniels,troy-daniels,30,G,6-4,205,"JUL 15, 1991",25.0,3,Va Commonwealth,2016-17,1610612763,MEM,Memphis Grizzlies,76.0,https://cdn.nba.com/headshots/nba/latest/1040x760/203584.png,https://cdn.nba.com/logos/nba/1610612763/primary/L/logo.svg
1713,Vince Carter,vince-carter,15,G-F,6-6,220,"JAN 26, 1977",40.0,18,North Carolina,2016-17,1610612763,MEM,Memphis Grizzlies,78.0,https://cdn.nba.com/headshots/nba/latest/1040x760/1713.png,https://cdn.nba.com/logos/nba/1610612763/primary/L/logo.svg
1627735,Wade Baldwin IV,wade-baldwin-iv,4,G,6-4,202,"MAR 29, 1996",21.0,R,Vanderbilt,2016-17,1610612763,MEM,Memphis Grizzlies,76.0,https://cdn.nba.com/headshots/nba/latest/1040x760/1627735.png,https://cdn.nba.com/logos/nba/1610612763/primary/L/logo.svg
1627782,Wayne Selden,wayne-selden,7,G,6-5,230,"SEP 30, 1994",22.0,R,Kansas,2016-17,1610612763,MEM,Memphis Grizzlies,77.0,https://cdn.nba.com/headshots/nba/latest/1040x760/1627782.png,https://cdn.nba.com/logos/nba/1610612763/primary/L/logo.svg
2216,Zach Randolph,zach-randolph,50,F,6-9,260,"JUL 16, 1981",35.0,15,Michigan State,2016-17,1610612763,MEM,Memphis Grizzlies,81.0,https://cdn.nba.com/headshots/nba/latest/1040x760/2216.png,https://cdn.nba.com/logos/nba/1610612763/primary/L/logo.svg
2547,Chris Bosh,chris-bosh,1,F,6-11,235,"MAR 24, 1984",33.0,13,Georgia Tech,2016-17,1610612748,MIA,Miami Heat,83.0,https://cdn.nba.com/headshots/nba/latest/1040x760/2547.png,https://cdn.nba.com/logos/nba/1610612748/primary/L/logo.svg
203079,Dion Waiters,dion-waiters,11,G,6-4,220,"DEC 10, 1991",25.0,4,Syracuse,2016-17,1610612748,MIA,Miami Heat,76.0,https://cdn.nba.com/headshots/nba/latest/1040x760/203079.png,https://cdn.nba.com/logos/nba/1610612748/primary/L/logo.svg
201609,Goran Dragic,goran-dragic,7,G,6-3,190,"MAY 06, 1986",31.0,8,Union Olimpija,2016-17,1610612748,MIA,Miami Heat,75.0,https://cdn.nba.com/headshots/nba/latest/1040x760/201609.png,https://cdn.nba.com/logos/nba/1610612748/primary/L/logo.svg
202355,Hassan Whiteside,hassan-whiteside,21,C,7-0,265,"JUN 13, 1989",28.0,4,Marshall,2016-17,1610612748,MIA,Miami Heat,84.0,https://cdn.nba.com/headshots/nba/latest/1040x760/202355.png,https://cdn.nba.com/logos/nba/1610612748/primary/L/logo.svg
201949,James Johnson,james-johnson,16,F,6-9,250,"FEB 20, 1987",30.0,7,Wake Forest,2016-17,1610612748,MIA,Miami Heat,81.0,https://cdn.nba.com/headshots/nba/latest/1040x760/201949.png,https://cdn.nba.com/logos/nba/1610612748/primary/L/logo.svg
201177,Josh McRoberts,josh-mcroberts,4,F,6-10,240,"FEB 28, 1987",30.0,9,Duke,2016-17,1610612748,MIA,Miami Heat,82.0,https://cdn.nba.com/headshots/nba/latest/1040x760/201177.png,https://cdn.nba.com/logos/nba/1610612748/primary/L/logo.svg
1626196,Josh Richardson,josh-richardson,0,G,6-6,200,"SEP 15, 1993",23.0,1,Tennessee,2016-17,1610612748,MIA,Miami Heat,78.0,https://cdn.nba.com/headshots/nba/latest/1040x760/1626196.png,https://cdn.nba.com/logos/nba/1610612748/primary/L/logo.svg
1626159,Justise Winslow,justise-winslow,20,F,6-7,225,"MAR 26, 1996",21.0,1,Duke,2016-17,1610612748,MIA,Miami Heat,79.0,https://cdn.nba.com/headshots/nba/latest/1040x760/1626159.png,https://cdn.nba.com/logos/nba/1610612748/primary/L/logo.svg
202337,Luke Babbitt,luke-babbitt,5,F,6-9,225,"JUN 20, 1989",28.0,6,Nevada,2016-17,1610612748,MIA,Miami Heat,81.0,https://cdn.nba.com/headshots/nba/latest/1040x760/202337.png,https://cdn.nba.com/logos/nba/1610612748/primary/L/logo.svg
1627855,Okaro White,okaro-white,15,F,6-8,204,"AUG 13, 1992",24.0,R,Florida State,2016-17,1610612748,MIA,Miami Heat,80.0,https://cdn.nba.com/headshots/nba/latest/1040x760/1627855.png,https://cdn.nba.com/logos/nba/1610612748/primary/L/logo.svg
203585,Rodney McGruder,rodney-mcgruder,17,G,6-4,205,"JUL 29, 1991",25.0,R,Kansas State,2016-17,1610612748,MIA,Miami Heat,76.0,https://cdn.nba.com/headshots/nba/latest/1040x760/203585.png,https://cdn.nba.com/logos/nba/1610612748/primary/L/logo.svg
204020,Tyler Johnson,tyler-johnson,8,G,6-4,186,"MAY 07, 1992",25.0,2,Fresno State,2016-17,1610612748,MIA,Miami Heat,76.0,https://cdn.nba.com/headshots/nba/latest/1040x760/204020.png,https://cdn.nba.com/logos/nba/1610612748/primary/L/logo.svg
2617,Udonis Haslem,udonis-haslem,40,F,6-8,235,"JUN 09, 1980",37.0,13,Florida,2016-17,1610612748,MIA,Miami Heat,80.0,https://cdn.nba.com/headshots/nba/latest/1040x760/2617.png,https://cdn.nba.com/logos/nba/1610612748/primary/L/logo.svg
201961,Wayne Ellington,wayne-ellington,2,G,6-4,200,"NOV 29, 1987",29.0,7,North Carolina,2016-17,1610612748,MIA,Miami Heat,76.0,https://cdn.nba.com/headshots/nba/latest/1040x760/201961.png,https://cdn.nba.com/logos/nba/1610612748/primary/L/logo.svg
203186,Willie Reed,willie-reed,35,F-C,6-11,245,"MAY 16, 1990",27.0,1,St. Louis,2016-17,1610612748,MIA,Miami Heat,83.0,https://cdn.nba.com/headshots/nba/latest/1040x760/203186.png,https://cdn.nba.com/logos/nba/1610612748/primary/L/logo.svg
1627780,Gary Payton II,gary-payton-ii,0,G,6-3,190,"DEC 01, 1992",24.0,R,Oregon State,2016-17,1610612749,MIL,Milwaukee Bucks,75.0,https://cdn.nba.com/headshots/nba/latest/1040x760/1627780.png,https://cdn.nba.com/logos/nba/1610612749/primary/L/logo.svg
203507,Giannis Antetokounmpo,giannis-antetokounmpo,34,F-G,6-11,222,"DEC 06, 1994",22.0,3,Filathlitikos,2016-17,1610612749,MIL,Milwaukee Bucks,83.0,https://cdn.nba.com/headshots/nba/latest/1040x760/203507.png,https://cdn.nba.com/logos/nba/1610612749/primary/L/logo.svg
202328,Greg Monroe,greg-monroe,15,C,6-11,265,"JUN 04, 1990",27.0,6,Georgetown,2016-17,1610612749,MIL,Milwaukee Bucks,83.0,https://cdn.nba.com/headshots/nba/latest/1040x760/202328.png,https://cdn.nba.com/logos/nba/1610612749/primary/L/logo.svg
203953,Jabari Parker,jabari-parker,12,F,6-8,250,"MAR 15, 1995",22.0,2,Duke,2016-17,1610612749,MIL,Milwaukee Bucks,80.0,https://cdn.nba.com/headshots/nba/latest/1040x760/203953.png,https://cdn.nba.com/logos/nba/1610612749/primary/L/logo.svg
1891,Jason Terry,jason-terry,3,G,6-2,185,"SEP 15, 1977",39.0,17,Arizona,2016-17,1610612749,MIL,Milwaukee Bucks,74.0,https://cdn.nba.com/headshots/nba/latest/1040x760/1891.png,https://cdn.nba.com/logos/nba/1610612749/primary/L/logo.svg
203089,John Henson,john-henson,31,C-F,6-11,229,"DEC 28, 1990",26.0,4,North Carolina,2016-17,1610612749,MIL,Milwaukee Bucks,83.0,https://cdn.nba.com/headshots/nba/latest/1040x760/203089.png,https://cdn.nba.com/logos/nba/1610612749/primary/L/logo.svg
203114,Khris Middleton,khris-middleton,22,G-F,6-8,234,"AUG 12, 1991",25.0,4,Texas A&M,2016-17,1610612749,MIL,Milwaukee Bucks,80.0,https://cdn.nba.com/headshots/nba/latest/1040x760/203114.png,https://cdn.nba.com/logos/nba/1610612749/primary/L/logo.svg
1627763,Malcolm Brogdon,malcolm-brogdon,13,G,6-5,215,"DEC 11, 1992",24.0,R,Virginia,2016-17,1610612749,MIL,Milwaukee Bucks,77.0,https://cdn.nba.com/headshots/nba/latest/1040x760/1627763.png,https://cdn.nba.com/logos/nba/1610612749/primary/L/logo.svg
203521,Matthew Dellavedova,matthew-dellavedova,8,G,6-4,198,"SEP 08, 1990",26.0,3,Saint Mary's,2016-17,1610612749,MIL,Milwaukee Bucks,76.0,https://cdn.nba.com/headshots/nba/latest/1040x760/203521.png,https://cdn.nba.com/logos/nba/1610612749/primary/L/logo.svg
201563,Michael Beasley,michael-beasley,9,F,6-10,235,"JAN 09, 1989",28.0,8,Kansas State,2016-17,1610612749,MIL,Milwaukee Bucks,82.0,https://cdn.nba.com/headshots/nba/latest/1040x760/201563.png,https://cdn.nba.com/logos/nba/1610612749/primary/L/logo.svg
203141,Mirza Teletovic,mirza-teletovic,35,F,6-9,245,"SEP 17, 1985",31.0,4,Baskonia,2016-17,1610612749,MIL,Milwaukee Bucks,81.0,https://cdn.nba.com/headshots/nba/latest/1040x760/203141.png,https://cdn.nba.com/logos/nba/1610612749/primary/L/logo.svg
1626173,Rashad Vaughn,rashad-vaughn,20,G,6-6,202,"AUG 16, 1996",20.0,1,UNLV,2016-17,1610612749,MIL,Milwaukee Bucks,78.0,https://cdn.nba.com/headshots/nba/latest/1040x760/1626173.png,https://cdn.nba.com/logos/nba/1610612749/primary/L/logo.svg
201150,Spencer Hawes,spencer-hawes,00,F-C,7-1,245,"APR 28, 1988",29.0,9,Washington,2016-17,1610612749,MIL,Milwaukee Bucks,85.0,https://cdn.nba.com/headshots/nba/latest/1040x760/201150.png,https://cdn.nba.com/logos/nba/1610612749/primary/L/logo.svg
1627748,Thon Maker,thon-maker,7,F-C,7-1,223,"FEB 25, 1997",20.0,R,Athlete Institute Prep,2016-17,1610612749,MIL,Milwaukee Bucks,85.0,https://cdn.nba.com/headshots/nba/latest/1040x760/1627748.png,https://cdn.nba.com/logos/nba/1610612749/primary/L/logo.svg
203503,Tony Snell,tony-snell,21,G-F,6-7,217,"NOV 10, 1991",25.0,3,New Mexico,2016-17,1610612749,MIL,Milwaukee Bucks,79.0,https://cdn.nba.com/headshots/nba/latest/1040x760/203503.png,https://cdn.nba.com/logos/nba/1610612749/primary/L/logo.svg
203940,Adreian Payne,adreian-payne,33,F,6-10,237,"FEB 19, 1991",26.0,2,Michigan State,2016-17,1610612750,MIN,Minnesota Timberwolves,82.0,https://cdn.nba.com/headshots/nba/latest/1040x760/203940.png,https://cdn.nba.com/logos/nba/1610612750/primary/L/logo.svg
203952,Andrew Wiggins,andrew-wiggins,22,F,6-8,199,"FEB 23, 1995",22.0,2,Kansas,2016-17,1610612750,MIN,Minnesota Timberwolves,80.0,https://cdn.nba.com/headshots/nba/latest/1040x760/203952.png,https://cdn.nba.com/logos/nba/1610612750/primary/L/logo.svg
201575,Brandon Rush,brandon-rush,4,G-F,6-6,225,"JUL 07, 1985",31.0,8,Kansas,2016-17,1610612750,MIN,Minnesota Timberwolves,78.0,https://cdn.nba.com/headshots/nba/latest/1040x760/201575.png,https://cdn.nba.com/logos/nba/1610612750/primary/L/logo.svg
202332,Cole Aldrich,cole-aldrich,45,C,6-11,250,"OCT 31, 1988",28.0,6,Kansas,2016-17,1610612750,MIN,Minnesota Timberwolves,83.0,https://cdn.nba.com/headshots/nba/latest/1040x760/202332.png,https://cdn.nba.com/logos/nba/1610612750/primary/L/logo.svg
203476,Gorgui Dieng,gorgui-dieng,5,F-C,6-11,240,"JAN 18, 1990",27.0,3,Louisville,2016-17,1610612750,MIN,Minnesota Timberwolves,83.0,https://cdn.nba.com/headshots/nba/latest/1040x760/203476.png,https://cdn.nba.com/logos/nba/1610612750/primary/L/logo.svg
201941,Jordan Hill,jordan-hill,27,F-C,6-10,240,"JUL 27, 1987",29.0,7,Arizona,2016-17,1610612750,MIN,Minnesota Timberwolves,82.0,https://cdn.nba.com/headshots/nba/latest/1040x760/201941.png,https://cdn.nba.com/logos/nba/1610612750/primary/L/logo.svg
1626157,Karl-Anthony Towns,karl-anthony-towns,32,C,7-0,244,"NOV 15, 1995",21.0,1,Kentucky,2016-17,1610612750,MIN,Minnesota Timberwolves,84.0,https://cdn.nba.com/headshots/nba/latest/1040x760/1626157.png,https://cdn.nba.com/logos/nba/1610612750/primary/L/logo.svg
1627739,Kris Dunn,kris-dunn,3,G,6-4,205,"MAR 18, 1994",23.0,R,Providence,2016-17,1610612750,MIN,Minnesota Timberwolves,76.0,https://cdn.nba.com/headshots/nba/latest/1040x760/1627739.png,https://cdn.nba.com/logos/nba/1610612750/primary/L/logo.svg
202357,Nemanja Bjelica,nemanja-bjelica,88,F,6-10,225,"MAY 09, 1988",29.0,1,Fenerbahce,2016-17,1610612750,MIN,Minnesota Timberwolves,82.0,https://cdn.nba.com/headshots/nba/latest/1040x760/202357.png,https://cdn.nba.com/logos/nba/1610612750/primary/L/logo.svg
201593,Nikola Pekovic,nikola-pekovic,14,C,6-11,307,"JAN 03, 1986",31.0,6,Panathinaikos,2016-17,1610612750,MIN,Minnesota Timberwolves,83.0,https://cdn.nba.com/headshots/nba/latest/1040x760/201593.png,https://cdn.nba.com/logos/nba/1610612750/primary/L/logo.svg
201956,Omri Casspi,omri-casspi,18,F,6-9,225,"JUN 22, 1988",29.0,7,Maccabi Tel Aviv,2016-17,1610612750,MIN,Minnesota Timberwolves,81.0,https://cdn.nba.com/headshots/nba/latest/1040x760/201956.png,https://cdn.nba.com/logos/nba/1610612750/primary/L/logo.svg
201937,Ricky Rubio,ricky-rubio,9,G,6-4,190,"OCT 21, 1990",26.0,5,FC Barcelona,2016-17,1610612750,MIN,Minnesota Timberwolves,76.0,https://cdn.nba.com/headshots/nba/latest/1040x760/201937.png,https://cdn.nba.com/logos/nba/1610612750/primary/L/logo.svg
203498,Shabazz Muhammad,shabazz-muhammad,15,F,6-6,223,"NOV 13, 1992",24.0,3,UCLA,2016-17,1610612750,MIN,Minnesota Timberwolves,78.0,https://cdn.nba.com/headshots/nba/latest/1040x760/203498.png,https://cdn.nba.com/logos/nba/1610612750/primary/L/logo.svg
1626145,Tyus Jones,tyus-jones,1,G,6-2,195,"MAY 10, 1996",21.0,1,Duke,2016-17,1610612750,MIN,Minnesota Timberwolves,74.0,https://cdn.nba.com/headshots/nba/latest/1040x760/1626145.png,https://cdn.nba.com/logos/nba/1610612750/primary/L/logo.svg
203897,Zach LaVine,zach-lavine,8,G,6-5,185,"MAR 10, 1995",22.0,2,UCLA,2016-17,1610612750,MIN,Minnesota Timberwolves,77.0,https://cdn.nba.com/headshots/nba/latest/1040x760/203897.png,https://cdn.nba.com/logos/nba/1610612750/primary/L/logo.svg
201582,Alexis Ajinca,alexis-ajinca,42,C,7-2,248,"MAY 06, 1988",29.0,6,Hyeres-Toulon,2016-17,1610612740,NOP,New Orleans Pelicans,86.0,https://cdn.nba.com/headshots/nba/latest/1040x760/201582.png,https://cdn.nba.com/logos/nba/1610612740/primary/L/logo.svg
203076,Anthony Davis,anthony-davis,23,F-C,6-11,253,"MAR 11, 1993",24.0,4,Kentucky,2016-17,1610612740,NOP,New Orleans Pelicans,83.0,https://cdn.nba.com/headshots/nba/latest/1040x760/203076.png,https://cdn.nba.com/logos/nba/1610612740/primary/L/logo.svg
1626253,Axel Toupane,axel-toupane,10,G-F,6-7,210,"JUL 23, 1992",24.0,1,Strasbourg IG,2016-17,1610612740,NOP,New Orleans Pelicans,79.0,https://cdn.nba.com/headshots/nba/latest/1040x760/1626253.png,https://cdn.nba.com/logos/nba/1610612740/primary/L/logo.svg
1627767,Cheick Diallo,cheick-diallo,13,F,6-9,220,"SEP 13, 1996",20.0,R,Kansas,2016-17,1610612740,NOP,New Orleans Pelicans,81.0,https://cdn.nba.com/headshots/nba/latest/1040x760/1627767.png,https://cdn.nba.com/logos/nba/1610612740/primary/L/logo.svg
201967,Dante Cunningham,dante-cunningham,33,F,6-8,230,"APR 22, 1987",30.0,7,Villanova,2016-17,1610612740,NOP,New Orleans Pelicans,80.0,https://cdn.nba.com/headshots/nba/latest/1040x760/201967.png,https://cdn.nba.com/logos/nba/1610612740/primary/L/logo.svg
202326,DeMarcus Cousins,demarcus-cousins,0,F-C,6-11,270,"AUG 13, 1990",26.0,6,Kentucky,2016-17,1610612740,NOP,New Orleans Pelicans,83.0,https://cdn.nba.com/headshots/nba/latest/1040x760/202326.png,https://cdn.nba.com/logos/nba/1610612740/primary/L/logo.svg
202700,Donatas Motiejunas,donatas-motiejunas,12,F-C,7-0,222,"SEP 20, 1990",26.0,4,Lithuania,2016-17,1610612740,NOP,New Orleans Pelicans,84.0,https://cdn.nba.com/headshots/nba/latest/1040x760/202700.png,https://cdn.nba.com/logos/nba/1610612740/primary/L/logo.svg
202734,E'Twaun Moore,etwaun-moore,55,G,6-4,191,"FEB 25, 1989",28.0,5,Purdue,2016-17,1610612740,NOP,New Orleans Pelicans,76.0,https://cdn.nba.com/headshots/nba/latest/1040x760/202734.png,https://cdn.nba.com/logos/nba/1610612740/primary/L/logo.svg
202348,Jordan Crawford,jordan-crawford,4,G,6-5,195,"OCT 23, 1988",28.0,4,Xavier,2016-17,1610612740,NOP,New Orleans Pelicans,77.0,https://cdn.nba.com/headshots/nba/latest/1040x760/202348.png,https://cdn.nba.com/logos/nba/1610612740/primary/L/logo.svg
201950,Jrue Holiday,jrue-holiday,11,G,6-4,205,"JUN 12, 1990",27.0,7,UCLA,2016-17,1610612740,NOP,New Orleans Pelicans,76.0,https://cdn.nba.com/headshots/nba/latest/1040x760/201950.png,https://cdn.nba.com/logos/nba/1610612740/primary/L/logo.svg
201600,Omer Asik,omer-asik,3,C,7-0,255,"JUL 04, 1986",30.0,6,Fenerbahce,2016-17,1610612740,NOP,New Orleans Pelicans,84.0,https://cdn.nba.com/headshots/nba/latest/1040x760/201600.png,https://cdn.nba.com/logos/nba/1610612740/primary/L/logo.svg
202347,Quincy Pondexter,quincy-pondexter,20,G-F,6-7,225,"MAR 10, 1988",29.0,5,Washington,2016-17,1610612740,NOP,New Orleans Pelicans,79.0,https://cdn.nba.com/headshots/nba/latest/1040x760/202347.png,https://cdn.nba.com/logos/nba/1610612740/primary/L/logo.svg
1626188,Quinn Cook,quinn-cook,22,G,6-2,179,"MAR 23, 1993",24.0,R,Duke,2016-17,1610612740,NOP,New Orleans Pelicans,74.0,https://cdn.nba.com/headshots/nba/latest/1040x760/1626188.png,https://cdn.nba.com/logos/nba/1610612740/primary/L/logo.svg
203524,Solomon Hill,solomon-hill,44,F,6-7,225,"MAR 18, 1991",26.0,3,Arizona,2016-17,1610612740,NOP,New Orleans Pelicans,79.0,https://cdn.nba.com/headshots/nba/latest/1040x760/203524.png,https://cdn.nba.com/logos/nba/1610612740/primary/L/logo.svg
204025,Tim Frazier,tim-frazier,2,G,6-1,170,"NOV 01, 1990",26.0,2,Penn State,2016-17,1610612740,NOP,New Orleans Pelicans,73.0,https://cdn.nba.com/headshots/nba/latest/1040x760/204025.png,https://cdn.nba.com/logos/nba/1610612740/primary/L/logo.svg
2546,Carmelo Anthony,carmelo-anthony,7,F,6-8,240,"MAY 29, 1984",33.0,13,Syracuse,2016-17,1610612752,NYK,New York Knicks,80.0,https://cdn.nba.com/headshots/nba/latest/1040x760/2546.png,https://cdn.nba.com/logos/nba/1610612752/primary/L/logo.svg
1626184,Chasson Randle,chasson-randle,4,G,6-2,185,"FEB 05, 1993",24.0,R,Stanford,2016-17,1610612752,NYK,New York Knicks,74.0,https://cdn.nba.com/headshots/nba/latest/1040x760/1626184.png,https://cdn.nba.com/logos/nba/1610612752/primary/L/logo.svg
201584,Courtney Lee,courtney-lee,5,G,6-5,200,"OCT 03, 1985",31.0,8,Western Kentucky,2016-17,1610612752,NYK,New York Knicks,77.0,https://cdn.nba.com/headshots/nba/latest/1040x760/201584.png,https://cdn.nba.com/logos/nba/1610612752/primary/L/logo.svg
201565,Derrick Rose,derrick-rose,25,G,6-3,190,"OCT 04, 1988",28.0,7,Memphis,2016-17,1610612752,NYK,New York Knicks,75.0,https://cdn.nba.com/headshots/nba/latest/1040x760/201565.png,https://cdn.nba.com/logos/nba/1610612752/primary/L/logo.svg
201149,Joakim Noah,joakim-noah,13,C,6-11,230,"FEB 25, 1985",32.0,9,Florida,2016-17,1610612752,NYK,New York Knicks,83.0,https://cdn.nba.com/headshots/nba/latest/1040x760/201149.png,https://cdn.nba.com/logos/nba/1610612752/primary/L/logo.svg
203200,Justin Holiday,justin-holiday,8,G,6-6,185,"APR 05, 1989",28.0,3,Washington,2016-17,1610612752,NYK,New York Knicks,78.0,https://cdn.nba.com/headshots/nba/latest/1040x760/203200.png,https://cdn.nba.com/logos/nba/1610612752/primary/L/logo.svg
204001,Kristaps Porziņģis,kristaps-porziņģis,6,F,7-3,240,"AUG 02, 1995",21.0,1,Cajasol Sevilla,2016-17,1610612752,NYK,New York Knicks,87.0,https://cdn.nba.com/headshots/nba/latest/1040x760/204001.png,https://cdn.nba.com/logos/nba/1610612752/primary/L/logo.svg
203124,Kyle O'Quinn,kyle-oquinn,9,C-F,6-10,250,"MAR 26, 1990",27.0,4,Norfolk State,2016-17,1610612752,NYK,New York Knicks,82.0,https://cdn.nba.com/headshots/nba/latest/1040x760/203124.png,https://cdn.nba.com/logos/nba/1610612752/primary/L/logo.svg
202498,Lance Thomas,lance-thomas,42,F,6-8,235,"APR 24, 1988",29.0,5,Duke,2016-17,1610612752,NYK,New York Knicks,80.0,https://cdn.nba.com/headshots/nba/latest/1040x760/202498.png,https://cdn.nba.com/logos/nba/1610612752/primary/L/logo.svg
1627850,Marshall Plumlee,marshall-plumlee,40,C,7-0,250,"JUL 14, 1992",24.0,R,Duke,2016-17,1610612752,NYK,New York Knicks,84.0,https://cdn.nba.com/headshots/nba/latest/1040x760/1627850.png,https://cdn.nba.com/logos/nba/1610612752/primary/L/logo.svg
1626254,Maurice Ndour,maurice-ndour,2,F,6-9,200,"JUN 18, 1992",25.0,R,Ohio,2016-17,1610612752,NYK,New York Knicks,81.0,https://cdn.nba.com/headshots/nba/latest/1040x760/1626254.png,https://cdn.nba.com/logos/nba/1610612752/primary/L/logo.svg
1627851,Mindaugas Kuzminskas,mindaugas-kuzminskas,91,F,6-9,215,"OCT 19, 1989",27.0,R,Malaga,2016-17,1610612752,NYK,New York Knicks,81.0,https://cdn.nba.com/headshots/nba/latest/1040x760/1627851.png,https://cdn.nba.com/logos/nba/1610612752/primary/L/logo.svg
1627758,Ron Baker,ron-baker,31,G,6-4,220,"MAR 30, 1993",24.0,R,Wichita State,2016-17,1610612752,NYK,New York Knicks,76.0,https://cdn.nba.com/headshots/nba/latest/1040x760/1627758.png,https://cdn.nba.com/logos/nba/1610612752/primary/L/logo.svg
2756,Sasha Vujacic,sasha-vujacic,18,G,6-7,195,"MAR 08, 1984",33.0,9,Udine,2016-17,1610612752,NYK,New York Knicks,79.0,https://cdn.nba.com/headshots/nba/latest/1040x760/2756.png,https://cdn.nba.com/logos/nba/1610612752/primary/L/logo.svg
1626195,Willy Hernangomez,willy-hernangomez,14,C,6-11,240,"MAY 27, 1994",23.0,R,Cajasol Sevilla,2016-17,1610612752,NYK,New York Knicks,83.0,https://cdn.nba.com/headshots/nba/latest/1040x760/1626195.png,https://cdn.nba.com/logos/nba/1610612752/primary/L/logo.svg
203518,Alex Abrines,alex-abrines,8,G-F,6-6,190,"AUG 01, 1993",23.0,R,FC Barcelona,2016-17,1610612760,OKC,Oklahoma City Thunder,78.0,https://cdn.nba.com/headshots/nba/latest/1040x760/203518.png,https://cdn.nba.com/logos/nba/1610612760/primary/L/logo.svg
203460,Andre Roberson,andre-roberson,21,F,6-7,210,"DEC 04, 1991",25.0,3,Colorado,2016-17,1610612760,OKC,Oklahoma City Thunder,79.0,https://cdn.nba.com/headshots/nba/latest/1040x760/203460.png,https://cdn.nba.com/logos/nba/1610612760/primary/L/logo.svg
1627734,Domantas Sabonis,domantas-sabonis,3,F,6-11,240,"MAY 03, 1996",21.0,R,Gonzaga,2016-17,1610612760,OKC,Oklahoma City Thunder,83.0,https://cdn.nba.com/headshots/nba/latest/1040x760/1627734.png,https://cdn.nba.com/logos/nba/1610612760/primary/L/logo.svg
203926,Doug McDermott,doug-mcdermott,25,F,6-8,219,"JAN 03, 1992",25.0,2,Creighton,2016-17,1610612760,OKC,Oklahoma City Thunder,80.0,https://cdn.nba.com/headshots/nba/latest/1040x760/203926.png,https://cdn.nba.com/logos/nba/1610612760/primary/L/logo.svg
202683,Enes Freedom,enes-freedom,11,C,6-11,245,"MAY 20, 1992",25.0,5,Fenerbahce,2016-17,1610612760,OKC,Oklahoma City Thunder,83.0,https://cdn.nba.com/headshots/nba/latest/1040x760/202683.png,https://cdn.nba.com/logos/nba/1610612760/primary/L/logo.svg
203924,Jerami Grant,jerami-grant,9,F,6-9,210,"MAR 12, 1994",23.0,2,Syracuse,2016-17,1610612760,OKC,Oklahoma City Thunder,81.0,https://cdn.nba.com/headshots/nba/latest/1040x760/203924.png,https://cdn.nba.com/logos/nba/1610612760/primary/L/logo.svg
203962,Josh Huestis,josh-huestis,34,F,6-7,230,"DEC 19, 1991",25.0,1,Stanford,2016-17,1610612760,OKC,Oklahoma City Thunder,79.0,https://cdn.nba.com/headshots/nba/latest/1040x760/203962.png,https://cdn.nba.com/logos/nba/1610612760/primary/L/logo.svg
202713,Kyle Singler,kyle-singler,15,F,6-8,228,"MAY 04, 1988",29.0,4,Duke,2016-17,1610612760,OKC,Oklahoma City Thunder,80.0,https://cdn.nba.com/headshots/nba/latest/1040x760/202713.png,https://cdn.nba.com/logos/nba/1610612760/primary/L/logo.svg
2555,Nick Collison,nick-collison,4,F,6-10,255,"OCT 26, 1980",36.0,12,Kansas,2016-17,1610612760,OKC,Oklahoma City Thunder,82.0,https://cdn.nba.com/headshots/nba/latest/1040x760/2555.png,https://cdn.nba.com/logos/nba/1610612760/primary/L/logo.svg
202708,Norris Cole,norris-cole,30,G,6-2,175,"OCT 13, 1988",28.0,5,Cleveland State,2016-17,1610612760,OKC,Oklahoma City Thunder,74.0,https://cdn.nba.com/headshots/nba/latest/1040x760/202708.png,https://cdn.nba.com/logos/nba/1610612760/primary/L/logo.svg
201566,Russell Westbrook,russell-westbrook,0,G,6-3,200,"NOV 12, 1988",28.0,8,UCLA,2016-17,1610612760,OKC,Oklahoma City Thunder,75.0,https://cdn.nba.com/headshots/nba/latest/1040x760/201566.png,https://cdn.nba.com/logos/nba/1610612760/primary/L/logo.svg
203902,Semaj Christon,semaj-christon,6,G,6-3,190,"NOV 01, 1992",24.0,R,Xavier,2016-17,1610612760,OKC,Oklahoma City Thunder,75.0,https://cdn.nba.com/headshots/nba/latest/1040x760/203902.png,https://cdn.nba.com/logos/nba/1610612760/primary/L/logo.svg
203500,Steven Adams,steven-adams,12,C,7-0,255,"JUL 20, 1993",23.0,3,Pittsburgh,2016-17,1610612760,OKC,Oklahoma City Thunder,84.0,https://cdn.nba.com/headshots/nba/latest/1040x760/203500.png,https://cdn.nba.com/logos/nba/1610612760/primary/L/logo.svg
201959,Taj Gibson,taj-gibson,22,F,6-9,236,"JUN 24, 1985",32.0,7,Southern California,2016-17,1610612760,OKC,Oklahoma City Thunder,81.0,https://cdn.nba.com/headshots/nba/latest/1040x760/201959.png,https://cdn.nba.com/logos/nba/1610612760/primary/L/logo.svg
203506,Victor Oladipo,victor-oladipo,5,G,6-4,210,"MAY 04, 1992",25.0,3,Indiana,2016-17,1610612760,OKC,Oklahoma City Thunder,76.0,https://cdn.nba.com/headshots/nba/latest/1040x760/203506.png,https://cdn.nba.com/logos/nba/1610612760/primary/L/logo.svg
203932,Aaron Gordon,aaron-gordon,00,F,6-9,220,"SEP 16, 1995",21.0,2,Arizona,2016-17,1610612753,ORL,Orlando Magic,81.0,https://cdn.nba.com/headshots/nba/latest/1040x760/203932.png,https://cdn.nba.com/logos/nba/1610612753/primary/L/logo.svg
202687,Bismack Biyombo,bismack-biyombo,11,C-F,6-9,255,"AUG 28, 1992",24.0,5,Baloncesto Fuenlabrada,2016-17,1610612753,ORL,Orlando Magic,81.0,https://cdn.nba.com/headshots/nba/latest/1040x760/202687.png,https://cdn.nba.com/logos/nba/1610612753/primary/L/logo.svg
201228,C.J. Watson,cj-watson,32,G,6-2,175,"APR 17, 1984",33.0,9,Tennessee,2016-17,1610612753,ORL,Orlando Magic,74.0,https://cdn.nba.com/headshots/nba/latest/1040x760/201228.png,https://cdn.nba.com/logos/nba/1610612753/primary/L/logo.svg
201571,D.J. Augustin,dj-augustin,14,G,6-0,183,"NOV 10, 1987",29.0,8,Texas,2016-17,1610612753,ORL,Orlando Magic,72.0,https://cdn.nba.com/headshots/nba/latest/1040x760/201571.png,https://cdn.nba.com/logos/nba/1610612753/primary/L/logo.svg
204014,Damjan Rudez,damjan-rudez,3,F,6-10,228,"JUN 17, 1986",31.0,2,Zaragoza,2016-17,1610612753,ORL,Orlando Magic,82.0,https://cdn.nba.com/headshots/nba/latest/1040x760/204014.png,https://cdn.nba.com/logos/nba/1610612753/primary/L/logo.svg
203901,Elfrid Payton,elfrid-payton,4,G,6-4,185,"FEB 22, 1994",23.0,2,Louisana-Lafayette,2016-17,1610612753,ORL,Orlando Magic,76.0,https://cdn.nba.com/headshots/nba/latest/1040x760/203901.png,https://cdn.nba.com/logos/nba/1610612753/primary/L/logo.svg
203095,Evan Fournier,evan-fournier,10,G,6-7,205,"OCT 29, 1992",24.0,4,Poitiers Basket 86,2016-17,1610612753,ORL,Orlando Magic,79.0,https://cdn.nba.com/headshots/nba/latest/1040x760/203095.png,https://cdn.nba.com/logos/nba/1610612753/primary/L/logo.svg
201145,Jeff Green,jeff-green,34,F,6-9,235,"AUG 28, 1986",30.0,9,Georgetown,2016-17,1610612753,ORL,Orlando Magic,81.0,https://cdn.nba.com/headshots/nba/latest/1040x760/201145.png,https://cdn.nba.com/logos/nba/1610612753/primary/L/logo.svg
201975,Jodie Meeks,jodie-meeks,20,G,6-4,210,"AUG 21, 1987",29.0,7,Kentucky,2016-17,1610612753,ORL,Orlando Magic,76.0,https://cdn.nba.com/headshots/nba/latest/1040x760/201975.png,https://cdn.nba.com/logos/nba/1610612753/primary/L/logo.svg
1627875,Marcus Georges-Hunt,marcus-georges-hunt,13,G,6-6,220,"MAR 28, 1994",23.0,R,Georgia Tech,2016-17,1610612753,ORL,Orlando Magic,78.0,https://cdn.nba.com/headshots/nba/latest/1040x760/1627875.png,https://cdn.nba.com/logos/nba/1610612753/primary/L/logo.svg
1626209,Mario Hezonja,mario-hezonja,8,G-F,6-8,218,"FEB 25, 1995",22.0,1,FC Barcelona,2016-17,1610612753,ORL,Orlando Magic,80.0,https://cdn.nba.com/headshots/nba/latest/1040x760/1626209.png,https://cdn.nba.com/logos/nba/1610612753/primary/L/logo.svg
202696,Nikola Vučević,nikola-vučević,9,C,7-0,260,"OCT 24, 1990",26.0,5,Southern California,2016-17,1610612753,ORL,Orlando Magic,84.0,https://cdn.nba.com/headshots/nba/latest/1040x760/202696.png,https://cdn.nba.com/logos/nba/1610612753/primary/L/logo.svg
1627868,Patricio Garino,patricio-garino,29,G-F,6-6,203,"MAY 17, 1993",24.0,R,George Washington,2016-17,1610612753,ORL,Orlando Magic,78.0,https://cdn.nba.com/headshots/nba/latest/1040x760/1627868.png,https://cdn.nba.com/logos/nba/1610612753/primary/L/logo.svg
1627757,Stephen Zimmerman,stephen-zimmerman,33,C,7-0,240,"SEP 09, 1996",20.0,R,UNLV,2016-17,1610612753,ORL,Orlando Magic,84.0,https://cdn.nba.com/headshots/nba/latest/1040x760/1627757.png,https://cdn.nba.com/logos/nba/1610612753/primary/L/logo.svg
203082,Terrence Ross,terrence-ross,31,F,6-7,195,"FEB 05, 1991",26.0,4,Washington,2016-17,1610612753,ORL,Orlando Magic,79.0,https://cdn.nba.com/headshots/nba/latest/1040x760/203082.png,https://cdn.nba.com/logos/nba/1610612753/primary/L/logo.svg
1627816,Alex Poythress,alex-poythress,5,F,6-7,238,"SEP 06, 1993",23.0,R,Kentucky,2016-17,1610612755,PHI,Philadelphia 76ers,79.0,https://cdn.nba.com/headshots/nba/latest/1040x760/1627816.png,https://cdn.nba.com/logos/nba/1610612755/primary/L/logo.svg
1627732,Ben Simmons,ben-simmons,25,F,6-10,240,"JUL 20, 1996",20.0,R,Louisiana State,2016-17,1610612755,PHI,Philadelphia 76ers,82.0,https://cdn.nba.com/headshots/nba/latest/1040x760/1627732.png,https://cdn.nba.com/logos/nba/1610612755/primary/L/logo.svg
203967,Dario Šarić,dario-šarić,9,F,6-10,223,"APR 08, 1994",23.0,R,Anadolu Efes,2016-17,1610612755,PHI,Philadelphia 76ers,82.0,https://cdn.nba.com/headshots/nba/latest/1040x760/203967.png,https://cdn.nba.com/logos/nba/1610612755/primary/L/logo.svg
201945,Gerald Henderson,gerald-henderson,12,G,6-5,215,"DEC 09, 1987",29.0,7,Duke,2016-17,1610612755,PHI,Philadelphia 76ers,77.0,https://cdn.nba.com/headshots/nba/latest/1040x760/201945.png,https://cdn.nba.com/logos/nba/1610612755/primary/L/logo.svg
1626143,Jahlil Okafor,jahlil-okafor,8,C,6-11,275,"DEC 15, 1995",21.0,1,Duke,2016-17,1610612755,PHI,Philadelphia 76ers,83.0,https://cdn.nba.com/headshots/nba/latest/1040x760/1626143.png,https://cdn.nba.com/logos/nba/1610612755/primary/L/logo.svg
201573,Jerryd Bayless,jerryd-bayless,0,G,6-3,200,"AUG 20, 1988",28.0,8,Arizona,2016-17,1610612755,PHI,Philadelphia 76ers,75.0,https://cdn.nba.com/headshots/nba/latest/1040x760/201573.png,https://cdn.nba.com/logos/nba/1610612755/primary/L/logo.svg
203954,Joel Embiid,joel-embiid,21,C,7-0,250,"MAR 16, 1994",23.0,R,Kansas,2016-17,1610612755,PHI,Philadelphia 76ers,84.0,https://cdn.nba.com/headshots/nba/latest/1040x760/203954.png,https://cdn.nba.com/logos/nba/1610612755/primary/L/logo.svg
1626147,Justin Anderson,justin-anderson,23,G-F,6-6,228,"NOV 19, 1993",23.0,1,Virginia,2016-17,1610612755,PHI,Philadelphia 76ers,78.0,https://cdn.nba.com/headshots/nba/latest/1040x760/1626147.png,https://cdn.nba.com/logos/nba/1610612755/primary/L/logo.svg
203917,Nik Stauskas,nik-stauskas,11,G,6-6,205,"OCT 07, 1993",23.0,2,Michigan,2016-17,1610612755,PHI,Philadelphia 76ers,78.0,https://cdn.nba.com/headshots/nba/latest/1040x760/203917.png,https://cdn.nba.com/logos/nba/1610612755/primary/L/logo.svg
1626158,Richaun Holmes,richaun-holmes,22,F,6-10,245,"OCT 15, 1993",23.0,1,Bowling Green,2016-17,1610612755,PHI,Philadelphia 76ers,82.0,https://cdn.nba.com/headshots/nba/latest/1040x760/1626158.png,https://cdn.nba.com/logos/nba/1610612755/primary/L/logo.svg
203496,Robert Covington,robert-covington,33,F,6-9,215,"DEC 14, 1990",26.0,3,Tennessee State,2016-17,1610612755,PHI,Philadelphia 76ers,81.0,https://cdn.nba.com/headshots/nba/latest/1040x760/203496.png,https://cdn.nba.com/logos/nba/1610612755/primary/L/logo.svg
200771,Sergio Rodriguez,sergio-rodriguez,14,G,6-3,176,"JUN 12, 1986",31.0,4,Estudiantes,2016-17,1610612755,PHI,Philadelphia 76ers,75.0,https://cdn.nba.com/headshots/nba/latest/1040x760/200771.png,https://cdn.nba.com/logos/nba/1610612755/primary/L/logo.svg
1627848,Shawn Long,shawn-long,36,F,6-9,255,"JAN 29, 1993",24.0,R,Louisiana-Lafayette,2016-17,1610612755,PHI,Philadelphia 76ers,81.0,https://cdn.nba.com/headshots/nba/latest/1040x760/1627848.png,https://cdn.nba.com/logos/nba/1610612755/primary/L/logo.svg
204456,T.J. McConnell,tj-mcconnell,1,G,6-2,200,"MAR 25, 1992",25.0,1,Arizona,2016-17,1610612755,PHI,Philadelphia 76ers,74.0,https://cdn.nba.com/headshots/nba/latest/1040x760/204456.png,https://cdn.nba.com/logos/nba/1610612755/primary/L/logo.svg
201168,Tiago Splitter,tiago-splitter,47,C-F,6-11,245,"JAN 01, 1985",32.0,6,Bilbao,2016-17,1610612755,PHI,Philadelphia 76ers,83.0,https://cdn.nba.com/headshots/nba/latest/1040x760/201168.png,https://cdn.nba.com/logos/nba/1610612755/primary/L/logo.svg
1627789,Timothe Luwawu-Cabarrot,timothe-luwawu-cabarrot,20,G-F,6-6,205,"MAY 09, 1995",22.0,R,Mega Basket,2016-17,1610612755,PHI,Philadelphia 76ers,78.0,https://cdn.nba.com/headshots/nba/latest/1040x760/1627789.png,https://cdn.nba.com/logos/nba/1610612755/primary/L/logo.svg
1626210,Alan Williams,alan-williams,15,F-C,6-8,260,"JAN 28, 1993",24.0,1,Cal-Santa Barbara,2016-17,1610612756,PHX,Phoenix Suns,80.0,https://cdn.nba.com/headshots/nba/latest/1040x760/1626210.png,https://cdn.nba.com/logos/nba/1610612756/primary/L/logo.svg
203458,Alex Len,alex-len,21,C,7-1,260,"JUN 16, 1993",24.0,3,Maryland,2016-17,1610612756,PHX,Phoenix Suns,85.0,https://cdn.nba.com/headshots/nba/latest/1040x760/203458.png,https://cdn.nba.com/logos/nba/1610612756/primary/L/logo.svg
202688,Brandon Knight,brandon-knight,11,G,6-3,195,"DEC 02, 1991",25.0,5,Kentucky,2016-17,1610612756,PHX,Phoenix Suns,75.0,https://cdn.nba.com/headshots/nba/latest/1040x760/202688.png,https://cdn.nba.com/logos/nba/1610612756/primary/L/logo.svg
1627884,Derrick Jones Jr.,derrick-jones-jr,10,F,6-7,190,"FEB 15, 1997",20.0,R,UNLV,2016-17,1610612756,PHX,Phoenix Suns,79.0,https://cdn.nba.com/headshots/nba/latest/1040x760/1627884.png,https://cdn.nba.com/logos/nba/1610612756/primary/L/logo.svg
1626164,Devin Booker,devin-booker,1,G,6-6,206,"OCT 30, 1996",20.0,1,Kentucky,2016-17,1610612756,PHX,Phoenix Suns,78.0,https://cdn.nba.com/headshots/nba/latest/1040x760/1626164.png,https://cdn.nba.com/logos/nba/1610612756/primary/L/logo.svg
1627733,Dragan Bender,dragan-bender,35,F,7-1,225,"NOV 17, 1997",19.0,R,Maccabi Tel Aviv,2016-17,1610612756,PHX,Phoenix Suns,85.0,https://cdn.nba.com/headshots/nba/latest/1040x760/1627733.png,https://cdn.nba.com/logos/nba/1610612756/primary/L/logo.svg
202407,Elijah Millsap,elijah-millsap,22,G-F,6-7,215,"AUG 12, 1987",29.0,2,Alabama-Birmingham,2016-17,1610612756,PHX,Phoenix Suns,79.0,https://cdn.nba.com/headshots/nba/latest/1040x760/202407.png,https://cdn.nba.com/logos/nba/1610612756/primary/L/logo.svg
202339,Eric Bledsoe,eric-bledsoe,2,G,6-1,205,"DEC 09, 1989",27.0,6,Kentucky,2016-17,1610612756,PHX,Phoenix Suns,73.0,https://cdn.nba.com/headshots/nba/latest/1040x760/202339.png,https://cdn.nba.com/logos/nba/1610612756/primary/L/logo.svg
201162,Jared Dudley,jared-dudley,3,F,6-7,225,"JUL 10, 1985",31.0,9,Boston College,2016-17,1610612756,PHX,Phoenix Suns,79.0,https://cdn.nba.com/headshots/nba/latest/1040x760/201162.png,https://cdn.nba.com/logos/nba/1610612756/primary/L/logo.svg
2571,Leandro Barbosa,leandro-barbosa,19,G,6-3,194,"NOV 28, 1982",34.0,13,Bauru,2016-17,1610612756,PHX,Phoenix Suns,75.0,https://cdn.nba.com/headshots/nba/latest/1040x760/2571.png,https://cdn.nba.com/logos/nba/1610612756/primary/L/logo.svg
1627737,Marquese Chriss,marquese-chriss,0,F,6-10,233,"JUL 02, 1997",19.0,R,Washington,2016-17,1610612756,PHX,Phoenix Suns,82.0,https://cdn.nba.com/headshots/nba/latest/1040x760/1627737.png,https://cdn.nba.com/logos/nba/1610612756/primary/L/logo.svg
101179,Ronnie Price,ronnie-price,14,G,6-2,190,"JUN 21, 1983",34.0,11,Utah Valley,2016-17,1610612756,PHX,Phoenix Suns,74.0,https://cdn.nba.com/headshots/nba/latest/1040x760/101179.png,https://cdn.nba.com/logos/nba/1610612756/primary/L/logo.svg
203933,T.J. Warren,tj-warren,12,F,6-8,225,"SEP 05, 1993",23.0,2,North Carolina State,2016-17,1610612756,PHX,Phoenix Suns,80.0,https://cdn.nba.com/headshots/nba/latest/1040x760/203933.png,https://cdn.nba.com/logos/nba/1610612756/primary/L/logo.svg
1627755,Tyler Ulis,tyler-ulis,8,G,5-10,150,"JAN 05, 1996",21.0,R,Kentucky,2016-17,1610612756,PHX,Phoenix Suns,70.0,https://cdn.nba.com/headshots/nba/latest/1040x760/1627755.png,https://cdn.nba.com/logos/nba/1610612756/primary/L/logo.svg
2199,Tyson Chandler,tyson-chandler,4,C,7-1,240,"OCT 02, 1982",34.0,15,Dominguez HS (CA),2016-17,1610612756,PHX,Phoenix Suns,85.0,https://cdn.nba.com/headshots/nba/latest/1040x760/2199.png,https://cdn.nba.com/logos/nba/1610612756/primary/L/logo.svg
202329,Al-Farouq Aminu,al-farouq-aminu,8,F,6-9,220,"SEP 21, 1990",26.0,6,Wake Forest,2016-17,1610612757,POR,Portland Trail Blazers,81.0,https://cdn.nba.com/headshots/nba/latest/1040x760/202329.png,https://cdn.nba.com/logos/nba/1610612757/primary/L/logo.svg
203459,Allen Crabbe,allen-crabbe,23,G,6-6,215,"APR 09, 1992",25.0,3,California,2016-17,1610612757,POR,Portland Trail Blazers,78.0,https://cdn.nba.com/headshots/nba/latest/1040x760/203459.png,https://cdn.nba.com/logos/nba/1610612757/primary/L/logo.svg
203468,CJ McCollum,cj-mccollum,3,G,6-3,190,"SEP 19, 1991",25.0,3,Lehigh,2016-17,1610612757,POR,Portland Trail Blazers,75.0,https://cdn.nba.com/headshots/nba/latest/1040x760/203468.png,https://cdn.nba.com/logos/nba/1610612757/primary/L/logo.svg
203081,Damian Lillard,damian-lillard,0,G,6-3,195,"JUL 15, 1990",26.0,4,Weber State,2016-17,1610612757,POR,Portland Trail Blazers,75.0,https://cdn.nba.com/headshots/nba/latest/1040x760/203081.png,https://cdn.nba.com/logos/nba/1610612757/primary/L/logo.svg
202334,Ed Davis,ed-davis,17,F,6-10,245,"JUN 05, 1989",28.0,6,North Carolina,2016-17,1610612757,POR,Portland Trail Blazers,82.0,https://cdn.nba.com/headshots/nba/latest/1040x760/202334.png,https://cdn.nba.com/logos/nba/1610612757/primary/L/logo.svg
202323,Evan Turner,evan-turner,1,G-F,6-7,220,"OCT 27, 1988",28.0,6,Ohio State,2016-17,1610612757,POR,Portland Trail Blazers,79.0,https://cdn.nba.com/headshots/nba/latest/1040x760/202323.png,https://cdn.nba.com/logos/nba/1610612757/primary/L/logo.svg
203105,Festus Ezeli,festus-ezeli,31,C,6-11,265,"OCT 21, 1989",27.0,3,Vanderbilt,2016-17,1610612757,POR,Portland Trail Blazers,83.0,https://cdn.nba.com/headshots/nba/latest/1040x760/203105.png,https://cdn.nba.com/logos/nba/1610612757/primary/L/logo.svg
1627774,Jake Layman,jake-layman,10,F,6-9,210,"MAR 07, 1994",23.0,R,Maryland,2016-17,1610612757,POR,Portland Trail Blazers,81.0,https://cdn.nba.com/headshots/nba/latest/1040x760/1627774.png,https://cdn.nba.com/logos/nba/1610612757/primary/L/logo.svg
203994,Jusuf Nurkić,jusuf-nurkić,27,C,7-0,280,"AUG 23, 1994",22.0,2,Cedevita,2016-17,1610612757,POR,Portland Trail Blazers,84.0,https://cdn.nba.com/headshots/nba/latest/1040x760/203994.png,https://cdn.nba.com/logos/nba/1610612757/primary/L/logo.svg
203090,Maurice Harkless,maurice-harkless,4,F,6-9,220,"MAY 11, 1993",24.0,4,"St. John's, N.Y.",2016-17,1610612757,POR,Portland Trail Blazers,81.0,https://cdn.nba.com/headshots/nba/latest/1040x760/203090.png,https://cdn.nba.com/logos/nba/1610612757/primary/L/logo.svg
203086,Meyers Leonard,meyers-leonard,11,F-C,7-1,255,"FEB 27, 1992",25.0,4,Illinois,2016-17,1610612757,POR,Portland Trail Blazers,85.0,https://cdn.nba.com/headshots/nba/latest/1040x760/203086.png,https://cdn.nba.com/logos/nba/1610612757/primary/L/logo.svg
203943,Noah Vonleh,noah-vonleh,21,F,6-9,245,"AUG 24, 1995",21.0,2,Indiana,2016-17,1610612757,POR,Portland Trail Blazers,81.0,https://cdn.nba.com/headshots/nba/latest/1040x760/203943.png,https://cdn.nba.com/logos/nba/1610612757/primary/L/logo.svg
1626192,Pat Connaughton,pat-connaughton,5,G-F,6-5,210,"JAN 06, 1993",24.0,1,Notre Dame,2016-17,1610612757,POR,Portland Trail Blazers,77.0,https://cdn.nba.com/headshots/nba/latest/1040x760/1626192.png,https://cdn.nba.com/logos/nba/1610612757/primary/L/logo.svg
203894,Shabazz Napier,shabazz-napier,6,G,6-1,175,"JUL 14, 1991",25.0,2,Connecticut,2016-17,1610612757,POR,Portland Trail Blazers,73.0,https://cdn.nba.com/headshots/nba/latest/1040x760/203894.png,https://cdn.nba.com/logos/nba/1610612757/primary/L/logo.svg
1627817,Tim Quarterman,tim-quarterman,55,G,6-6,190,"OCT 27, 1994",22.0,R,Louisiana State,2016-17,1610612757,POR,Portland Trail Blazers,78.0,https://cdn.nba.com/headshots/nba/latest/1040x760/1627817.png,https://cdn.nba.com/logos/nba/1610612757/primary/L/logo.svg
201167,Arron Afflalo,arron-afflalo,40,G,6-5,210,"OCT 15, 1985",31.0,9,UCLA,2016-17,1610612758,SAC,Sacramento Kings,77.0,https://cdn.nba.com/headshots/nba/latest/1040x760/201167.png,https://cdn.nba.com/logos/nba/1610612758/primary/L/logo.svg
203463,Ben McLemore,ben-mclemore,23,G,6-5,195,"FEB 11, 1993",24.0,3,Kansas,2016-17,1610612758,SAC,Sacramento Kings,77.0,https://cdn.nba.com/headshots/nba/latest/1040x760/203463.png,https://cdn.nba.com/logos/nba/1610612758/primary/L/logo.svg
1627741,Buddy Hield,buddy-hield,24,G,6-4,214,"DEC 17, 1992",24.0,R,Oklahoma,2016-17,1610612758,SAC,Sacramento Kings,76.0,https://cdn.nba.com/headshots/nba/latest/1040x760/1627741.png,https://cdn.nba.com/logos/nba/1610612758/primary/L/logo.svg
201954,Darren Collison,darren-collison,7,G,6-0,175,"AUG 23, 1987",29.0,7,UCLA,2016-17,1610612758,SAC,Sacramento Kings,72.0,https://cdn.nba.com/headshots/nba/latest/1040x760/201954.png,https://cdn.nba.com/logos/nba/1610612758/primary/L/logo.svg
202066,Garrett Temple,garrett-temple,17,G,6-6,195,"MAY 08, 1986",31.0,6,Louisiana State,2016-17,1610612758,SAC,Sacramento Kings,78.0,https://cdn.nba.com/headshots/nba/latest/1040x760/202066.png,https://cdn.nba.com/logos/nba/1610612758/primary/L/logo.svg
1627834,Georgios Papagiannis,georgios-papagiannis,13,C,7-1,240,"JUL 03, 1997",19.0,R,Panathinaikos,2016-17,1610612758,SAC,Sacramento Kings,85.0,https://cdn.nba.com/headshots/nba/latest/1040x760/1627834.png,https://cdn.nba.com/logos/nba/1610612758/primary/L/logo.svg
201585,Kosta Koufos,kosta-koufos,41,C,7-0,265,"FEB 24, 1989",28.0,8,Ohio State,2016-17,1610612758,SAC,Sacramento Kings,84.0,https://cdn.nba.com/headshots/nba/latest/1040x760/201585.png,https://cdn.nba.com/logos/nba/1610612758/primary/L/logo.svg
204038,Langston Galloway,langston-galloway,9,G,6-2,200,"DEC 09, 1991",25.0,2,St. Joseph's (PA),2016-17,1610612758,SAC,Sacramento Kings,74.0,https://cdn.nba.com/headshots/nba/latest/1040x760/204038.png,https://cdn.nba.com/logos/nba/1610612758/primary/L/logo.svg
1627781,Malachi Richardson,malachi-richardson,5,G,6-6,205,"JAN 05, 1996",21.0,R,Syracuse,2016-17,1610612758,SAC,Sacramento Kings,78.0,https://cdn.nba.com/headshots/nba/latest/1040x760/1627781.png,https://cdn.nba.com/logos/nba/1610612758/primary/L/logo.svg
200752,Rudy Gay,rudy-gay,8,F,6-8,230,"AUG 17, 1986",30.0,10,Connecticut,2016-17,1610612758,SAC,Sacramento Kings,80.0,https://cdn.nba.com/headshots/nba/latest/1040x760/200752.png,https://cdn.nba.com/logos/nba/1610612758/primary/L/logo.svg
1627746,Skal Labissiere,skal-labissiere,3,F-C,6-11,225,"MAR 18, 1996",21.0,R,Kentucky,2016-17,1610612758,SAC,Sacramento Kings,83.0,https://cdn.nba.com/headshots/nba/latest/1040x760/1627746.png,https://cdn.nba.com/logos/nba/1610612758/primary/L/logo.svg
201951,Ty Lawson,ty-lawson,10,G,5-11,195,"NOV 03, 1987",29.0,7,North Carolina,2016-17,1610612758,SAC,Sacramento Kings,71.0,https://cdn.nba.com/headshots/nba/latest/1040x760/201951.png,https://cdn.nba.com/logos/nba/1610612758/primary/L/logo.svg
201936,Tyreke Evans,tyreke-evans,32,G-F,6-6,220,"SEP 19, 1989",27.0,7,Memphis,2016-17,1610612758,SAC,Sacramento Kings,78.0,https://cdn.nba.com/headshots/nba/latest/1040x760/201936.png,https://cdn.nba.com/logos/nba/1610612758/primary/L/logo.svg
1626161,Willie Cauley-Stein,willie-cauley-stein,00,C,7-0,240,"AUG 18, 1993",23.0,1,Kentucky,2016-17,1610612758,SAC,Sacramento Kings,84.0,https://cdn.nba.com/headshots/nba/latest/1040x760/1626161.png,https://cdn.nba.com/logos/nba/1610612758/primary/L/logo.svg
1627854,Bryn Forbes,bryn-forbes,11,G,6-3,190,"JUL 23, 1993",23.0,R,Michigan State,2016-17,1610612759,SAS,San Antonio Spurs,75.0,https://cdn.nba.com/headshots/nba/latest/1040x760/1627854.png,https://cdn.nba.com/logos/nba/1610612759/primary/L/logo.svg
201980,Danny Green,danny-green,14,G-F,6-6,215,"JUN 22, 1987",30.0,7,North Carolina,2016-17,1610612759,SAS,San Antonio Spurs,78.0,https://cdn.nba.com/headshots/nba/latest/1040x760/201980.png,https://cdn.nba.com/logos/nba/1610612759/primary/L/logo.svg
101135,David Lee,david-lee,10,F-C,6-9,245,"APR 29, 1983",34.0,11,Florida,2016-17,1610612759,SAS,San Antonio Spurs,81.0,https://cdn.nba.com/headshots/nba/latest/1040x760/101135.png,https://cdn.nba.com/logos/nba/1610612759/primary/L/logo.svg
202722,Davis Bertans,davis-bertans,42,F,6-10,210,"NOV 12, 1992",24.0,R,Baskonia,2016-17,1610612759,SAS,San Antonio Spurs,82.0,https://cdn.nba.com/headshots/nba/latest/1040x760/202722.png,https://cdn.nba.com/logos/nba/1610612759/primary/L/logo.svg
1627749,Dejounte Murray,dejounte-murray,5,G,6-5,170,"SEP 19, 1996",20.0,R,Washington,2016-17,1610612759,SAS,San Antonio Spurs,77.0,https://cdn.nba.com/headshots/nba/latest/1040x760/1627749.png,https://cdn.nba.com/logos/nba/1610612759/primary/L/logo.svg
203473,Dewayne Dedmon,dewayne-dedmon,3,C,7-0,245,"AUG 12, 1989",27.0,3,USC,2016-17,1610612759,SAS,San Antonio Spurs,84.0,https://cdn.nba.com/headshots/nba/latest/1040x760/203473.png,https://cdn.nba.com/logos/nba/1610612759/primary/L/logo.svg
201202,Joel Anthony,joel-anthony,30,C,6-9,245,"AUG 09, 1982",34.0,9,UNLV,2016-17,1610612759,SAS,San Antonio Spurs,81.0,https://cdn.nba.com/headshots/nba/latest/1040x760/201202.png,https://cdn.nba.com/logos/nba/1610612759/primary/L/logo.svg
203613,Jonathon Simmons,jonathon-simmons,17,G-F,6-6,195,"SEP 14, 1989",27.0,1,Houston,2016-17,1610612759,SAS,San Antonio Spurs,78.0,https://cdn.nba.com/headshots/nba/latest/1040x760/203613.png,https://cdn.nba.com/logos/nba/1610612759/primary/L/logo.svg
202695,Kawhi Leonard,kawhi-leonard,2,F,6-7,230,"JUN 29, 1991",26.0,5,San Diego State,2016-17,1610612759,SAS,San Antonio Spurs,79.0,https://cdn.nba.com/headshots/nba/latest/1040x760/202695.png,https://cdn.nba.com/logos/nba/1610612759/primary/L/logo.svg
203937,Kyle Anderson,kyle-anderson,1,G-F,6-9,230,"SEP 20, 1993",23.0,2,UCLA,2016-17,1610612759,SAS,San Antonio Spurs,81.0,https://cdn.nba.com/headshots/nba/latest/1040x760/203937.png,https://cdn.nba.com/logos/nba/1610612759/primary/L/logo.svg
200746,LaMarcus Aldridge,lamarcus-aldridge,12,F,6-11,260,"JUL 19, 1985",31.0,10,University of Texas at Austin,2016-17,1610612759,SAS,San Antonio Spurs,83.0,https://cdn.nba.com/headshots/nba/latest/1040x760/200746.png,https://cdn.nba.com/logos/nba/1610612759/primary/L/logo.svg
1938,Manu Ginobili,manu-ginobili,20,G,6-6,205,"JUL 28, 1977",39.0,14,Virtus Bologna,2016-17,1610612759,SAS,San Antonio Spurs,78.0,https://cdn.nba.com/headshots/nba/latest/1040x760/1938.png,https://cdn.nba.com/logos/nba/1610612759/primary/L/logo.svg
201988,Patty Mills,patty-mills,8,G,6-0,185,"AUG 11, 1988",28.0,7,St. Mary's,2016-17,1610612759,SAS,San Antonio Spurs,72.0,https://cdn.nba.com/headshots/nba/latest/1040x760/201988.png,https://cdn.nba.com/logos/nba/1610612759/primary/L/logo.svg
2200,Pau Gasol,pau-gasol,16,C,7-0,250,"JUL 06, 1980",36.0,15,FC Barcelona,2016-17,1610612759,SAS,San Antonio Spurs,84.0,https://cdn.nba.com/headshots/nba/latest/1040x760/2200.png,https://cdn.nba.com/logos/nba/1610612759/primary/L/logo.svg
2225,Tony Parker,tony-parker,9,G,6-2,185,"MAY 17, 1982",35.0,15,Paris Basket Racing,2016-17,1610612759,SAS,San Antonio Spurs,74.0,https://cdn.nba.com/headshots/nba/latest/1040x760/2225.png,https://cdn.nba.com/logos/nba/1610612759/primary/L/logo.svg
203998,Bruno Caboclo,bruno-caboclo,20,F,6-9,205,"SEP 21, 1995",21.0,2,Pinheiros,2016-17,1610612761,TOR,Toronto Raptors,81.0,https://cdn.nba.com/headshots/nba/latest/1040x760/203998.png,https://cdn.nba.com/logos/nba/1610612761/primary/L/logo.svg
202709,Cory Joseph,cory-joseph,6,G,6-3,190,"AUG 20, 1991",25.0,5,Texas,2016-17,1610612761,TOR,Toronto Raptors,75.0,https://cdn.nba.com/headshots/nba/latest/1040x760/202709.png,https://cdn.nba.com/logos/nba/1610612761/primary/L/logo.svg
201942,DeMar DeRozan,demar-derozan,10,G,6-7,220,"AUG 07, 1989",27.0,7,Southern California,2016-17,1610612761,TOR,Toronto Raptors,79.0,https://cdn.nba.com/headshots/nba/latest/1040x760/201942.png,https://cdn.nba.com/logos/nba/1610612761/primary/L/logo.svg
201960,DeMarre Carroll,demarre-carroll,5,F,6-8,212,"JUL 27, 1986",30.0,7,Missouri,2016-17,1610612761,TOR,Toronto Raptors,80.0,https://cdn.nba.com/headshots/nba/latest/1040x760/201960.png,https://cdn.nba.com/logos/nba/1610612761/primary/L/logo.svg
1626153,Delon Wright,delon-wright,55,G,6-5,190,"APR 26, 1992",25.0,1,Utah,2016-17,1610612761,TOR,Toronto Raptors,77.0,https://cdn.nba.com/headshots/nba/latest/1040x760/1626153.png,https://cdn.nba.com/logos/nba/1610612761/primary/L/logo.svg
1627832,Fred VanVleet,fred-vanvleet,23,G,6-0,195,"FEB 25, 1994",23.0,R,Wichita State,2016-17,1610612761,TOR,Toronto Raptors,72.0,https://cdn.nba.com/headshots/nba/latest/1040x760/1627832.png,https://cdn.nba.com/logos/nba/1610612761/primary/L/logo.svg
1627751,Jakob Poeltl,jakob-poeltl,42,C,7-0,230,"OCT 15, 1995",21.0,R,Utah,2016-17,1610612761,TOR,Toronto Raptors,84.0,https://cdn.nba.com/headshots/nba/latest/1040x760/1627751.png,https://cdn.nba.com/logos/nba/1610612761/primary/L/logo.svg
202685,Jonas Valančiūnas,jonas-valančiūnas,17,C,7-0,255,"MAY 06, 1992",25.0,4,Lietuvos rytas Vilnius,2016-17,1610612761,TOR,Toronto Raptors,84.0,https://cdn.nba.com/headshots/nba/latest/1040x760/202685.png,https://cdn.nba.com/logos/nba/1610612761/primary/L/logo.svg
200768,Kyle Lowry,kyle-lowry,7,G,6-0,205,"MAR 25, 1986",31.0,10,Villanova,2016-17,1610612761,TOR,Toronto Raptors,72.0,https://cdn.nba.com/headshots/nba/latest/1040x760/200768.png,https://cdn.nba.com/logos/nba/1610612761/primary/L/logo.svg
203512,Lucas Nogueira,lucas-nogueira,92,C,7-0,220,"JUL 26, 1992",24.0,2,Estudiantes,2016-17,1610612761,TOR,Toronto Raptors,84.0,https://cdn.nba.com/headshots/nba/latest/1040x760/203512.png,https://cdn.nba.com/logos/nba/1610612761/primary/L/logo.svg
1626181,Norman Powell,norman-powell,24,G,6-4,215,"MAY 25, 1993",24.0,1,UCLA,2016-17,1610612761,TOR,Toronto Raptors,76.0,https://cdn.nba.com/headshots/nba/latest/1040x760/1626181.png,https://cdn.nba.com/logos/nba/1610612761/primary/L/logo.svg
200782,P.J. Tucker,pj-tucker,2,F,6-6,245,"MAY 05, 1985",32.0,5,Texas,2016-17,1610612761,TOR,Toronto Raptors,78.0,https://cdn.nba.com/headshots/nba/latest/1040x760/200782.png,https://cdn.nba.com/logos/nba/1610612761/primary/L/logo.svg
1627783,Pascal Siakam,pascal-siakam,43,F,6-9,230,"APR 02, 1994",23.0,R,New Mexico State,2016-17,1610612761,TOR,Toronto Raptors,81.0,https://cdn.nba.com/headshots/nba/latest/1040x760/1627783.png,https://cdn.nba.com/logos/nba/1610612761/primary/L/logo.svg
202335,Patrick Patterson,patrick-patterson,54,F,6-9,235,"MAR 14, 1989",28.0,6,Kentucky,2016-17,1610612761,TOR,Toronto Raptors,81.0,https://cdn.nba.com/headshots/nba/latest/1040x760/202335.png,https://cdn.nba.com/logos/nba/1610612761/primary/L/logo.svg
201586,Serge Ibaka,serge-ibaka,9,F,6-10,235,"SEP 18, 1989",27.0,7,Ricoh Manresa,2016-17,1610612761,TOR,Toronto Raptors,82.0,https://cdn.nba.com/headshots/nba/latest/1040x760/201586.png,https://cdn.nba.com/logos/nba/1610612761/primary/L/logo.svg
202692,Alec Burks,alec-burks,10,G,6-6,214,"JUL 20, 1991",25.0,5,Colorado,2016-17,1610612762,UTA,Utah Jazz,78.0,https://cdn.nba.com/headshots/nba/latest/1040x760/202692.png,https://cdn.nba.com/logos/nba/1610612762/primary/L/logo.svg
2564,Boris Diaw,boris-diaw,33,C-F,6-8,250,"APR 16, 1982",35.0,13,Pau Orthez,2016-17,1610612762,UTA,Utah Jazz,80.0,https://cdn.nba.com/headshots/nba/latest/1040x760/2564.png,https://cdn.nba.com/logos/nba/1610612762/primary/L/logo.svg
203957,Danté Exum,danté-exum,11,G,6-6,190,"JUL 13, 1995",21.0,2,Australian Institute of Sport,2016-17,1610612762,UTA,Utah Jazz,78.0,https://cdn.nba.com/headshots/nba/latest/1040x760/203957.png,https://cdn.nba.com/logos/nba/1610612762/primary/L/logo.svg
202324,Derrick Favors,derrick-favors,15,F-C,6-10,265,"JUL 15, 1991",25.0,6,Georgia Tech,2016-17,1610612762,UTA,Utah Jazz,82.0,https://cdn.nba.com/headshots/nba/latest/1040x760/202324.png,https://cdn.nba.com/logos/nba/1610612762/primary/L/logo.svg
201588,George Hill,george-hill,3,G,6-3,188,"MAY 04, 1986",31.0,8,Indiana-Purdue Indianapolis,2016-17,1610612762,UTA,Utah Jazz,75.0,https://cdn.nba.com/headshots/nba/latest/1040x760/201588.png,https://cdn.nba.com/logos/nba/1610612762/primary/L/logo.svg
202330,Gordon Hayward,gordon-hayward,20,F,6-8,226,"MAR 23, 1990",27.0,6,Butler,2016-17,1610612762,UTA,Utah Jazz,80.0,https://cdn.nba.com/headshots/nba/latest/1040x760/202330.png,https://cdn.nba.com/logos/nba/1610612762/primary/L/logo.svg
203481,Jeff Withey,jeff-withey,24,C,7-0,231,"MAR 07, 1990",27.0,3,Kansas,2016-17,1610612762,UTA,Utah Jazz,84.0,https://cdn.nba.com/headshots/nba/latest/1040x760/203481.png,https://cdn.nba.com/logos/nba/1610612762/primary/L/logo.svg
204060,Joe Ingles,joe-ingles,2,F,6-8,226,"OCT 02, 1987",29.0,2,Maccabi Tel Aviv,2016-17,1610612762,UTA,Utah Jazz,80.0,https://cdn.nba.com/headshots/nba/latest/1040x760/204060.png,https://cdn.nba.com/logos/nba/1610612762/primary/L/logo.svg
2207,Joe Johnson,joe-johnson,6,F-G,6-7,240,"JUN 29, 1981",36.0,15,Arkansas,2016-17,1610612762,UTA,Utah Jazz,79.0,https://cdn.nba.com/headshots/nba/latest/1040x760/2207.png,https://cdn.nba.com/logos/nba/1610612762/primary/L/logo.svg
1627762,Joel Bolomboy,joel-bolomboy,21,F,6-9,235,"JAN 28, 1994",23.0,R,Weber State,2016-17,1610612762,UTA,Utah Jazz,81.0,https://cdn.nba.com/headshots/nba/latest/1040x760/1627762.png,https://cdn.nba.com/logos/nba/1610612762/primary/L/logo.svg
203526,Raul Neto,raul-neto,25,G,6-1,179,"MAY 19, 1992",25.0,1,Murcia,2016-17,1610612762,UTA,Utah Jazz,73.0,https://cdn.nba.com/headshots/nba/latest/1040x760/203526.png,https://cdn.nba.com/logos/nba/1610612762/primary/L/logo.svg
203918,Rodney Hood,rodney-hood,5,G,6-8,206,"OCT 20, 1992",24.0,2,Duke,2016-17,1610612762,UTA,Utah Jazz,80.0,https://cdn.nba.com/headshots/nba/latest/1040x760/203918.png,https://cdn.nba.com/logos/nba/1610612762/primary/L/logo.svg
203497,Rudy Gobert,rudy-gobert,27,C,7-1,245,"JUN 26, 1992",25.0,3,Cholet,2016-17,1610612762,UTA,Utah Jazz,85.0,https://cdn.nba.com/headshots/nba/latest/1040x760/203497.png,https://cdn.nba.com/logos/nba/1610612762/primary/L/logo.svg
202714,Shelvin Mack,shelvin-mack,8,G,6-3,203,"APR 22, 1990",27.0,5,Butler,2016-17,1610612762,UTA,Utah Jazz,75.0,https://cdn.nba.com/headshots/nba/latest/1040x760/202714.png,https://cdn.nba.com/logos/nba/1610612762/primary/L/logo.svg
1626168,Trey Lyles,trey-lyles,41,F,6-10,234,"NOV 05, 1995",21.0,1,Kentucky,2016-17,1610612762,UTA,Utah Jazz,82.0,https://cdn.nba.com/headshots/nba/latest/1040x760/1626168.png,https://cdn.nba.com/logos/nba/1610612762/primary/L/logo.svg
202711,Bojan Bogdanovic,bojan-bogdanovic,44,G,6-8,225,"APR 18, 1989",28.0,2,Fenerbahce,2016-17,1610612764,WAS,Washington Wizards,80.0,https://cdn.nba.com/headshots/nba/latest/1040x760/202711.png,https://cdn.nba.com/logos/nba/1610612764/primary/L/logo.svg
203078,Bradley Beal,bradley-beal,3,G,6-5,207,"JUN 28, 1993",24.0,4,Florida,2016-17,1610612764,WAS,Washington Wizards,77.0,https://cdn.nba.com/headshots/nba/latest/1040x760/203078.png,https://cdn.nba.com/logos/nba/1610612764/primary/L/logo.svg
201943,Brandon Jennings,brandon-jennings,7,G,6-1,170,"SEP 23, 1989",27.0,7,Virtus Roma,2016-17,1610612764,WAS,Washington Wizards,73.0,https://cdn.nba.com/headshots/nba/latest/1040x760/201943.png,https://cdn.nba.com/logos/nba/1610612764/primary/L/logo.svg
1626191,Chris McCullough,chris-mccullough,1,F,6-9,215,"FEB 05, 1995",22.0,1,Syracuse,2016-17,1610612764,WAS,Washington Wizards,81.0,https://cdn.nba.com/headshots/nba/latest/1040x760/1626191.png,https://cdn.nba.com/logos/nba/1610612764/primary/L/logo.svg
1627849,Daniel Ochefu,daniel-ochefu,32,F,6-11,245,"DEC 15, 1993",23.0,R,Villanova,2016-17,1610612764,WAS,Washington Wizards,83.0,https://cdn.nba.com/headshots/nba/latest/1040x760/1627849.png,https://cdn.nba.com/logos/nba/1610612764/primary/L/logo.svg
101133,Ian Mahinmi,ian-mahinmi,28,C,6-11,262,"NOV 05, 1986",30.0,8,Pau Orthez,2016-17,1610612764,WAS,Washington Wizards,83.0,https://cdn.nba.com/headshots/nba/latest/1040x760/101133.png,https://cdn.nba.com/logos/nba/1610612764/primary/L/logo.svg
201160,Jason Smith,jason-smith,14,F-C,7-0,240,"MAR 02, 1986",31.0,8,Colorado State,2016-17,1610612764,WAS,Washington Wizards,84.0,https://cdn.nba.com/headshots/nba/latest/1040x760/201160.png,https://cdn.nba.com/logos/nba/1610612764/primary/L/logo.svg
202322,John Wall,john-wall,2,G,6-4,210,"SEP 06, 1990",26.0,6,Kentucky,2016-17,1610612764,WAS,Washington Wizards,76.0,https://cdn.nba.com/headshots/nba/latest/1040x760/202322.png,https://cdn.nba.com/logos/nba/1610612764/primary/L/logo.svg
1626162,Kelly Oubre Jr.,kelly-oubre-jr,12,F,6-7,205,"DEC 09, 1995",21.0,1,Kansas,2016-17,1610612764,WAS,Washington Wizards,79.0,https://cdn.nba.com/headshots/nba/latest/1040x760/1626162.png,https://cdn.nba.com/logos/nba/1610612764/primary/L/logo.svg
101162,Marcin Gortat,marcin-gortat,13,C,6-11,240,"FEB 17, 1984",33.0,9,RheinEnergie Cologne,2016-17,1610612764,WAS,Washington Wizards,83.0,https://cdn.nba.com/headshots/nba/latest/1040x760/101162.png,https://cdn.nba.com/logos/nba/1610612764/primary/L/logo.svg
202693,Markieff Morris,markieff-morris,5,F,6-10,245,"SEP 02, 1989",27.0,5,Kansas,2016-17,1610612764,WAS,Washington Wizards,82.0,https://cdn.nba.com/headshots/nba/latest/1040x760/202693.png,https://cdn.nba.com/logos/nba/1610612764/primary/L/logo.svg
203490,Otto Porter Jr.,otto-porter-jr,22,F,6-8,198,"JUN 03, 1993",24.0,3,Georgetown,2016-17,1610612764,WAS,Washington Wizards,80.0,https://cdn.nba.com/headshots/nba/latest/1040x760/203490.png,https://cdn.nba.com/logos/nba/1610612764/primary/L/logo.svg
1627815,Sheldon Mac,sheldon-mac,9,G-F,6-6,200,"DEC 21, 1992",24.0,R,Miami,2016-17,1610612764,WAS,Washington Wizards,78.0,https://cdn.nba.com/headshots/nba/latest/1040x760/1627815.png,https://cdn.nba.com/logos/nba/1610612764/primary/L/logo.svg
203107,Tomas Satoransky,tomas-satoransky,31,G-F,6-7,210,"OCT 30, 1991",25.0,R,FC Barcelona,2016-17,1610612764,WAS,Washington Wizards,79.0,https://cdn.nba.com/headshots/nba/latest/1040x760/203107.png,https://cdn.nba.com/logos/nba/1610612764/primary/L/logo.svg
203504,Trey Burke,trey-burke,33,G,6-1,191,"NOV 12, 1992",24.0,3,Michigan,2016-17,1610612764,WAS,Washington Wizards,73.0,https://cdn.nba.com/headshots/nba/latest/1040x760/203504.png,https://cdn.nba.com/logos/nba/1610612764/primary/L/logo.svg
1628510,Andrew White III,andrew-white-iii,4,F,6-7,210,"JUN 16, 1993",25.0,R,Syracuse,2017-18,1610612737,ATL,Atlanta Hawks,79.0,https://cdn.nba.com/headshots/nba/latest/1040x760/1628510.png,https://cdn.nba.com/logos/nba/1610612737/primary/L/logo.svg
1628499,Antonius Cleveland,antonius-cleveland,0,G,6-6,195,"FEB 02, 1994",24.0,R,S.E. Missouri,2017-18,1610612737,ATL,Atlanta Hawks,78.0,https://cdn.nba.com/headshots/nba/latest/1040x760/1628499.png,https://cdn.nba.com/logos/nba/1610612737/primary/L/logo.svg
1627814,Damion Lee,damion-lee,8,G,6-6,210,"OCT 21, 1992",25.0,R,Drexel,2017-18,1610612737,ATL,Atlanta Hawks,78.0,https://cdn.nba.com/headshots/nba/latest/1040x760/1627814.png,https://cdn.nba.com/logos/nba/1610612737/primary/L/logo.svg
1627761,DeAndre' Bembry,deandre-bembry,95,F-G,6-6,210,"JUL 04, 1994",23.0,1,St. Joseph's (PA),2017-18,1610612737,ATL,Atlanta Hawks,78.0,https://cdn.nba.com/headshots/nba/latest/1040x760/1627761.png,https://cdn.nba.com/logos/nba/1610612737/primary/L/logo.svg
203471,Dennis Schröder,dennis-schröder,17,G,6-1,172,"SEP 15, 1993",24.0,4,Braunschweig,2017-18,1610612737,ATL,Atlanta Hawks,73.0,https://cdn.nba.com/headshots/nba/latest/1040x760/203471.png,https://cdn.nba.com/logos/nba/1610612737/primary/L/logo.svg
203473,Dewayne Dedmon,dewayne-dedmon,14,C,7-0,245,"AUG 12, 1989",28.0,4,USC,2017-18,1610612737,ATL,Atlanta Hawks,84.0,https://cdn.nba.com/headshots/nba/latest/1040x760/203473.png,https://cdn.nba.com/logos/nba/1610612737/primary/L/logo.svg
1627819,Isaiah Taylor,isaiah-taylor,22,G,6-3,170,"JUL 11, 1994",23.0,1,Texas,2017-18,1610612737,ATL,Atlanta Hawks,75.0,https://cdn.nba.com/headshots/nba/latest/1040x760/1627819.png,https://cdn.nba.com/logos/nba/1610612737/primary/L/logo.svg
1628537,Jaylen Morris,jaylen-morris,3,G,6-5,185,"SEP 19, 1995",22.0,R,Molloy,2017-18,1610612737,ATL,Atlanta Hawks,77.0,https://cdn.nba.com/headshots/nba/latest/1040x760/1628537.png,https://cdn.nba.com/logos/nba/1610612737/primary/L/logo.svg
202379,Jeremy Evans,jeremy-evans,6,F,6-9,200,"OCT 24, 1987",30.0,6,Western Kentucky,2017-18,1610612737,ATL,Atlanta Hawks,81.0,https://cdn.nba.com/headshots/nba/latest/1040x760/202379.png,https://cdn.nba.com/logos/nba/1610612737/primary/L/logo.svg
1628381,John Collins,john-collins,20,F-C,6-10,235,"SEP 23, 1997",20.0,R,Wake Forest,2017-18,1610612737,ATL,Atlanta Hawks,82.0,https://cdn.nba.com/headshots/nba/latest/1040x760/1628381.png,https://cdn.nba.com/logos/nba/1610612737/primary/L/logo.svg
203705,Josh Magette,josh-magette,11,G,6-1,160,"NOV 28, 1989",28.0,R,Alabama Huntsville,2017-18,1610612737,ATL,Atlanta Hawks,73.0,https://cdn.nba.com/headshots/nba/latest/1040x760/203705.png,https://cdn.nba.com/logos/nba/1610612737/primary/L/logo.svg
203145,Kent Bazemore,kent-bazemore,24,G,6-5,201,"JUL 01, 1989",28.0,5,Old Dominion,2017-18,1610612737,ATL,Atlanta Hawks,77.0,https://cdn.nba.com/headshots/nba/latest/1040x760/203145.png,https://cdn.nba.com/logos/nba/1610612737/primary/L/logo.svg
1627098,Malcolm Delaney,malcolm-delaney,5,G,6-3,190,"MAR 11, 1989",29.0,1,Virginia Tech,2017-18,1610612737,ATL,Atlanta Hawks,75.0,https://cdn.nba.com/headshots/nba/latest/1040x760/1627098.png,https://cdn.nba.com/logos/nba/1610612737/primary/L/logo.svg
203488,Mike Muscala,mike-muscala,31,F-C,6-11,240,"JUL 01, 1991",26.0,4,Bucknell,2017-18,1610612737,ATL,Atlanta Hawks,83.0,https://cdn.nba.com/headshots/nba/latest/1040x760/203488.png,https://cdn.nba.com/logos/nba/1610612737/primary/L/logo.svg
203101,Miles Plumlee,miles-plumlee,18,C-F,6-11,249,"SEP 01, 1988",29.0,5,Duke,2017-18,1610612737,ATL,Atlanta Hawks,83.0,https://cdn.nba.com/headshots/nba/latest/1040x760/203101.png,https://cdn.nba.com/logos/nba/1610612737/primary/L/logo.svg
1627752,Taurean Prince,taurean-prince,12,F,6-8,220,"MAR 22, 1994",24.0,1,Baylor,2017-18,1610612737,ATL,Atlanta Hawks,80.0,https://cdn.nba.com/headshots/nba/latest/1040x760/1627752.png,https://cdn.nba.com/logos/nba/1610612737/primary/L/logo.svg
1628463,Tyler Cavanaugh,tyler-cavanaugh,34,F,6-9,238,"FEB 09, 1994",24.0,R,George Washington,2017-18,1610612737,ATL,Atlanta Hawks,81.0,https://cdn.nba.com/headshots/nba/latest/1040x760/1628463.png,https://cdn.nba.com/logos/nba/1610612737/primary/L/logo.svg
1628416,Tyler Dorsey,tyler-dorsey,2,G,6-5,183,"FEB 18, 1996",22.0,R,Oregon,2017-18,1610612737,ATL,Atlanta Hawks,77.0,https://cdn.nba.com/headshots/nba/latest/1040x760/1628416.png,https://cdn.nba.com/logos/nba/1610612737/primary/L/logo.svg
203459,Allen Crabbe,allen-crabbe,33,G-F,6-6,215,"APR 09, 1992",26.0,4,California,2017-18,1610612751,BKN,Brooklyn Nets,78.0,https://cdn.nba.com/headshots/nba/latest/1040x760/203459.png,https://cdn.nba.com/logos/nba/1610612751/primary/L/logo.svg
1627747,Caris LeVert,caris-levert,22,G-F,6-7,203,"AUG 25, 1994",23.0,1,Michigan,2017-18,1610612751,BKN,Brooklyn Nets,79.0,https://cdn.nba.com/headshots/nba/latest/1040x760/1627747.png,https://cdn.nba.com/logos/nba/1610612751/primary/L/logo.svg
1626156,D'Angelo Russell,dangelo-russell,1,G,6-5,195,"FEB 23, 1996",22.0,2,Ohio State,2017-18,1610612751,BKN,Brooklyn Nets,77.0,https://cdn.nba.com/headshots/nba/latest/1040x760/1626156.png,https://cdn.nba.com/logos/nba/1610612751/primary/L/logo.svg
201967,Dante Cunningham,dante-cunningham,44,F,6-8,230,"APR 22, 1987",31.0,8,Villanova,2017-18,1610612751,BKN,Brooklyn Nets,80.0,https://cdn.nba.com/headshots/nba/latest/1040x760/201967.png,https://cdn.nba.com/logos/nba/1610612751/primary/L/logo.svg
201960,DeMarre Carroll,demarre-carroll,9,F,6-8,215,"JUL 27, 1986",31.0,8,Missouri,2017-18,1610612751,BKN,Brooklyn Nets,80.0,https://cdn.nba.com/headshots/nba/latest/1040x760/201960.png,https://cdn.nba.com/logos/nba/1610612751/primary/L/logo.svg
1627785,Isaiah Whitehead,isaiah-whitehead,15,G,6-4,213,"MAR 08, 1995",23.0,1,Seton Hall,2017-18,1610612751,BKN,Brooklyn Nets,76.0,https://cdn.nba.com/headshots/nba/latest/1040x760/1627785.png,https://cdn.nba.com/logos/nba/1610612751/primary/L/logo.svg
1626143,Jahlil Okafor,jahlil-okafor,4,C,6-11,260,"DEC 15, 1995",22.0,2,Duke,2017-18,1610612751,BKN,Brooklyn Nets,83.0,https://cdn.nba.com/headshots/nba/latest/1040x760/1626143.png,https://cdn.nba.com/logos/nba/1610612751/primary/L/logo.svg
1627821,James Webb III,james-webb-iii,0,F,6-9,202,"AUG 19, 1993",24.0,R,Boise State,2017-18,1610612751,BKN,Brooklyn Nets,81.0,https://cdn.nba.com/headshots/nba/latest/1040x760/1627821.png,https://cdn.nba.com/logos/nba/1610612751/primary/L/logo.svg
1628386,Jarrett Allen,jarrett-allen,31,C,6-11,234,"APR 21, 1998",20.0,R,Texas,2017-18,1610612751,BKN,Brooklyn Nets,83.0,https://cdn.nba.com/headshots/nba/latest/1040x760/1628386.png,https://cdn.nba.com/logos/nba/1610612751/primary/L/logo.svg
202391,Jeremy Lin,jeremy-lin,7,G,6-3,200,"AUG 23, 1988",29.0,7,Harvard,2017-18,1610612751,BKN,Brooklyn Nets,75.0,https://cdn.nba.com/headshots/nba/latest/1040x760/202391.png,https://cdn.nba.com/logos/nba/1610612751/primary/L/logo.svg
203925,Joe Harris,joe-harris,12,F-G,6-6,219,"SEP 06, 1991",26.0,3,Virginia,2017-18,1610612751,BKN,Brooklyn Nets,78.0,https://cdn.nba.com/headshots/nba/latest/1040x760/203925.png,https://cdn.nba.com/logos/nba/1610612751/primary/L/logo.svg
1628495,Milton Doyle,milton-doyle,14,G,6-4,180,"OCT 31, 1993",24.0,R,Loyola-Chicago,2017-18,1610612751,BKN,Brooklyn Nets,76.0,https://cdn.nba.com/headshots/nba/latest/1040x760/1628495.png,https://cdn.nba.com/logos/nba/1610612751/primary/L/logo.svg
203917,Nik Stauskas,nik-stauskas,2,G,6-6,205,"OCT 07, 1993",24.0,3,Michigan,2017-18,1610612751,BKN,Brooklyn Nets,78.0,https://cdn.nba.com/headshots/nba/latest/1040x760/203917.png,https://cdn.nba.com/logos/nba/1610612751/primary/L/logo.svg
203112,Quincy Acy,quincy-acy,13,F,6-7,240,"OCT 06, 1990",27.0,5,Baylor,2017-18,1610612751,BKN,Brooklyn Nets,79.0,https://cdn.nba.com/headshots/nba/latest/1040x760/203112.png,https://cdn.nba.com/logos/nba/1610612751/primary/L/logo.svg
1626178,Rondae Hollis-Jefferson,rondae-hollis-jefferson,24,F,6-7,214,"JAN 03, 1995",23.0,2,Arizona,2017-18,1610612751,BKN,Brooklyn Nets,79.0,https://cdn.nba.com/headshots/nba/latest/1040x760/1626178.png,https://cdn.nba.com/logos/nba/1610612751/primary/L/logo.svg
203915,Spencer Dinwiddie,spencer-dinwiddie,8,G,6-6,200,"APR 06, 1993",25.0,3,Colorado,2017-18,1610612751,BKN,Brooklyn Nets,78.0,https://cdn.nba.com/headshots/nba/latest/1040x760/203915.png,https://cdn.nba.com/logos/nba/1610612751/primary/L/logo.svg
202389,Timofey Mozgov,timofey-mozgov,20,C,7-1,275,"JUL 16, 1986",31.0,7,Khimki,2017-18,1610612751,BKN,Brooklyn Nets,85.0,https://cdn.nba.com/headshots/nba/latest/1040x760/202389.png,https://cdn.nba.com/logos/nba/1610612751/primary/L/logo.svg
1627846,Abdel Nader,abdel-nader,28,F,6-6,230,"SEP 25, 1993",24.0,R,Iowa State,2017-18,1610612738,BOS,Boston Celtics,78.0,https://cdn.nba.com/headshots/nba/latest/1040x760/1627846.png,https://cdn.nba.com/logos/nba/1610612738/primary/L/logo.svg
201143,Al Horford,al-horford,42,F-C,6-10,245,"JUN 03, 1986",32.0,10,Florida,2017-18,1610612738,BOS,Boston Celtics,82.0,https://cdn.nba.com/headshots/nba/latest/1040x760/201143.png,https://cdn.nba.com/logos/nba/1610612738/primary/L/logo.svg
203382,Aron Baynes,aron-baynes,46,C,6-10,260,"DEC 09, 1986",31.0,5,Washington State,2017-18,1610612738,BOS,Boston Celtics,82.0,https://cdn.nba.com/headshots/nba/latest/1040x760/203382.png,https://cdn.nba.com/logos/nba/1610612738/primary/L/logo.svg
1628464,Daniel Theis,daniel-theis,27,F-C,6-9,243,"APR 04, 1992",26.0,R,Brose Bamberg,2017-18,1610612738,BOS,Boston Celtics,81.0,https://cdn.nba.com/headshots/nba/latest/1040x760/1628464.png,https://cdn.nba.com/logos/nba/1610612738/primary/L/logo.svg
202330,Gordon Hayward,gordon-hayward,20,F,6-8,226,"MAR 23, 1990",28.0,7,Butler,2017-18,1610612738,BOS,Boston Celtics,80.0,https://cdn.nba.com/headshots/nba/latest/1040x760/202330.png,https://cdn.nba.com/logos/nba/1610612738/primary/L/logo.svg
202328,Greg Monroe,greg-monroe,55,C-F,6-11,265,"JUN 04, 1990",28.0,7,Georgetown,2017-18,1610612738,BOS,Boston Celtics,83.0,https://cdn.nba.com/headshots/nba/latest/1040x760/202328.png,https://cdn.nba.com/logos/nba/1610612738/primary/L/logo.svg
1627824,Guerschon Yabusele,guerschon-yabusele,30,F,6-8,260,"DEC 17, 1995",22.0,R,"Rouen, France",2017-18,1610612738,BOS,Boston Celtics,80.0,https://cdn.nba.com/headshots/nba/latest/1040x760/1627824.png,https://cdn.nba.com/logos/nba/1610612738/primary/L/logo.svg
1628444,Jabari Bird,jabari-bird,26,G,6-6,198,"JUL 03, 1994",23.0,R,California,2017-18,1610612738,BOS,Boston Celtics,78.0,https://cdn.nba.com/headshots/nba/latest/1040x760/1628444.png,https://cdn.nba.com/logos/nba/1610612738/primary/L/logo.svg
1627759,Jaylen Brown,jaylen-brown,7,G-F,6-7,225,"OCT 24, 1996",21.0,1,California,2017-18,1610612738,BOS,Boston Celtics,79.0,https://cdn.nba.com/headshots/nba/latest/1040x760/1627759.png,https://cdn.nba.com/logos/nba/1610612738/primary/L/logo.svg
1628369,Jayson Tatum,jayson-tatum,0,F,6-8,205,"MAR 03, 1998",20.0,R,Duke,2017-18,1610612738,BOS,Boston Celtics,80.0,https://cdn.nba.com/headshots/nba/latest/1040x760/1628369.png,https://cdn.nba.com/logos/nba/1610612738/primary/L/logo.svg
1626780,Jonathan Gibson,jonathan-gibson,60,G,6-2,185,"NOV 08, 1987",30.0,1,New Mexico State,2017-18,1610612738,BOS,Boston Celtics,74.0,https://cdn.nba.com/headshots/nba/latest/1040x760/1626780.png,https://cdn.nba.com/logos/nba/1610612738/primary/L/logo.svg
1628443,Kadeem Allen,kadeem-allen,45,G,6-3,200,"JAN 15, 1993",25.0,R,Arizona,2017-18,1610612738,BOS,Boston Celtics,75.0,https://cdn.nba.com/headshots/nba/latest/1040x760/1628443.png,https://cdn.nba.com/logos/nba/1610612738/primary/L/logo.svg
202681,Kyrie Irving,kyrie-irving,11,G,6-3,193,"MAR 23, 1992",26.0,6,Duke,2017-18,1610612738,BOS,Boston Celtics,75.0,https://cdn.nba.com/headshots/nba/latest/1040x760/202681.png,https://cdn.nba.com/logos/nba/1610612738/primary/L/logo.svg
202694,Marcus Morris Sr.,marcus-morris-sr,13,F,6-9,235,"SEP 02, 1989",28.0,6,Kansas,2017-18,1610612738,BOS,Boston Celtics,81.0,https://cdn.nba.com/headshots/nba/latest/1040x760/202694.png,https://cdn.nba.com/logos/nba/1610612738/primary/L/logo.svg
203935,Marcus Smart,marcus-smart,36,G,6-4,220,"MAR 06, 1994",24.0,3,Oklahoma State,2017-18,1610612738,BOS,Boston Celtics,76.0,https://cdn.nba.com/headshots/nba/latest/1040x760/203935.png,https://cdn.nba.com/logos/nba/1610612738/primary/L/logo.svg
1628400,Semi Ojeleye,semi-ojeleye,37,F,6-7,235,"DEC 05, 1994",23.0,R,Southern Methodist,2017-18,1610612738,BOS,Boston Celtics,79.0,https://cdn.nba.com/headshots/nba/latest/1040x760/1628400.png,https://cdn.nba.com/logos/nba/1610612738/primary/L/logo.svg
203499,Shane Larkin,shane-larkin,8,G,5-11,175,"OCT 02, 1992",25.0,3,Miami,2017-18,1610612738,BOS,Boston Celtics,71.0,https://cdn.nba.com/headshots/nba/latest/1040x760/203499.png,https://cdn.nba.com/logos/nba/1610612738/primary/L/logo.svg
1626179,Terry Rozier,terry-rozier,12,G,6-2,190,"MAR 17, 1994",24.0,2,Louisville,2017-18,1610612738,BOS,Boston Celtics,74.0,https://cdn.nba.com/headshots/nba/latest/1040x760/1626179.png,https://cdn.nba.com/logos/nba/1610612738/primary/L/logo.svg
202918,Xavier Silas,xavier-silas,9,G,6-5,205,"JAN 22, 1988",30.0,1,Northern Illinois,2017-18,1610612738,BOS,Boston Celtics,77.0,https://cdn.nba.com/headshots/nba/latest/1040x760/202918.png,https://cdn.nba.com/logos/nba/1610612738/primary/L/logo.svg
203469,Cody Zeller,cody-zeller,40,C-F,7-0,240,"OCT 05, 1992",25.0,4,Indiana,2017-18,1610612766,CHA,Charlotte Hornets,84.0,https://cdn.nba.com/headshots/nba/latest/1040x760/203469.png,https://cdn.nba.com/logos/nba/1610612766/primary/L/logo.svg
1628407,Dwayne Bacon,dwayne-bacon,7,F,6-7,221,"AUG 30, 1995",22.0,R,Florida State,2017-18,1610612766,CHA,Charlotte Hornets,79.0,https://cdn.nba.com/headshots/nba/latest/1040x760/1628407.png,https://cdn.nba.com/logos/nba/1610612766/primary/L/logo.svg
2730,Dwight Howard,dwight-howard,12,C,6-11,265,"DEC 08, 1985",32.0,13,SW Atlanta Christian Academy (GA),2017-18,1610612766,CHA,Charlotte Hornets,83.0,https://cdn.nba.com/headshots/nba/latest/1040x760/2730.png,https://cdn.nba.com/logos/nba/1610612766/primary/L/logo.svg
1626163,Frank Kaminsky,frank-kaminsky,44,F-C,7-0,242,"APR 04, 1993",25.0,2,Wisconsin,2017-18,1610612766,CHA,Charlotte Hornets,84.0,https://cdn.nba.com/headshots/nba/latest/1040x760/1626163.png,https://cdn.nba.com/logos/nba/1610612766/primary/L/logo.svg
203087,Jeremy Lamb,jeremy-lamb,3,G,6-5,185,"MAY 30, 1992",26.0,5,Connecticut,2017-18,1610612766,CHA,Charlotte Hornets,77.0,https://cdn.nba.com/headshots/nba/latest/1040x760/203087.png,https://cdn.nba.com/logos/nba/1610612766/primary/L/logo.svg
202933,Julyan Stone,julyan-stone,32,G,6-6,200,"DEC 07, 1988",29.0,3,Texas-El Paso,2017-18,1610612766,CHA,Charlotte Hornets,78.0,https://cdn.nba.com/headshots/nba/latest/1040x760/202933.png,https://cdn.nba.com/logos/nba/1610612766/primary/L/logo.svg
202689,Kemba Walker,kemba-walker,15,G,6-1,184,"MAY 08, 1990",28.0,6,Connecticut,2017-18,1610612766,CHA,Charlotte Hornets,73.0,https://cdn.nba.com/headshots/nba/latest/1040x760/202689.png,https://cdn.nba.com/logos/nba/1610612766/primary/L/logo.svg
1628370,Malik Monk,malik-monk,1,G,6-3,200,"FEB 04, 1998",20.0,R,Kentucky,2017-18,1610612766,CHA,Charlotte Hornets,75.0,https://cdn.nba.com/headshots/nba/latest/1040x760/1628370.png,https://cdn.nba.com/logos/nba/1610612766/primary/L/logo.svg
1628493,Mangok Mathiang,mangok-mathiang,9,F-C,6-10,230,"OCT 08, 1992",25.0,R,Louisville,2017-18,1610612766,CHA,Charlotte Hornets,82.0,https://cdn.nba.com/headshots/nba/latest/1040x760/1628493.png,https://cdn.nba.com/logos/nba/1610612766/primary/L/logo.svg
1627779,Marcus Paige,marcus-paige,4,G,6-0,164,"SEP 11, 1993",24.0,R,North Carolina,2017-18,1610612766,CHA,Charlotte Hornets,72.0,https://cdn.nba.com/headshots/nba/latest/1040x760/1627779.png,https://cdn.nba.com/logos/nba/1610612766/primary/L/logo.svg
101107,Marvin Williams,marvin-williams,2,F,6-9,237,"JUN 19, 1986",32.0,12,North Carolina,2017-18,1610612766,CHA,Charlotte Hornets,81.0,https://cdn.nba.com/headshots/nba/latest/1040x760/101107.png,https://cdn.nba.com/logos/nba/1610612766/primary/L/logo.svg
203487,Michael Carter-Williams,michael-carter-williams,10,G,6-6,190,"OCT 10, 1991",26.0,4,Syracuse,2017-18,1610612766,CHA,Charlotte Hornets,78.0,https://cdn.nba.com/headshots/nba/latest/1040x760/203487.png,https://cdn.nba.com/logos/nba/1610612766/primary/L/logo.svg
203077,Michael Kidd-Gilchrist,michael-kidd-gilchrist,14,F,6-7,232,"SEP 26, 1993",24.0,5,Kentucky,2017-18,1610612766,CHA,Charlotte Hornets,79.0,https://cdn.nba.com/headshots/nba/latest/1040x760/203077.png,https://cdn.nba.com/logos/nba/1610612766/primary/L/logo.svg
201587,Nicolas Batum,nicolas-batum,5,G-F,6-8,200,"DEC 14, 1988",29.0,9,Le Mans,2017-18,1610612766,CHA,Charlotte Hornets,80.0,https://cdn.nba.com/headshots/nba/latest/1040x760/201587.png,https://cdn.nba.com/logos/nba/1610612766/primary/L/logo.svg
1626203,Treveon Graham,treveon-graham,21,G-F,6-5,219,"OCT 28, 1993",24.0,1,Va Commonwealth,2017-18,1610612766,CHA,Charlotte Hornets,77.0,https://cdn.nba.com/headshots/nba/latest/1040x760/1626203.png,https://cdn.nba.com/logos/nba/1610612766/primary/L/logo.svg
1626195,Willy Hernangomez,willy-hernangomez,41,C,6-11,240,"MAY 27, 1994",24.0,1,Cajasol Sevilla,2017-18,1610612766,CHA,Charlotte Hornets,83.0,https://cdn.nba.com/headshots/nba/latest/1040x760/1626195.png,https://cdn.nba.com/logos/nba/1610612766/primary/L/logo.svg
1628469,Antonio Blakeney,antonio-blakeney,9,G,6-4,197,"OCT 04, 1996",21.0,R,Louisiana State,2017-18,1610612741,CHI,Chicago Bulls,76.0,https://cdn.nba.com/headshots/nba/latest/1040x760/1628469.png,https://cdn.nba.com/logos/nba/1610612741/primary/L/logo.svg
1626171,Bobby Portis,bobby-portis,5,F,6-11,248,"FEB 10, 1995",23.0,2,Arkansas,2017-18,1610612741,CHI,Chicago Bulls,83.0,https://cdn.nba.com/headshots/nba/latest/1040x760/1626171.png,https://cdn.nba.com/logos/nba/1610612741/primary/L/logo.svg
1626166,Cameron Payne,cameron-payne,22,G,6-3,185,"AUG 08, 1994",23.0,2,Murray State,2017-18,1610612741,CHI,Chicago Bulls,75.0,https://cdn.nba.com/headshots/nba/latest/1040x760/1626166.png,https://cdn.nba.com/logos/nba/1610612741/primary/L/logo.svg
1626245,Cristiano Felicio,cristiano-felicio,6,C-F,6-9,280,"JUL 07, 1992",25.0,2,Flamengo,2017-18,1610612741,CHI,Chicago Bulls,81.0,https://cdn.nba.com/headshots/nba/latest/1040x760/1626245.png,https://cdn.nba.com/logos/nba/1610612741/primary/L/logo.svg
1628021,David Nwaba,david-nwaba,11,F,6-4,209,"JAN 14, 1993",25.0,1,Cal Poly-Obispo,2017-18,1610612741,CHI,Chicago Bulls,76.0,https://cdn.nba.com/headshots/nba/latest/1040x760/1628021.png,https://cdn.nba.com/logos/nba/1610612741/primary/L/logo.svg
1627756,Denzel Valentine,denzel-valentine,45,F,6-6,214,"NOV 16, 1993",24.0,1,Michigan State,2017-18,1610612741,CHI,Chicago Bulls,78.0,https://cdn.nba.com/headshots/nba/latest/1040x760/1627756.png,https://cdn.nba.com/logos/nba/1610612741/primary/L/logo.svg
204067,Jarell Eddie,jarell-eddie,31,G-F,6-7,218,"OCT 30, 1991",26.0,2,Virginia Tech,2017-18,1610612741,CHI,Chicago Bulls,79.0,https://cdn.nba.com/headshots/nba/latest/1040x760/204067.png,https://cdn.nba.com/logos/nba/1610612741/primary/L/logo.svg
1626170,Jerian Grant,jerian-grant,2,G,6-4,198,"OCT 09, 1992",25.0,2,Notre Dame,2017-18,1610612741,CHI,Chicago Bulls,76.0,https://cdn.nba.com/headshots/nba/latest/1040x760/1626170.png,https://cdn.nba.com/logos/nba/1610612741/primary/L/logo.svg
203200,Justin Holiday,justin-holiday,7,G-F,6-6,185,"APR 05, 1989",29.0,4,Washington,2017-18,1610612741,CHI,Chicago Bulls,78.0,https://cdn.nba.com/headshots/nba/latest/1040x760/203200.png,https://cdn.nba.com/logos/nba/1610612741/primary/L/logo.svg
1627739,Kris Dunn,kris-dunn,32,G,6-4,210,"MAR 18, 1994",24.0,1,Providence,2017-18,1610612741,CHI,Chicago Bulls,76.0,https://cdn.nba.com/headshots/nba/latest/1040x760/1627739.png,https://cdn.nba.com/logos/nba/1610612741/primary/L/logo.svg
1628374,Lauri Markkanen,lauri-markkanen,24,F,7-0,230,"MAY 22, 1997",21.0,R,Arizona,2017-18,1610612741,CHI,Chicago Bulls,84.0,https://cdn.nba.com/headshots/nba/latest/1040x760/1628374.png,https://cdn.nba.com/logos/nba/1610612741/primary/L/logo.svg
203943,Noah Vonleh,noah-vonleh,30,F,6-9,245,"AUG 24, 1995",22.0,3,Indiana,2017-18,1610612741,CHI,Chicago Bulls,81.0,https://cdn.nba.com/headshots/nba/latest/1040x760/203943.png,https://cdn.nba.com/logos/nba/1610612741/primary/L/logo.svg
201600,Omer Asik,omer-asik,3,C,7-0,255,"JUL 04, 1986",31.0,7,Fenerbahce,2017-18,1610612741,CHI,Chicago Bulls,84.0,https://cdn.nba.com/headshots/nba/latest/1040x760/201600.png,https://cdn.nba.com/logos/nba/1610612741/primary/L/logo.svg
1627835,Paul Zipser,paul-zipser,16,F,6-8,226,"FEB 18, 1994",24.0,1,Bayern Munich,2017-18,1610612741,CHI,Chicago Bulls,80.0,https://cdn.nba.com/headshots/nba/latest/1040x760/1627835.png,https://cdn.nba.com/logos/nba/1610612741/primary/L/logo.svg
201577,Robin Lopez,robin-lopez,42,C,7-0,277,"APR 01, 1988",30.0,9,Stanford,2017-18,1610612741,CHI,Chicago Bulls,84.0,https://cdn.nba.com/headshots/nba/latest/1040x760/201577.png,https://cdn.nba.com/logos/nba/1610612741/primary/L/logo.svg
1627853,Ryan Arcidiacono,ryan-arcidiacono,15,G,6-3,195,"MAR 26, 1994",24.0,R,Villanova,2017-18,1610612741,CHI,Chicago Bulls,75.0,https://cdn.nba.com/headshots/nba/latest/1040x760/1627853.png,https://cdn.nba.com/logos/nba/1610612741/primary/L/logo.svg
203930,Sean Kilpatrick,sean-kilpatrick,0,G,6-4,212,"JAN 06, 1990",28.0,3,Cincinnati,2017-18,1610612741,CHI,Chicago Bulls,76.0,https://cdn.nba.com/headshots/nba/latest/1040x760/203930.png,https://cdn.nba.com/logos/nba/1610612741/primary/L/logo.svg
203897,Zach LaVine,zach-lavine,8,G,6-5,185,"MAR 10, 1995",23.0,3,UCLA,2017-18,1610612741,CHI,Chicago Bulls,77.0,https://cdn.nba.com/headshots/nba/latest/1040x760/203897.png,https://cdn.nba.com/logos/nba/1610612741/primary/L/logo.svg
1627790,Ante Zizic,ante-zizic,41,F-C,6-11,250,"JAN 04, 1997",21.0,R,Darussafaka,2017-18,1610612739,CLE,Cleveland Cavaliers,83.0,https://cdn.nba.com/headshots/nba/latest/1040x760/1627790.png,https://cdn.nba.com/logos/nba/1610612739/primary/L/logo.svg
1626224,Cedi Osman,cedi-osman,16,F-G,6-8,215,"APR 08, 1995",23.0,R,Anadolu Efes,2017-18,1610612739,CLE,Cleveland Cavaliers,80.0,https://cdn.nba.com/headshots/nba/latest/1040x760/1626224.png,https://cdn.nba.com/logos/nba/1610612739/primary/L/logo.svg
201588,George Hill,george-hill,3,G,6-3,188,"MAY 04, 1986",32.0,9,Indiana-Purdue Indianapolis,2017-18,1610612739,CLE,Cleveland Cavaliers,75.0,https://cdn.nba.com/headshots/nba/latest/1040x760/201588.png,https://cdn.nba.com/logos/nba/1610612739/primary/L/logo.svg
2747,JR Smith,jr-smith,5,G-F,6-6,225,"SEP 09, 1985",32.0,13,No College,2017-18,1610612739,CLE,Cleveland Cavaliers,78.0,https://cdn.nba.com/headshots/nba/latest/1040x760/2747.png,https://cdn.nba.com/logos/nba/1610612739/primary/L/logo.svg
201145,Jeff Green,jeff-green,32,F,6-9,235,"AUG 28, 1986",31.0,10,Georgetown,2017-18,1610612739,CLE,Cleveland Cavaliers,81.0,https://cdn.nba.com/headshots/nba/latest/1040x760/201145.png,https://cdn.nba.com/logos/nba/1610612739/primary/L/logo.svg
203903,Jordan Clarkson,jordan-clarkson,8,G,6-5,194,"JUN 07, 1992",26.0,3,Missouri,2017-18,1610612739,CLE,Cleveland Cavaliers,77.0,https://cdn.nba.com/headshots/nba/latest/1040x760/203903.png,https://cdn.nba.com/logos/nba/1610612739/primary/L/logo.svg
101181,Jose Calderon,jose-calderon,81,G,6-3,200,"SEP 28, 1981",36.0,12,Tau Ceramica,2017-18,1610612739,CLE,Cleveland Cavaliers,75.0,https://cdn.nba.com/headshots/nba/latest/1040x760/101181.png,https://cdn.nba.com/logos/nba/1610612739/primary/L/logo.svg
2570,Kendrick Perkins,kendrick-perkins,21,C,6-10,270,"NOV 10, 1984",33.0,13,Clifton J. Ozen HS (TX),2017-18,1610612739,CLE,Cleveland Cavaliers,82.0,https://cdn.nba.com/headshots/nba/latest/1040x760/2570.png,https://cdn.nba.com/logos/nba/1610612739/primary/L/logo.svg
201567,Kevin Love,kevin-love,0,C-F,6-10,251,"SEP 07, 1988",29.0,9,UCLA,2017-18,1610612739,CLE,Cleveland Cavaliers,82.0,https://cdn.nba.com/headshots/nba/latest/1040x760/201567.png,https://cdn.nba.com/logos/nba/1610612739/primary/L/logo.svg
2594,Kyle Korver,kyle-korver,26,G,6-7,212,"MAR 17, 1981",37.0,14,Creighton,2017-18,1610612739,CLE,Cleveland Cavaliers,79.0,https://cdn.nba.com/headshots/nba/latest/1040x760/2594.png,https://cdn.nba.com/logos/nba/1610612739/primary/L/logo.svg
1626204,Larry Nance Jr.,larry-nance-jr,22,F,6-9,230,"JAN 01, 1993",25.0,2,Wyoming,2017-18,1610612739,CLE,Cleveland Cavaliers,81.0,https://cdn.nba.com/headshots/nba/latest/1040x760/1626204.png,https://cdn.nba.com/logos/nba/1610612739/primary/L/logo.svg
2544,LeBron James,lebron-james,23,F-G,6-8,250,"DEC 30, 1984",33.0,14,St. Vincent-St. Mary HS (OH),2017-18,1610612739,CLE,Cleveland Cavaliers,80.0,https://cdn.nba.com/headshots/nba/latest/1040x760/2544.png,https://cdn.nba.com/logos/nba/1610612739/primary/L/logo.svg
1627855,Okaro White,okaro-white,15,F,6-8,215,"AUG 13, 1992",25.0,1,Florida State,2017-18,1610612739,CLE,Cleveland Cavaliers,80.0,https://cdn.nba.com/headshots/nba/latest/1040x760/1627855.png,https://cdn.nba.com/logos/nba/1610612739/primary/L/logo.svg
203918,Rodney Hood,rodney-hood,1,G,6-8,206,"OCT 20, 1992",25.0,3,Duke,2017-18,1610612739,CLE,Cleveland Cavaliers,80.0,https://cdn.nba.com/headshots/nba/latest/1040x760/203918.png,https://cdn.nba.com/logos/nba/1610612739/primary/L/logo.svg
202684,Tristan Thompson,tristan-thompson,13,C-F,6-9,238,"MAR 13, 1991",27.0,6,Texas-Austin,2017-18,1610612739,CLE,Cleveland Cavaliers,81.0,https://cdn.nba.com/headshots/nba/latest/1040x760/202684.png,https://cdn.nba.com/logos/nba/1610612739/primary/L/logo.svg
1626151,Aaron Harrison,aaron-harrison,9,G,6-6,210,"OCT 28, 1994",23.0,2,Kentucky,2017-18,1610612742,DAL,Dallas Mavericks,78.0,https://cdn.nba.com/headshots/nba/latest/1040x760/1626151.png,https://cdn.nba.com/logos/nba/1610612742/primary/L/logo.svg
1628372,Dennis Smith Jr.,dennis-smith-jr,1,G,6-3,195,"NOV 25, 1997",20.0,R,North Carolina State,2017-18,1610612742,DAL,Dallas Mavericks,75.0,https://cdn.nba.com/headshots/nba/latest/1040x760/1628372.png,https://cdn.nba.com/logos/nba/1610612742/primary/L/logo.svg
1717,Dirk Nowitzki,dirk-nowitzki,41,C-F,7-0,245,"JUN 19, 1978",40.0,19,DJK Wurzburg,2017-18,1610612742,DAL,Dallas Mavericks,84.0,https://cdn.nba.com/headshots/nba/latest/1040x760/1717.png,https://cdn.nba.com/logos/nba/1610612742/primary/L/logo.svg
1627827,Dorian Finney-Smith,dorian-finney-smith,10,F,6-8,220,"MAY 04, 1993",25.0,1,Florida,2017-18,1610612742,DAL,Dallas Mavericks,80.0,https://cdn.nba.com/headshots/nba/latest/1040x760/1627827.png,https://cdn.nba.com/logos/nba/1610612742/primary/L/logo.svg
203926,Doug McDermott,doug-mcdermott,20,F,6-8,219,"JAN 03, 1992",26.0,3,Creighton,2017-18,1610612742,DAL,Dallas Mavericks,80.0,https://cdn.nba.com/headshots/nba/latest/1040x760/203926.png,https://cdn.nba.com/logos/nba/1610612742/primary/L/logo.svg
203939,Dwight Powell,dwight-powell,7,C-F,6-11,240,"JUL 20, 1991",26.0,3,Stanford,2017-18,1610612742,DAL,Dallas Mavericks,83.0,https://cdn.nba.com/headshots/nba/latest/1040x760/203939.png,https://cdn.nba.com/logos/nba/1610612742/primary/L/logo.svg
203084,Harrison Barnes,harrison-barnes,40,F,6-8,225,"MAY 30, 1992",26.0,5,North Carolina,2017-18,1610612742,DAL,Dallas Mavericks,80.0,https://cdn.nba.com/headshots/nba/latest/1040x760/203084.png,https://cdn.nba.com/logos/nba/1610612742/primary/L/logo.svg
200826,J.J. Barea,jj-barea,5,G,6-0,185,"JUN 26, 1984",34.0,11,Northeastern,2017-18,1610612742,DAL,Dallas Mavericks,72.0,https://cdn.nba.com/headshots/nba/latest/1040x760/200826.png,https://cdn.nba.com/logos/nba/1610612742/primary/L/logo.svg
1627883,Jalen Jones,jalen-jones,21,F,6-7,220,"MAY 27, 1993",25.0,R,Texas A&M,2017-18,1610612742,DAL,Dallas Mavericks,79.0,https://cdn.nba.com/headshots/nba/latest/1040x760/1627883.png,https://cdn.nba.com/logos/nba/1610612742/primary/L/logo.svg
1628405,Johnathan Motley,johnathan-motley,6,F,6-10,230,"MAY 04, 1995",23.0,R,Baylor,2017-18,1610612742,DAL,Dallas Mavericks,82.0,https://cdn.nba.com/headshots/nba/latest/1040x760/1628405.png,https://cdn.nba.com/logos/nba/1610612742/primary/L/logo.svg
1627858,Kyle Collinsworth,kyle-collinsworth,8,G,6-6,210,"OCT 03, 1991",26.0,R,Brigham Young,2017-18,1610612742,DAL,Dallas Mavericks,78.0,https://cdn.nba.com/headshots/nba/latest/1040x760/1627858.png,https://cdn.nba.com/logos/nba/1610612742/primary/L/logo.svg
1628467,Maxi Kleber,maxi-kleber,42,F,6-11,220,"JAN 29, 1992",26.0,R,Bayern Munich,2017-18,1610612742,DAL,Dallas Mavericks,83.0,https://cdn.nba.com/headshots/nba/latest/1040x760/1628467.png,https://cdn.nba.com/logos/nba/1610612742/primary/L/logo.svg
203457,Nerlens Noel,nerlens-noel,3,C,6-11,220,"APR 10, 1994",24.0,3,Kentucky,2017-18,1610612742,DAL,Dallas Mavericks,83.0,https://cdn.nba.com/headshots/nba/latest/1040x760/203457.png,https://cdn.nba.com/logos/nba/1610612742/primary/L/logo.svg
1626257,Salah Mejri,salah-mejri,50,C,7-2,235,"JUN 15, 1986",32.0,2,Real Madrid,2017-18,1610612742,DAL,Dallas Mavericks,86.0,https://cdn.nba.com/headshots/nba/latest/1040x760/1626257.png,https://cdn.nba.com/logos/nba/1610612742/primary/L/logo.svg
203552,Seth Curry,seth-curry,30,G,6-2,185,"AUG 23, 1990",27.0,4,Duke,2017-18,1610612742,DAL,Dallas Mavericks,74.0,https://cdn.nba.com/headshots/nba/latest/1040x760/203552.png,https://cdn.nba.com/logos/nba/1610612742/primary/L/logo.svg
202083,Wesley Matthews,wesley-matthews,23,G-F,6-5,220,"OCT 14, 1986",31.0,8,Marquette,2017-18,1610612742,DAL,Dallas Mavericks,77.0,https://cdn.nba.com/headshots/nba/latest/1040x760/202083.png,https://cdn.nba.com/logos/nba/1610612742/primary/L/logo.svg
1627812,Yogi Ferrell,yogi-ferrell,11,G,6-0,180,"MAY 09, 1993",25.0,1,Indiana,2017-18,1610612742,DAL,Dallas Mavericks,72.0,https://cdn.nba.com/headshots/nba/latest/1040x760/1627812.png,https://cdn.nba.com/logos/nba/1610612742/primary/L/logo.svg
201589,Darrell Arthur,darrell-arthur,00,F,6-9,235,"MAR 25, 1988",30.0,8,Kansas,2017-18,1610612743,DEN,Denver Nuggets,81.0,https://cdn.nba.com/headshots/nba/latest/1040x760/201589.png,https://cdn.nba.com/logos/nba/1610612743/primary/L/logo.svg
2734,Devin Harris,devin-harris,34,G,6-3,185,"FEB 27, 1983",35.0,13,Wisconsin,2017-18,1610612743,DEN,Denver Nuggets,75.0,https://cdn.nba.com/headshots/nba/latest/1040x760/2734.png,https://cdn.nba.com/logos/nba/1610612743/primary/L/logo.svg
203914,Gary Harris,gary-harris,14,G,6-4,210,"SEP 14, 1994",23.0,3,Michigan State,2017-18,1610612743,DEN,Denver Nuggets,76.0,https://cdn.nba.com/headshots/nba/latest/1040x760/203914.png,https://cdn.nba.com/logos/nba/1610612743/primary/L/logo.svg
1627750,Jamal Murray,jamal-murray,27,G,6-4,207,"FEB 23, 1997",21.0,1,Kentucky,2017-18,1610612743,DEN,Denver Nuggets,76.0,https://cdn.nba.com/headshots/nba/latest/1040x760/1627750.png,https://cdn.nba.com/logos/nba/1610612743/primary/L/logo.svg
1627823,Juancho Hernangomez,juancho-hernangomez,41,F,6-9,230,"SEP 28, 1995",22.0,1,Estudiantes,2017-18,1610612743,DEN,Denver Nuggets,81.0,https://cdn.nba.com/headshots/nba/latest/1040x760/1627823.png,https://cdn.nba.com/logos/nba/1610612743/primary/L/logo.svg
202702,Kenneth Faried,kenneth-faried,35,F,6-8,228,"NOV 19, 1989",28.0,6,Morehead State,2017-18,1610612743,DEN,Denver Nuggets,80.0,https://cdn.nba.com/headshots/nba/latest/1040x760/202702.png,https://cdn.nba.com/logos/nba/1610612743/primary/L/logo.svg
1627736,Malik Beasley,malik-beasley,25,G,6-5,196,"NOV 26, 1996",21.0,1,Florida State,2017-18,1610612743,DEN,Denver Nuggets,77.0,https://cdn.nba.com/headshots/nba/latest/1040x760/1627736.png,https://cdn.nba.com/logos/nba/1610612743/primary/L/logo.svg
203486,Mason Plumlee,mason-plumlee,24,C-F,6-11,255,"MAR 05, 1990",28.0,4,Duke,2017-18,1610612743,DEN,Denver Nuggets,83.0,https://cdn.nba.com/headshots/nba/latest/1040x760/203486.png,https://cdn.nba.com/logos/nba/1610612743/primary/L/logo.svg
1628420,Monté Morris,monté-morris,11,G,6-3,175,"JUN 27, 1995",23.0,R,Iowa State,2017-18,1610612743,DEN,Denver Nuggets,75.0,https://cdn.nba.com/headshots/nba/latest/1040x760/1628420.png,https://cdn.nba.com/logos/nba/1610612743/primary/L/logo.svg
203999,Nikola Jokić,nikola-jokić,15,C,6-10,250,"FEB 19, 1995",23.0,2,Mega Basket,2017-18,1610612743,DEN,Denver Nuggets,82.0,https://cdn.nba.com/headshots/nba/latest/1040x760/203999.png,https://cdn.nba.com/logos/nba/1610612743/primary/L/logo.svg
200794,Paul Millsap,paul-millsap,4,F,6-8,246,"FEB 10, 1985",33.0,11,Louisiana Tech,2017-18,1610612743,DEN,Denver Nuggets,80.0,https://cdn.nba.com/headshots/nba/latest/1040x760/200794.png,https://cdn.nba.com/logos/nba/1610612743/primary/L/logo.svg
2210,Richard Jefferson,richard-jefferson,22,F,6-7,233,"JUN 21, 1980",38.0,16,Arizona,2017-18,1610612743,DEN,Denver Nuggets,79.0,https://cdn.nba.com/headshots/nba/latest/1040x760/2210.png,https://cdn.nba.com/logos/nba/1610612743/primary/L/logo.svg
1628470,Torrey Craig,torrey-craig,3,G-F,6-6,215,"DEC 19, 1990",27.0,R,South Carolina Upstate,2017-18,1610612743,DEN,Denver Nuggets,78.0,https://cdn.nba.com/headshots/nba/latest/1040x760/1628470.png,https://cdn.nba.com/logos/nba/1610612743/primary/L/logo.svg
1626168,Trey Lyles,trey-lyles,7,F,6-10,234,"NOV 05, 1995",22.0,2,Kentucky,2017-18,1610612743,DEN,Denver Nuggets,82.0,https://cdn.nba.com/headshots/nba/latest/1040x760/1626168.png,https://cdn.nba.com/logos/nba/1610612743/primary/L/logo.svg
1628399,Tyler Lydon,tyler-lydon,20,F,6-9,220,"APR 09, 1996",22.0,R,Syracuse,2017-18,1610612743,DEN,Denver Nuggets,81.0,https://cdn.nba.com/headshots/nba/latest/1040x760/1628399.png,https://cdn.nba.com/logos/nba/1610612743/primary/L/logo.svg
203115,Will Barton,will-barton,5,F-G,6-6,190,"JAN 06, 1991",27.0,5,Memphis,2017-18,1610612743,DEN,Denver Nuggets,78.0,https://cdn.nba.com/headshots/nba/latest/1040x760/203115.png,https://cdn.nba.com/logos/nba/1610612743/primary/L/logo.svg
201163,Wilson Chandler,wilson-chandler,21,F,6-9,225,"MAY 10, 1987",31.0,9,DePaul,2017-18,1610612743,DEN,Denver Nuggets,81.0,https://cdn.nba.com/headshots/nba/latest/1040x760/201163.png,https://cdn.nba.com/logos/nba/1610612743/primary/L/logo.svg
203083,Andre Drummond,andre-drummond,0,C,6-11,279,"AUG 10, 1993",24.0,5,Connecticut,2017-18,1610612765,DET,Detroit Pistons,83.0,https://cdn.nba.com/headshots/nba/latest/1040x760/203083.png,https://cdn.nba.com/logos/nba/1610612765/primary/L/logo.svg
201229,Anthony Tolliver,anthony-tolliver,43,F,6-8,240,"JUN 01, 1985",33.0,9,Creighton,2017-18,1610612765,DET,Detroit Pistons,80.0,https://cdn.nba.com/headshots/nba/latest/1040x760/201229.png,https://cdn.nba.com/logos/nba/1610612765/primary/L/logo.svg
201933,Blake Griffin,blake-griffin,23,F,6-10,251,"MAR 16, 1989",29.0,7,Oklahoma,2017-18,1610612765,DET,Detroit Pistons,82.0,https://cdn.nba.com/headshots/nba/latest/1040x760/201933.png,https://cdn.nba.com/logos/nba/1610612765/primary/L/logo.svg
202779,Dwight Buycks,dwight-buycks,20,G,6-3,190,"MAR 06, 1989",29.0,2,Marquette,2017-18,1610612765,DET,Detroit Pistons,75.0,https://cdn.nba.com/headshots/nba/latest/1040x760/202779.png,https://cdn.nba.com/logos/nba/1610612765/primary/L/logo.svg
203961,Eric Moreland,eric-moreland,24,F-C,6-10,238,"DEC 24, 1991",26.0,2,Oregon State,2017-18,1610612765,DET,Detroit Pistons,82.0,https://cdn.nba.com/headshots/nba/latest/1040x760/203961.png,https://cdn.nba.com/logos/nba/1610612765/primary/L/logo.svg
1627740,Henry Ellenson,henry-ellenson,8,F,6-11,245,"JAN 13, 1997",21.0,1,Marquette,2017-18,1610612765,DET,Detroit Pistons,83.0,https://cdn.nba.com/headshots/nba/latest/1040x760/1627740.png,https://cdn.nba.com/logos/nba/1610612765/primary/L/logo.svg
202397,Ish Smith,ish-smith,14,G,6-0,175,"JUL 05, 1988",29.0,7,Wake Forest,2017-18,1610612765,DET,Detroit Pistons,72.0,https://cdn.nba.com/headshots/nba/latest/1040x760/202397.png,https://cdn.nba.com/logos/nba/1610612765/primary/L/logo.svg
2749,Jameer Nelson,jameer-nelson,41,G,6-0,190,"FEB 09, 1982",36.0,13,St. Joseph's (PA),2017-18,1610612765,DET,Detroit Pistons,72.0,https://cdn.nba.com/headshots/nba/latest/1040x760/2749.png,https://cdn.nba.com/logos/nba/1610612765/primary/L/logo.svg
203516,James Ennis III,james-ennis-iii,33,F,6-7,210,"JUL 01, 1990",27.0,3,Cal State-Long Beach,2017-18,1610612765,DET,Detroit Pistons,79.0,https://cdn.nba.com/headshots/nba/latest/1040x760/203516.png,https://cdn.nba.com/logos/nba/1610612765/primary/L/logo.svg
202720,Jon Leuer,jon-leuer,30,F-C,6-10,228,"MAY 14, 1989",29.0,6,Wisconsin,2017-18,1610612765,DET,Detroit Pistons,82.0,https://cdn.nba.com/headshots/nba/latest/1040x760/202720.png,https://cdn.nba.com/logos/nba/1610612765/primary/L/logo.svg
1627770,Kay Felder,kay-felder,22,G,5-9,176,"MAR 29, 1995",23.0,1,Oakland,2017-18,1610612765,DET,Detroit Pistons,69.0,https://cdn.nba.com/headshots/nba/latest/1040x760/1627770.png,https://cdn.nba.com/logos/nba/1610612765/primary/L/logo.svg
204038,Langston Galloway,langston-galloway,9,G,6-2,200,"DEC 09, 1991",26.0,3,St. Joseph's (PA),2017-18,1610612765,DET,Detroit Pistons,74.0,https://cdn.nba.com/headshots/nba/latest/1040x760/204038.png,https://cdn.nba.com/logos/nba/1610612765/primary/L/logo.svg
1628379,Luke Kennard,luke-kennard,5,G,6-5,200,"JUN 24, 1996",22.0,R,Duke,2017-18,1610612765,DET,Detroit Pistons,77.0,https://cdn.nba.com/headshots/nba/latest/1040x760/1628379.png,https://cdn.nba.com/logos/nba/1610612765/primary/L/logo.svg
203493,Reggie Bullock Jr.,reggie-bullock-jr,25,G-F,6-7,205,"MAR 16, 1991",27.0,4,North Carolina,2017-18,1610612765,DET,Detroit Pistons,79.0,https://cdn.nba.com/headshots/nba/latest/1040x760/203493.png,https://cdn.nba.com/logos/nba/1610612765/primary/L/logo.svg
203687,Reggie Hearn,reggie-hearn,38,G,6-5,210,"AUG 14, 1991",26.0,R,Northwestern,2017-18,1610612765,DET,Detroit Pistons,77.0,https://cdn.nba.com/headshots/nba/latest/1040x760/203687.png,https://cdn.nba.com/logos/nba/1610612765/primary/L/logo.svg
202704,Reggie Jackson,reggie-jackson,1,G,6-3,208,"APR 16, 1990",28.0,6,Boston College,2017-18,1610612765,DET,Detroit Pistons,75.0,https://cdn.nba.com/headshots/nba/latest/1040x760/202704.png,https://cdn.nba.com/logos/nba/1610612765/primary/L/logo.svg
1626169,Stanley Johnson,stanley-johnson,7,F,6-7,245,"MAY 29, 1996",22.0,2,Arizona,2017-18,1610612765,DET,Detroit Pistons,79.0,https://cdn.nba.com/headshots/nba/latest/1040x760/1626169.png,https://cdn.nba.com/logos/nba/1610612765/primary/L/logo.svg
2738,Andre Iguodala,andre-iguodala,9,F-G,6-6,215,"JAN 28, 1984",34.0,13,Arizona,2017-18,1610612744,GSW,Golden State Warriors,78.0,https://cdn.nba.com/headshots/nba/latest/1040x760/2738.png,https://cdn.nba.com/logos/nba/1610612744/primary/L/logo.svg
1627745,Damian Jones,damian-jones,15,C,7-0,245,"JUN 30, 1995",23.0,1,Vanderbilt,2017-18,1610612744,GSW,Golden State Warriors,84.0,https://cdn.nba.com/headshots/nba/latest/1040x760/1627745.png,https://cdn.nba.com/logos/nba/1610612744/primary/L/logo.svg
2561,David West,david-west,3,F,6-9,250,"AUG 29, 1980",37.0,14,Xavier,2017-18,1610612744,GSW,Golden State Warriors,81.0,https://cdn.nba.com/headshots/nba/latest/1040x760/2561.png,https://cdn.nba.com/logos/nba/1610612744/primary/L/logo.svg
203110,Draymond Green,draymond-green,23,F,6-7,230,"MAR 04, 1990",28.0,5,Michigan State,2017-18,1610612744,GSW,Golden State Warriors,79.0,https://cdn.nba.com/headshots/nba/latest/1040x760/203110.png,https://cdn.nba.com/logos/nba/1610612744/primary/L/logo.svg
201580,JaVale McGee,javale-mcgee,1,C,7-0,270,"JAN 19, 1988",30.0,9,Nevada,2017-18,1610612744,GSW,Golden State Warriors,84.0,https://cdn.nba.com/headshots/nba/latest/1040x760/201580.png,https://cdn.nba.com/logos/nba/1610612744/primary/L/logo.svg
1628395,Jordan Bell,jordan-bell,2,C-F,6-9,224,"JAN 07, 1995",23.0,R,Oregon,2017-18,1610612744,GSW,Golden State Warriors,81.0,https://cdn.nba.com/headshots/nba/latest/1040x760/1628395.png,https://cdn.nba.com/logos/nba/1610612744/primary/L/logo.svg
201142,Kevin Durant,kevin-durant,35,F,6-9,240,"SEP 29, 1988",29.0,10,Texas,2017-18,1610612744,GSW,Golden State Warriors,81.0,https://cdn.nba.com/headshots/nba/latest/1040x760/201142.png,https://cdn.nba.com/logos/nba/1610612744/primary/L/logo.svg
1626172,Kevon Looney,kevon-looney,5,F,6-9,220,"FEB 06, 1996",22.0,2,UCLA,2017-18,1610612744,GSW,Golden State Warriors,81.0,https://cdn.nba.com/headshots/nba/latest/1040x760/1626172.png,https://cdn.nba.com/logos/nba/1610612744/primary/L/logo.svg
202691,Klay Thompson,klay-thompson,11,G,6-7,215,"FEB 08, 1990",28.0,6,Washington State,2017-18,1610612744,GSW,Golden State Warriors,79.0,https://cdn.nba.com/headshots/nba/latest/1040x760/202691.png,https://cdn.nba.com/logos/nba/1610612744/primary/L/logo.svg
201156,Nick Young,nick-young,6,G-F,6-7,210,"JUN 01, 1985",33.0,10,Southern California,2017-18,1610612744,GSW,Golden State Warriors,79.0,https://cdn.nba.com/headshots/nba/latest/1040x760/201156.png,https://cdn.nba.com/logos/nba/1610612744/primary/L/logo.svg
1627775,Patrick McCaw,patrick-mccaw,0,G,6-7,185,"OCT 25, 1995",22.0,1,UNLV,2017-18,1610612744,GSW,Golden State Warriors,79.0,https://cdn.nba.com/headshots/nba/latest/1040x760/1627775.png,https://cdn.nba.com/logos/nba/1610612744/primary/L/logo.svg
1626188,Quinn Cook,quinn-cook,4,G,6-2,179,"MAR 23, 1993",25.0,1,Duke,2017-18,1610612744,GSW,Golden State Warriors,74.0,https://cdn.nba.com/headshots/nba/latest/1040x760/1626188.png,https://cdn.nba.com/logos/nba/1610612744/primary/L/logo.svg
2733,Shaun Livingston,shaun-livingston,34,G,6-7,192,"SEP 11, 1985",32.0,12,Peoria Central HS (IL),2017-18,1610612744,GSW,Golden State Warriors,79.0,https://cdn.nba.com/headshots/nba/latest/1040x760/2733.png,https://cdn.nba.com/logos/nba/1610612744/primary/L/logo.svg
201939,Stephen Curry,stephen-curry,30,G,6-3,190,"MAR 14, 1988",30.0,8,Davidson,2017-18,1610612744,GSW,Golden State Warriors,75.0,https://cdn.nba.com/headshots/nba/latest/1040x760/201939.png,https://cdn.nba.com/logos/nba/1610612744/primary/L/logo.svg
2585,Zaza Pachulia,zaza-pachulia,27,C,6-11,270,"FEB 10, 1984",34.0,14,Ulkerspor,2017-18,1610612744,GSW,Golden State Warriors,83.0,https://cdn.nba.com/headshots/nba/latest/1040x760/2585.png,https://cdn.nba.com/logos/nba/1610612744/primary/L/logo.svg
1628935,Aaron Jackson,aaron-jackson,5,G,6-3,183,"MAY 06, 1986",32.0,R,Duquesne,2017-18,1610612745,HOU,Houston Rockets,75.0,https://cdn.nba.com/headshots/nba/latest/1040x760/1628935.png,https://cdn.nba.com/logos/nba/1610612745/primary/L/logo.svg
1627778,Chinanu Onuaku,chinanu-onuaku,21,C,6-10,245,"NOV 01, 1996",21.0,1,Louisville,2017-18,1610612745,HOU,Houston Rockets,82.0,https://cdn.nba.com/headshots/nba/latest/1040x760/1627778.png,https://cdn.nba.com/logos/nba/1610612745/primary/L/logo.svg
101108,Chris Paul,chris-paul,3,G,6-0,175,"MAY 06, 1985",33.0,12,Wake Forest,2017-18,1610612745,HOU,Houston Rockets,72.0,https://cdn.nba.com/headshots/nba/latest/1040x760/101108.png,https://cdn.nba.com/logos/nba/1610612745/primary/L/logo.svg
203991,Clint Capela,clint-capela,15,C,6-10,240,"MAY 18, 1994",24.0,3,Elan Chalon,2017-18,1610612745,HOU,Houston Rockets,82.0,https://cdn.nba.com/headshots/nba/latest/1040x760/203991.png,https://cdn.nba.com/logos/nba/1610612745/primary/L/logo.svg
201569,Eric Gordon,eric-gordon,10,G,6-4,215,"DEC 25, 1988",29.0,9,Indiana,2017-18,1610612745,HOU,Houston Rockets,76.0,https://cdn.nba.com/headshots/nba/latest/1040x760/201569.png,https://cdn.nba.com/logos/nba/1610612745/primary/L/logo.svg
101123,Gerald Green,gerald-green,14,G-F,6-7,205,"JAN 26, 1986",32.0,10,No College,2017-18,1610612745,HOU,Houston Rockets,79.0,https://cdn.nba.com/headshots/nba/latest/1040x760/101123.png,https://cdn.nba.com/logos/nba/1610612745/primary/L/logo.svg
201935,James Harden,james-harden,13,G,6-5,220,"AUG 26, 1989",28.0,8,Arizona State,2017-18,1610612745,HOU,Houston Rockets,77.0,https://cdn.nba.com/headshots/nba/latest/1040x760/201935.png,https://cdn.nba.com/logos/nba/1610612745/primary/L/logo.svg
2207,Joe Johnson,joe-johnson,7,G-F,6-7,240,"JUN 29, 1981",37.0,16,Arkansas,2017-18,1610612745,HOU,Houston Rockets,79.0,https://cdn.nba.com/headshots/nba/latest/1040x760/2207.png,https://cdn.nba.com/logos/nba/1610612745/primary/L/logo.svg
201601,Luc Mbah a Moute,luc-mbah-a-moute,12,F,6-8,230,"SEP 09, 1986",31.0,9,UCLA,2017-18,1610612745,HOU,Houston Rockets,80.0,https://cdn.nba.com/headshots/nba/latest/1040x760/201601.png,https://cdn.nba.com/logos/nba/1610612745/primary/L/logo.svg
203900,Markel Brown,markel-brown,26,G,6-3,190,"JAN 29, 1992",26.0,2,Oklahoma State,2017-18,1610612745,HOU,Houston Rockets,75.0,https://cdn.nba.com/headshots/nba/latest/1040x760/203900.png,https://cdn.nba.com/logos/nba/1610612745/primary/L/logo.svg
2403,Nene,nene-hilario,42,C-F,6-11,250,"SEP 13, 1982",35.0,15,Vasco de Gama,2017-18,1610612745,HOU,Houston Rockets,83.0,https://cdn.nba.com/headshots/nba/latest/1040x760/2403.png,https://cdn.nba.com/logos/nba/1610612745/primary/L/logo.svg
200782,P.J. Tucker,pj-tucker,4,F,6-6,245,"MAY 05, 1985",33.0,6,Texas,2017-18,1610612745,HOU,Houston Rockets,78.0,https://cdn.nba.com/headshots/nba/latest/1040x760/200782.png,https://cdn.nba.com/logos/nba/1610612745/primary/L/logo.svg
1626154,RJ Hunter,rj-hunter,2,G,6-5,185,"OCT 24, 1993",24.0,2,Georgia State,2017-18,1610612745,HOU,Houston Rockets,77.0,https://cdn.nba.com/headshots/nba/latest/1040x760/1626154.png,https://cdn.nba.com/logos/nba/1610612745/primary/L/logo.svg
201583,Ryan Anderson,ryan-anderson,33,F,6-10,240,"MAY 06, 1988",30.0,9,California,2017-18,1610612745,HOU,Houston Rockets,82.0,https://cdn.nba.com/headshots/nba/latest/1040x760/201583.png,https://cdn.nba.com/logos/nba/1610612745/primary/L/logo.svg
204028,Tarik Black,tarik-black,28,F-C,6-9,250,"NOV 22, 1991",26.0,3,Kansas,2017-18,1610612745,HOU,Houston Rockets,81.0,https://cdn.nba.com/headshots/nba/latest/1040x760/204028.png,https://cdn.nba.com/logos/nba/1610612745/primary/L/logo.svg
2772,Trevor Ariza,trevor-ariza,1,F-G,6-8,215,"JUN 30, 1985",33.0,13,UCLA,2017-18,1610612745,HOU,Houston Rockets,80.0,https://cdn.nba.com/headshots/nba/latest/1040x760/2772.png,https://cdn.nba.com/logos/nba/1610612745/primary/L/logo.svg
1627753,Zhou Qi,zhou-qi,9,F-C,7-1,210,"JAN 16, 1996",22.0,R,Xinjiang,2017-18,1610612745,HOU,Houston Rockets,85.0,https://cdn.nba.com/headshots/nba/latest/1040x760/1627753.png,https://cdn.nba.com/logos/nba/1610612745/primary/L/logo.svg
2744,Al Jefferson,al-jefferson,25,C,6-10,280,"JAN 04, 1985",33.0,13,No College,2017-18,1610612754,IND,Indiana Pacers,82.0,https://cdn.nba.com/headshots/nba/latest/1040x760/2744.png,https://cdn.nba.com/logos/nba/1610612754/primary/L/logo.svg
1627816,Alex Poythress,alex-poythress,0,F,6-9,235,"SEP 06, 1993",24.0,1,Kentucky,2017-18,1610612754,IND,Indiana Pacers,81.0,https://cdn.nba.com/headshots/nba/latest/1040x760/1627816.png,https://cdn.nba.com/logos/nba/1610612754/primary/L/logo.svg
1628500,Ben Moore,ben-moore,26,F,6-8,220,"MAY 13, 1995",23.0,R,Southern Methodist,2017-18,1610612754,IND,Indiana Pacers,80.0,https://cdn.nba.com/headshots/nba/latest/1040x760/1628500.png,https://cdn.nba.com/logos/nba/1610612754/primary/L/logo.svg
202711,Bojan Bogdanovic,bojan-bogdanovic,44,F-G,6-8,230,"APR 18, 1989",29.0,3,Fenerbahce,2017-18,1610612754,IND,Indiana Pacers,80.0,https://cdn.nba.com/headshots/nba/latest/1040x760/202711.png,https://cdn.nba.com/logos/nba/1610612754/primary/L/logo.svg
202709,Cory Joseph,cory-joseph,6,G,6-3,190,"AUG 20, 1991",26.0,6,Texas,2017-18,1610612754,IND,Indiana Pacers,75.0,https://cdn.nba.com/headshots/nba/latest/1040x760/202709.png,https://cdn.nba.com/logos/nba/1610612754/primary/L/logo.svg
201954,Darren Collison,darren-collison,2,G,6-2,185,"AUG 23, 1987",30.0,8,UCLA,2017-18,1610612754,IND,Indiana Pacers,74.0,https://cdn.nba.com/headshots/nba/latest/1040x760/201954.png,https://cdn.nba.com/logos/nba/1610612754/primary/L/logo.svg
1627734,Domantas Sabonis,domantas-sabonis,11,C-F,6-10,252,"MAY 03, 1996",22.0,1,Gonzaga,2017-18,1610612754,IND,Indiana Pacers,82.0,https://cdn.nba.com/headshots/nba/latest/1040x760/1627734.png,https://cdn.nba.com/logos/nba/1610612754/primary/L/logo.svg
1628410,Edmond Sumner,edmond-sumner,5,G,6-5,188,"DEC 31, 1995",22.0,R,Xavier,2017-18,1610612754,IND,Indiana Pacers,77.0,https://cdn.nba.com/headshots/nba/latest/1040x760/1628410.png,https://cdn.nba.com/logos/nba/1610612754/primary/L/logo.svg
203922,Glenn Robinson III,glenn-robinson-iii,40,G-F,6-7,215,"JAN 08, 1994",24.0,3,Michigan,2017-18,1610612754,IND,Indiana Pacers,79.0,https://cdn.nba.com/headshots/nba/latest/1040x760/203922.png,https://cdn.nba.com/logos/nba/1610612754/primary/L/logo.svg
1628387,Ike Anigbogu,ike-anigbogu,13,C-F,6-10,262,"OCT 16, 1998",19.0,R,UCLA,2017-18,1610612754,IND,Indiana Pacers,82.0,https://cdn.nba.com/headshots/nba/latest/1040x760/1628387.png,https://cdn.nba.com/logos/nba/1610612754/primary/L/logo.svg
1626202,Joe Young,joe-young,3,G,6-2,185,"JUN 27, 1992",26.0,2,Oregon,2017-18,1610612754,IND,Indiana Pacers,74.0,https://cdn.nba.com/headshots/nba/latest/1040x760/1626202.png,https://cdn.nba.com/logos/nba/1610612754/primary/L/logo.svg
202362,Lance Stephenson,lance-stephenson,1,G,6-6,230,"SEP 05, 1990",27.0,7,Cincinnati,2017-18,1610612754,IND,Indiana Pacers,78.0,https://cdn.nba.com/headshots/nba/latest/1040x760/202362.png,https://cdn.nba.com/logos/nba/1610612754/primary/L/logo.svg
1626167,Myles Turner,myles-turner,33,C,6-11,255,"MAR 24, 1996",22.0,2,Texas,2017-18,1610612754,IND,Indiana Pacers,83.0,https://cdn.nba.com/headshots/nba/latest/1040x760/1626167.png,https://cdn.nba.com/logos/nba/1610612754/primary/L/logo.svg
1628388,T.J. Leaf,tj-leaf,22,F,6-10,230,"APR 30, 1997",21.0,R,UCLA,2017-18,1610612754,IND,Indiana Pacers,82.0,https://cdn.nba.com/headshots/nba/latest/1040x760/1628388.png,https://cdn.nba.com/logos/nba/1610612754/primary/L/logo.svg
201152,Thaddeus Young,thaddeus-young,21,F,6-8,230,"JUN 21, 1988",30.0,10,Georgia Tech,2017-18,1610612754,IND,Indiana Pacers,80.0,https://cdn.nba.com/headshots/nba/latest/1040x760/201152.png,https://cdn.nba.com/logos/nba/1610612754/primary/L/logo.svg
202344,Trevor Booker,trevor-booker,20,F,6-8,228,"NOV 25, 1987",30.0,7,Clemson,2017-18,1610612754,IND,Indiana Pacers,80.0,https://cdn.nba.com/headshots/nba/latest/1040x760/202344.png,https://cdn.nba.com/logos/nba/1610612754/primary/L/logo.svg
203506,Victor Oladipo,victor-oladipo,4,G,6-4,210,"MAY 04, 1992",26.0,4,Indiana,2017-18,1610612754,IND,Indiana Pacers,76.0,https://cdn.nba.com/headshots/nba/latest/1040x760/203506.png,https://cdn.nba.com/logos/nba/1610612754/primary/L/logo.svg
203085,Austin Rivers,austin-rivers,25,G,6-4,200,"AUG 01, 1992",25.0,5,Duke,2017-18,1610612746,LAC,Los Angeles Clippers,76.0,https://cdn.nba.com/headshots/nba/latest/1040x760/203085.png,https://cdn.nba.com/logos/nba/1610612746/primary/L/logo.svg
202340,Avery Bradley,avery-bradley,11,G,6-2,180,"NOV 26, 1990",27.0,7,University of Texas at Austin,2017-18,1610612746,LAC,Los Angeles Clippers,74.0,https://cdn.nba.com/headshots/nba/latest/1040x760/202340.png,https://cdn.nba.com/logos/nba/1610612746/primary/L/logo.svg
1626246,Boban Marjanovic,boban-marjanovic,51,C,7-3,290,"AUG 15, 1988",29.0,2,Crvena zvezda,2017-18,1610612746,LAC,Los Angeles Clippers,87.0,https://cdn.nba.com/headshots/nba/latest/1040x760/1626246.png,https://cdn.nba.com/logos/nba/1610612746/primary/L/logo.svg
203710,C.J. Williams,cj-williams,9,F-G,6-5,230,"FEB 06, 1990",28.0,R,North Carolina State,2017-18,1610612746,LAC,Los Angeles Clippers,77.0,https://cdn.nba.com/headshots/nba/latest/1040x760/203710.png,https://cdn.nba.com/logos/nba/1610612746/primary/L/logo.svg
201568,Danilo Gallinari,danilo-gallinari,8,F,6-10,225,"AUG 08, 1988",29.0,8,Olimpia Milano,2017-18,1610612746,LAC,Los Angeles Clippers,82.0,https://cdn.nba.com/headshots/nba/latest/1040x760/201568.png,https://cdn.nba.com/logos/nba/1610612746/primary/L/logo.svg
201599,DeAndre Jordan,deandre-jordan,6,C,6-11,265,"JUL 21, 1988",29.0,9,Texas A&M,2017-18,1610612746,LAC,Los Angeles Clippers,83.0,https://cdn.nba.com/headshots/nba/latest/1040x760/201599.png,https://cdn.nba.com/logos/nba/1610612746/primary/L/logo.svg
1628393,Jawun Evans,jawun-evans,1,G,6-0,190,"JUL 26, 1996",21.0,R,Oklahoma State,2017-18,1610612746,LAC,Los Angeles Clippers,72.0,https://cdn.nba.com/headshots/nba/latest/1040x760/1628393.png,https://cdn.nba.com/logos/nba/1610612746/primary/L/logo.svg
101150,Lou Williams,lou-williams,23,G,6-1,175,"OCT 27, 1986",31.0,12,South Gwinnett HS (GA),2017-18,1610612746,LAC,Los Angeles Clippers,73.0,https://cdn.nba.com/headshots/nba/latest/1040x760/101150.png,https://cdn.nba.com/logos/nba/1610612746/primary/L/logo.svg
1628462,Milos Teodosic,milos-teodosic,4,G,6-5,196,"MAR 19, 1987",31.0,R,CSKA Moscow,2017-18,1610612746,LAC,Los Angeles Clippers,77.0,https://cdn.nba.com/headshots/nba/latest/1040x760/1628462.png,https://cdn.nba.com/logos/nba/1610612746/primary/L/logo.svg
1626149,Montrezl Harrell,montrezl-harrell,5,F-C,6-8,240,"JAN 26, 1994",24.0,2,Louisville,2017-18,1610612746,LAC,Los Angeles Clippers,80.0,https://cdn.nba.com/headshots/nba/latest/1040x760/1626149.png,https://cdn.nba.com/logos/nba/1610612746/primary/L/logo.svg
201976,Patrick Beverley,patrick-beverley,21,G,6-1,185,"JUL 12, 1988",29.0,5,Arkansas,2017-18,1610612746,LAC,Los Angeles Clippers,73.0,https://cdn.nba.com/headshots/nba/latest/1040x760/201976.png,https://cdn.nba.com/logos/nba/1610612746/primary/L/logo.svg
1626155,Sam Dekker,sam-dekker,7,F,6-9,230,"MAY 06, 1994",24.0,2,Wisconsin,2017-18,1610612746,LAC,Los Angeles Clippers,81.0,https://cdn.nba.com/headshots/nba/latest/1040x760/1626155.png,https://cdn.nba.com/logos/nba/1610612746/primary/L/logo.svg
1628414,Sindarius Thornwell,sindarius-thornwell,0,G,6-5,215,"NOV 15, 1994",23.0,R,South Carolina,2017-18,1610612746,LAC,Los Angeles Clippers,77.0,https://cdn.nba.com/headshots/nba/latest/1040x760/1628414.png,https://cdn.nba.com/logos/nba/1610612746/primary/L/logo.svg
202699,Tobias Harris,tobias-harris,34,F,6-9,235,"JUL 15, 1992",25.0,6,Tennessee,2017-18,1610612746,LAC,Los Angeles Clippers,81.0,https://cdn.nba.com/headshots/nba/latest/1040x760/202699.png,https://cdn.nba.com/logos/nba/1610612746/primary/L/logo.svg
1627820,Tyrone Wallace,tyrone-wallace,12,G,6-5,198,"JUN 10, 1994",24.0,R,California,2017-18,1610612746,LAC,Los Angeles Clippers,77.0,https://cdn.nba.com/headshots/nba/latest/1040x760/1627820.png,https://cdn.nba.com/logos/nba/1610612746/primary/L/logo.svg
202325,Wesley Johnson,wesley-johnson,33,F-G,6-7,215,"JUL 11, 1987",30.0,7,Syracuse,2017-18,1610612746,LAC,Los Angeles Clippers,79.0,https://cdn.nba.com/headshots/nba/latest/1040x760/202325.png,https://cdn.nba.com/logos/nba/1610612746/primary/L/logo.svg
1627936,Alex Caruso,alex-caruso,4,G,6-5,186,"FEB 28, 1994",24.0,R,Texas A&M,2017-18,1610612747,LAL,Los Angeles Lakers,77.0,https://cdn.nba.com/headshots/nba/latest/1040x760/1627936.png,https://cdn.nba.com/logos/nba/1610612747/primary/L/logo.svg
201281,Andre Ingram,andre-ingram,20,G,6-3,190,"NOV 19, 1985",32.0,R,American University,2017-18,1610612747,LAL,Los Angeles Lakers,75.0,https://cdn.nba.com/headshots/nba/latest/1040x760/201281.png,https://cdn.nba.com/logos/nba/1610612747/primary/L/logo.svg
1627742,Brandon Ingram,brandon-ingram,14,F-G,6-9,190,"SEP 02, 1997",20.0,1,Duke,2017-18,1610612747,LAL,Los Angeles Lakers,81.0,https://cdn.nba.com/headshots/nba/latest/1040x760/1627742.png,https://cdn.nba.com/logos/nba/1610612747/primary/L/logo.svg
201572,Brook Lopez,brook-lopez,11,C,7-0,268,"APR 01, 1988",30.0,9,Stanford,2017-18,1610612747,LAL,Los Angeles Lakers,84.0,https://cdn.nba.com/headshots/nba/latest/1040x760/201572.png,https://cdn.nba.com/logos/nba/1610612747/primary/L/logo.svg
101112,Channing Frye,channing-frye,12,F,6-11,255,"MAY 17, 1983",35.0,11,Arizona,2017-18,1610612747,LAL,Los Angeles Lakers,83.0,https://cdn.nba.com/headshots/nba/latest/1040x760/101112.png,https://cdn.nba.com/logos/nba/1610612747/primary/L/logo.svg
1627780,Gary Payton II,gary-payton-ii,23,G,6-3,190,"DEC 01, 1992",25.0,1,Oregon State,2017-18,1610612747,LAL,Los Angeles Lakers,75.0,https://cdn.nba.com/headshots/nba/latest/1040x760/1627780.png,https://cdn.nba.com/logos/nba/1610612747/primary/L/logo.svg
202738,Isaiah Thomas,isaiah-thomas,3,G,5-9,185,"FEB 07, 1989",29.0,6,Washington,2017-18,1610612747,LAL,Los Angeles Lakers,69.0,https://cdn.nba.com/headshots/nba/latest/1040x760/202738.png,https://cdn.nba.com/logos/nba/1610612747/primary/L/logo.svg
1627826,Ivica Zubac,ivica-zubac,40,C,7-1,240,"MAR 18, 1997",21.0,1,Mega Basket,2017-18,1610612747,LAL,Los Angeles Lakers,85.0,https://cdn.nba.com/headshots/nba/latest/1040x760/1627826.png,https://cdn.nba.com/logos/nba/1610612747/primary/L/logo.svg
1628404,Josh Hart,josh-hart,5,G,6-5,215,"MAR 06, 1995",23.0,R,Villanova,2017-18,1610612747,LAL,Los Angeles Lakers,77.0,https://cdn.nba.com/headshots/nba/latest/1040x760/1628404.png,https://cdn.nba.com/logos/nba/1610612747/primary/L/logo.svg
203944,Julius Randle,julius-randle,30,F-C,6-9,250,"NOV 29, 1994",23.0,3,Kentucky,2017-18,1610612747,LAL,Los Angeles Lakers,81.0,https://cdn.nba.com/headshots/nba/latest/1040x760/203944.png,https://cdn.nba.com/logos/nba/1610612747/primary/L/logo.svg
203484,Kentavious Caldwell-Pope,kentavious-caldwell-pope,1,G,6-5,205,"FEB 18, 1993",25.0,4,Georgia,2017-18,1610612747,LAL,Los Angeles Lakers,77.0,https://cdn.nba.com/headshots/nba/latest/1040x760/203484.png,https://cdn.nba.com/logos/nba/1610612747/primary/L/logo.svg
1628398,Kyle Kuzma,kyle-kuzma,0,F,6-9,220,"JUL 24, 1995",22.0,R,Utah,2017-18,1610612747,LAL,Los Angeles Lakers,81.0,https://cdn.nba.com/headshots/nba/latest/1040x760/1628398.png,https://cdn.nba.com/logos/nba/1610612747/primary/L/logo.svg
1628366,Lonzo Ball,lonzo-ball,2,G,6-6,190,"OCT 27, 1997",20.0,R,UCLA,2017-18,1610612747,LAL,Los Angeles Lakers,78.0,https://cdn.nba.com/headshots/nba/latest/1040x760/1628366.png,https://cdn.nba.com/logos/nba/1610612747/primary/L/logo.svg
2736,Luol Deng,luol-deng,9,F,6-9,220,"APR 16, 1985",33.0,13,Duke,2017-18,1610612747,LAL,Los Angeles Lakers,81.0,https://cdn.nba.com/headshots/nba/latest/1040x760/2736.png,https://cdn.nba.com/logos/nba/1610612747/primary/L/logo.svg
1628418,Thomas Bryant,thomas-bryant,31,C,6-10,248,"JUL 31, 1997",20.0,R,Indiana,2017-18,1610612747,LAL,Los Angeles Lakers,82.0,https://cdn.nba.com/headshots/nba/latest/1040x760/1628418.png,https://cdn.nba.com/logos/nba/1610612747/primary/L/logo.svg
204037,Travis Wear,travis-wear,21,F,6-10,225,"SEP 21, 1990",27.0,1,UCLA,2017-18,1610612747,LAL,Los Angeles Lakers,82.0,https://cdn.nba.com/headshots/nba/latest/1040x760/204037.png,https://cdn.nba.com/logos/nba/1610612747/primary/L/logo.svg
203898,Tyler Ennis,tyler-ennis,10,G,6-3,194,"AUG 24, 1994",23.0,3,Syracuse,2017-18,1610612747,LAL,Los Angeles Lakers,75.0,https://cdn.nba.com/headshots/nba/latest/1040x760/203898.png,https://cdn.nba.com/logos/nba/1610612747/primary/L/logo.svg
1626150,Andrew Harrison,andrew-harrison,5,G,6-6,213,"OCT 28, 1994",23.0,1,Kentucky,2017-18,1610612763,MEM,Memphis Grizzlies,78.0,https://cdn.nba.com/headshots/nba/latest/1040x760/1626150.png,https://cdn.nba.com/logos/nba/1610612763/primary/L/logo.svg
203463,Ben McLemore,ben-mclemore,23,G,6-5,195,"FEB 11, 1993",25.0,4,Kansas,2017-18,1610612763,MEM,Memphis Grizzlies,77.0,https://cdn.nba.com/headshots/nba/latest/1040x760/203463.png,https://cdn.nba.com/logos/nba/1610612763/primary/L/logo.svg
1627362,Briante Weber,briante-weber,3,G,6-2,165,"DEC 29, 1992",25.0,2,Virginia Commonwealth,2017-18,1610612763,MEM,Memphis Grizzlies,74.0,https://cdn.nba.com/headshots/nba/latest/1040x760/1627362.png,https://cdn.nba.com/logos/nba/1610612763/primary/L/logo.svg
202718,Chandler Parsons,chandler-parsons,25,F,6-10,230,"OCT 25, 1988",29.0,6,Florida,2017-18,1610612763,MEM,Memphis Grizzlies,82.0,https://cdn.nba.com/headshots/nba/latest/1040x760/202718.png,https://cdn.nba.com/logos/nba/1610612763/primary/L/logo.svg
1627738,Deyonta Davis,deyonta-davis,21,C-F,6-11,237,"DEC 02, 1996",21.0,1,Michigan State,2017-18,1610612763,MEM,Memphis Grizzlies,83.0,https://cdn.nba.com/headshots/nba/latest/1040x760/1627738.png,https://cdn.nba.com/logos/nba/1610612763/primary/L/logo.svg
1628415,Dillon Brooks,dillon-brooks,24,F-G,6-6,220,"JAN 22, 1996",22.0,R,Oregon,2017-18,1610612763,MEM,Memphis Grizzlies,78.0,https://cdn.nba.com/headshots/nba/latest/1040x760/1628415.png,https://cdn.nba.com/logos/nba/1610612763/primary/L/logo.svg
1628397,Ivan Rabb,ivan-rabb,10,F,6-10,220,"FEB 04, 1997",21.0,R,California,2017-18,1610612763,MEM,Memphis Grizzlies,82.0,https://cdn.nba.com/headshots/nba/latest/1040x760/1628397.png,https://cdn.nba.com/logos/nba/1610612763/primary/L/logo.svg
203210,JaMychal Green,jamychal-green,0,F,6-9,227,"JUN 21, 1990",28.0,3,Alabama,2017-18,1610612763,MEM,Memphis Grizzlies,81.0,https://cdn.nba.com/headshots/nba/latest/1040x760/203210.png,https://cdn.nba.com/logos/nba/1610612763/primary/L/logo.svg
1626185,Jarell Martin,jarell-martin,1,F,6-10,239,"MAY 24, 1994",24.0,2,Louisiana State,2017-18,1610612763,MEM,Memphis Grizzlies,82.0,https://cdn.nba.com/headshots/nba/latest/1040x760/1626185.png,https://cdn.nba.com/logos/nba/1610612763/primary/L/logo.svg
1628424,Kobi Simmons,kobi-simmons,2,G,6-4,170,"JUL 04, 1997",20.0,R,Arizona,2017-18,1610612763,MEM,Memphis Grizzlies,76.0,https://cdn.nba.com/headshots/nba/latest/1040x760/1628424.png,https://cdn.nba.com/logos/nba/1610612763/primary/L/logo.svg
202705,MarShon Brooks,marshon-brooks,8,G-F,6-5,200,"JAN 26, 1989",29.0,3,Providence,2017-18,1610612763,MEM,Memphis Grizzlies,77.0,https://cdn.nba.com/headshots/nba/latest/1040x760/202705.png,https://cdn.nba.com/logos/nba/1610612763/primary/L/logo.svg
201188,Marc Gasol,marc-gasol,33,C,7-1,255,"JAN 29, 1985",33.0,9,FC Barcelona,2017-18,1610612763,MEM,Memphis Grizzlies,85.0,https://cdn.nba.com/headshots/nba/latest/1040x760/201188.png,https://cdn.nba.com/logos/nba/1610612763/primary/L/logo.svg
201596,Mario Chalmers,mario-chalmers,6,G,6-2,190,"MAY 19, 1986",32.0,8,Kansas,2017-18,1610612763,MEM,Memphis Grizzlies,74.0,https://cdn.nba.com/headshots/nba/latest/1040x760/201596.png,https://cdn.nba.com/logos/nba/1610612763/primary/L/logo.svg
203104,Marquis Teague,marquis-teague,20,G,6-2,189,"FEB 28, 1993",25.0,2,Kentucky,2017-18,1610612763,MEM,Memphis Grizzlies,74.0,https://cdn.nba.com/headshots/nba/latest/1040x760/203104.png,https://cdn.nba.com/logos/nba/1610612763/primary/L/logo.svg
201144,Mike Conley,mike-conley,11,G,6-1,175,"OCT 11, 1987",30.0,10,Ohio State,2017-18,1610612763,MEM,Memphis Grizzlies,73.0,https://cdn.nba.com/headshots/nba/latest/1040x760/201144.png,https://cdn.nba.com/logos/nba/1610612763/primary/L/logo.svg
1627988,Myke Henry,myke-henry,4,F,6-6,210,"DEC 23, 1992",25.0,R,DePaul,2017-18,1610612763,MEM,Memphis Grizzlies,78.0,https://cdn.nba.com/headshots/nba/latest/1040x760/1627988.png,https://cdn.nba.com/logos/nba/1610612763/primary/L/logo.svg
201936,Tyreke Evans,tyreke-evans,12,G-F,6-6,220,"SEP 19, 1989",28.0,8,Memphis,2017-18,1610612763,MEM,Memphis Grizzlies,78.0,https://cdn.nba.com/headshots/nba/latest/1040x760/201936.png,https://cdn.nba.com/logos/nba/1610612763/primary/L/logo.svg
1627782,Wayne Selden,wayne-selden,7,G-F,6-5,230,"SEP 30, 1994",23.0,1,Kansas,2017-18,1610612763,MEM,Memphis Grizzlies,77.0,https://cdn.nba.com/headshots/nba/latest/1040x760/1627782.png,https://cdn.nba.com/logos/nba/1610612763/primary/L/logo.svg
1628389,Bam Adebayo,bam-adebayo,13,C-F,6-10,255,"JUL 18, 1997",20.0,R,Kentucky,2017-18,1610612748,MIA,Miami Heat,82.0,https://cdn.nba.com/headshots/nba/latest/1040x760/1628389.png,https://cdn.nba.com/logos/nba/1610612748/primary/L/logo.svg
1627884,Derrick Jones Jr.,derrick-jones-jr,5,F-G,6-7,200,"FEB 15, 1997",21.0,1,UNLV,2017-18,1610612748,MIA,Miami Heat,79.0,https://cdn.nba.com/headshots/nba/latest/1040x760/1627884.png,https://cdn.nba.com/logos/nba/1610612748/primary/L/logo.svg
1628476,Derrick Walton Jr.,derrick-walton-jr,14,G,6-1,185,"APR 03, 1995",23.0,R,Michigan,2017-18,1610612748,MIA,Miami Heat,73.0,https://cdn.nba.com/headshots/nba/latest/1040x760/1628476.png,https://cdn.nba.com/logos/nba/1610612748/primary/L/logo.svg
203079,Dion Waiters,dion-waiters,11,G,6-4,215,"DEC 10, 1991",26.0,5,Syracuse,2017-18,1610612748,MIA,Miami Heat,76.0,https://cdn.nba.com/headshots/nba/latest/1040x760/203079.png,https://cdn.nba.com/logos/nba/1610612748/primary/L/logo.svg
2548,Dwyane Wade,dwyane-wade,3,G,6-4,220,"JAN 17, 1982",36.0,14,Marquette,2017-18,1610612748,MIA,Miami Heat,76.0,https://cdn.nba.com/headshots/nba/latest/1040x760/2548.png,https://cdn.nba.com/logos/nba/1610612748/primary/L/logo.svg
201609,Goran Dragic,goran-dragic,7,G,6-3,190,"MAY 06, 1986",32.0,9,Union Olimpija,2017-18,1610612748,MIA,Miami Heat,75.0,https://cdn.nba.com/headshots/nba/latest/1040x760/201609.png,https://cdn.nba.com/logos/nba/1610612748/primary/L/logo.svg
202355,Hassan Whiteside,hassan-whiteside,21,C,7-0,265,"JUN 13, 1989",29.0,5,Marshall,2017-18,1610612748,MIA,Miami Heat,84.0,https://cdn.nba.com/headshots/nba/latest/1040x760/202355.png,https://cdn.nba.com/logos/nba/1610612748/primary/L/logo.svg
201949,James Johnson,james-johnson,16,F,6-8,240,"FEB 20, 1987",31.0,8,Wake Forest,2017-18,1610612748,MIA,Miami Heat,80.0,https://cdn.nba.com/headshots/nba/latest/1040x760/201949.png,https://cdn.nba.com/logos/nba/1610612748/primary/L/logo.svg
1626175,Jordan Mickey,jordan-mickey,25,C-F,6-8,235,"JUL 09, 1994",23.0,2,Louisiana State,2017-18,1610612748,MIA,Miami Heat,80.0,https://cdn.nba.com/headshots/nba/latest/1040x760/1626175.png,https://cdn.nba.com/logos/nba/1610612748/primary/L/logo.svg
1626196,Josh Richardson,josh-richardson,0,F,6-6,200,"SEP 15, 1993",24.0,2,Tennessee,2017-18,1610612748,MIA,Miami Heat,78.0,https://cdn.nba.com/headshots/nba/latest/1040x760/1626196.png,https://cdn.nba.com/logos/nba/1610612748/primary/L/logo.svg
1626159,Justise Winslow,justise-winslow,20,F-G,6-7,225,"MAR 26, 1996",22.0,2,Duke,2017-18,1610612748,MIA,Miami Heat,79.0,https://cdn.nba.com/headshots/nba/latest/1040x760/1626159.png,https://cdn.nba.com/logos/nba/1610612748/primary/L/logo.svg
203482,Kelly Olynyk,kelly-olynyk,9,F-C,7-0,245,"APR 19, 1991",27.0,4,Gonzaga,2017-18,1610612748,MIA,Miami Heat,84.0,https://cdn.nba.com/headshots/nba/latest/1040x760/203482.png,https://cdn.nba.com/logos/nba/1610612748/primary/L/logo.svg
202337,Luke Babbitt,luke-babbitt,22,F,6-9,225,"JUN 20, 1989",29.0,7,Nevada,2017-18,1610612748,MIA,Miami Heat,81.0,https://cdn.nba.com/headshots/nba/latest/1040x760/202337.png,https://cdn.nba.com/logos/nba/1610612748/primary/L/logo.svg
203585,Rodney McGruder,rodney-mcgruder,17,G-F,6-4,200,"JUL 29, 1991",26.0,1,Kansas State,2017-18,1610612748,MIA,Miami Heat,76.0,https://cdn.nba.com/headshots/nba/latest/1040x760/203585.png,https://cdn.nba.com/logos/nba/1610612748/primary/L/logo.svg
204020,Tyler Johnson,tyler-johnson,8,G,6-4,190,"MAY 07, 1992",26.0,3,Fresno State,2017-18,1610612748,MIA,Miami Heat,76.0,https://cdn.nba.com/headshots/nba/latest/1040x760/204020.png,https://cdn.nba.com/logos/nba/1610612748/primary/L/logo.svg
2617,Udonis Haslem,udonis-haslem,40,F,6-8,235,"JUN 09, 1980",38.0,14,Florida,2017-18,1610612748,MIA,Miami Heat,80.0,https://cdn.nba.com/headshots/nba/latest/1040x760/2617.png,https://cdn.nba.com/logos/nba/1610612748/primary/L/logo.svg
201961,Wayne Ellington,wayne-ellington,2,G,6-5,200,"NOV 29, 1987",30.0,8,North Carolina,2017-18,1610612748,MIA,Miami Heat,77.0,https://cdn.nba.com/headshots/nba/latest/1040x760/201961.png,https://cdn.nba.com/logos/nba/1610612748/primary/L/logo.svg
201943,Brandon Jennings,brandon-jennings,11,G,6-1,170,"SEP 23, 1989",28.0,8,Virtus Roma,2017-18,1610612749,MIL,Milwaukee Bucks,73.0,https://cdn.nba.com/headshots/nba/latest/1040x760/201943.png,https://cdn.nba.com/logos/nba/1610612749/primary/L/logo.svg
1628391,D.J. Wilson,dj-wilson,5,F,6-10,236,"FEB 19, 1996",22.0,R,Michigan,2017-18,1610612749,MIL,Milwaukee Bucks,82.0,https://cdn.nba.com/headshots/nba/latest/1040x760/1628391.png,https://cdn.nba.com/logos/nba/1610612749/primary/L/logo.svg
202339,Eric Bledsoe,eric-bledsoe,6,G,6-1,205,"DEC 09, 1989",28.0,7,Kentucky,2017-18,1610612749,MIL,Milwaukee Bucks,73.0,https://cdn.nba.com/headshots/nba/latest/1040x760/202339.png,https://cdn.nba.com/logos/nba/1610612749/primary/L/logo.svg
203507,Giannis Antetokounmpo,giannis-antetokounmpo,34,F,6-11,222,"DEC 06, 1994",23.0,4,Filathlitikos,2017-18,1610612749,MIL,Milwaukee Bucks,83.0,https://cdn.nba.com/headshots/nba/latest/1040x760/203507.png,https://cdn.nba.com/logos/nba/1610612749/primary/L/logo.svg
203953,Jabari Parker,jabari-parker,12,F,6-8,250,"MAR 15, 1995",23.0,3,Duke,2017-18,1610612749,MIL,Milwaukee Bucks,80.0,https://cdn.nba.com/headshots/nba/latest/1040x760/203953.png,https://cdn.nba.com/logos/nba/1610612749/primary/L/logo.svg
1891,Jason Terry,jason-terry,3,G,6-2,185,"SEP 15, 1977",40.0,18,Arizona,2017-18,1610612749,MIL,Milwaukee Bucks,74.0,https://cdn.nba.com/headshots/nba/latest/1040x760/1891.png,https://cdn.nba.com/logos/nba/1610612749/primary/L/logo.svg
203089,John Henson,john-henson,31,C,6-11,229,"DEC 28, 1990",27.0,5,North Carolina,2017-18,1610612749,MIL,Milwaukee Bucks,83.0,https://cdn.nba.com/headshots/nba/latest/1040x760/203089.png,https://cdn.nba.com/logos/nba/1610612749/primary/L/logo.svg
203114,Khris Middleton,khris-middleton,22,F,6-8,234,"AUG 12, 1991",26.0,5,Texas A&M,2017-18,1610612749,MIL,Milwaukee Bucks,80.0,https://cdn.nba.com/headshots/nba/latest/1040x760/203114.png,https://cdn.nba.com/logos/nba/1610612749/primary/L/logo.svg
1627763,Malcolm Brogdon,malcolm-brogdon,13,G,6-5,215,"DEC 11, 1992",25.0,1,Virginia,2017-18,1610612749,MIL,Milwaukee Bucks,77.0,https://cdn.nba.com/headshots/nba/latest/1040x760/1627763.png,https://cdn.nba.com/logos/nba/1610612749/primary/L/logo.svg
1627850,Marshall Plumlee,marshall-plumlee,40,C,7-0,250,"JUL 14, 1992",25.0,1,Duke,2017-18,1610612749,MIL,Milwaukee Bucks,84.0,https://cdn.nba.com/headshots/nba/latest/1040x760/1627850.png,https://cdn.nba.com/logos/nba/1610612749/primary/L/logo.svg
203521,Matthew Dellavedova,matthew-dellavedova,8,G,6-4,198,"SEP 08, 1990",27.0,4,Saint Mary's,2017-18,1610612749,MIL,Milwaukee Bucks,76.0,https://cdn.nba.com/headshots/nba/latest/1040x760/203521.png,https://cdn.nba.com/logos/nba/1610612749/primary/L/logo.svg
203498,Shabazz Muhammad,shabazz-muhammad,15,G-F,6-6,221,"NOV 13, 1992",25.0,4,UCLA,2017-18,1610612749,MIL,Milwaukee Bucks,78.0,https://cdn.nba.com/headshots/nba/latest/1040x760/203498.png,https://cdn.nba.com/logos/nba/1610612749/primary/L/logo.svg
1628425,Sterling Brown,sterling-brown,23,G,6-6,230,"FEB 10, 1995",23.0,R,Southern Methodist,2017-18,1610612749,MIL,Milwaukee Bucks,78.0,https://cdn.nba.com/headshots/nba/latest/1040x760/1628425.png,https://cdn.nba.com/logos/nba/1610612749/primary/L/logo.svg
1627748,Thon Maker,thon-maker,7,C-F,7-1,223,"FEB 25, 1997",21.0,1,Athlete Institute Prep,2017-18,1610612749,MIL,Milwaukee Bucks,85.0,https://cdn.nba.com/headshots/nba/latest/1040x760/1627748.png,https://cdn.nba.com/logos/nba/1610612749/primary/L/logo.svg
203503,Tony Snell,tony-snell,21,G,6-7,221,"NOV 10, 1991",26.0,4,New Mexico,2017-18,1610612749,MIL,Milwaukee Bucks,79.0,https://cdn.nba.com/headshots/nba/latest/1040x760/203503.png,https://cdn.nba.com/logos/nba/1610612749/primary/L/logo.svg
203092,Tyler Zeller,tyler-zeller,44,C,7-0,250,"JAN 17, 1990",28.0,5,North Carolina,2017-18,1610612749,MIL,Milwaukee Bucks,84.0,https://cdn.nba.com/headshots/nba/latest/1040x760/203092.png,https://cdn.nba.com/logos/nba/1610612749/primary/L/logo.svg
204098,Xavier Munford,xavier-munford,0,G,6-4,173,"JUN 01, 1992",26.0,1,Rhode Island,2017-18,1610612749,MIL,Milwaukee Bucks,76.0,https://cdn.nba.com/headshots/nba/latest/1040x760/204098.png,https://cdn.nba.com/logos/nba/1610612749/primary/L/logo.svg
201166,Aaron Brooks,aaron-brooks,30,G,6-0,161,"JAN 14, 1985",33.0,9,Oregon,2017-18,1610612750,MIN,Minnesota Timberwolves,72.0,https://cdn.nba.com/headshots/nba/latest/1040x760/201166.png,https://cdn.nba.com/logos/nba/1610612750/primary/L/logo.svg
1628518,Amile Jefferson,amile-jefferson,10,F,6-9,224,"MAY 07, 1993",25.0,R,Duke,2017-18,1610612750,MIN,Minnesota Timberwolves,81.0,https://cdn.nba.com/headshots/nba/latest/1040x760/1628518.png,https://cdn.nba.com/logos/nba/1610612750/primary/L/logo.svg
203952,Andrew Wiggins,andrew-wiggins,22,F,6-8,202,"FEB 23, 1995",23.0,3,Kansas,2017-18,1610612750,MIN,Minnesota Timberwolves,80.0,https://cdn.nba.com/headshots/nba/latest/1040x760/203952.png,https://cdn.nba.com/logos/nba/1610612750/primary/L/logo.svg
1626148,Anthony Brown,anthony-brown,3,F-G,6-7,224,"OCT 10, 1992",25.0,2,Stanford,2017-18,1610612750,MIN,Minnesota Timberwolves,79.0,https://cdn.nba.com/headshots/nba/latest/1040x760/1626148.png,https://cdn.nba.com/logos/nba/1610612750/primary/L/logo.svg
202332,Cole Aldrich,cole-aldrich,45,C,6-11,253,"OCT 31, 1988",29.0,7,Kansas,2017-18,1610612750,MIN,Minnesota Timberwolves,83.0,https://cdn.nba.com/headshots/nba/latest/1040x760/202332.png,https://cdn.nba.com/logos/nba/1610612750/primary/L/logo.svg
201565,Derrick Rose,derrick-rose,25,G,6-3,190,"OCT 04, 1988",29.0,8,Memphis,2017-18,1610612750,MIN,Minnesota Timberwolves,75.0,https://cdn.nba.com/headshots/nba/latest/1040x760/201565.png,https://cdn.nba.com/logos/nba/1610612750/primary/L/logo.svg
203476,Gorgui Dieng,gorgui-dieng,5,C,6-11,251,"JAN 18, 1990",28.0,4,Louisville,2017-18,1610612750,MIN,Minnesota Timberwolves,83.0,https://cdn.nba.com/headshots/nba/latest/1040x760/203476.png,https://cdn.nba.com/logos/nba/1610612750/primary/L/logo.svg
2037,Jamal Crawford,jamal-crawford,11,G,6-5,185,"MAR 20, 1980",38.0,17,Michigan,2017-18,1610612750,MIN,Minnesota Timberwolves,77.0,https://cdn.nba.com/headshots/nba/latest/1040x760/2037.png,https://cdn.nba.com/logos/nba/1610612750/primary/L/logo.svg
201952,Jeff Teague,jeff-teague,0,G,6-2,189,"JUN 10, 1988",30.0,8,Wake Forest,2017-18,1610612750,MIN,Minnesota Timberwolves,74.0,https://cdn.nba.com/headshots/nba/latest/1040x760/201952.png,https://cdn.nba.com/logos/nba/1610612750/primary/L/logo.svg
202710,Jimmy Butler III,jimmy-butler-iii,23,G,6-8,236,"SEP 14, 1989",28.0,6,Marquette,2017-18,1610612750,MIN,Minnesota Timberwolves,80.0,https://cdn.nba.com/headshots/nba/latest/1040x760/202710.png,https://cdn.nba.com/logos/nba/1610612750/primary/L/logo.svg
1628383,Justin Patton,justin-patton,24,C,7-0,236,"JUN 14, 1997",21.0,R,Creighton,2017-18,1610612750,MIN,Minnesota Timberwolves,84.0,https://cdn.nba.com/headshots/nba/latest/1040x760/1628383.png,https://cdn.nba.com/logos/nba/1610612750/primary/L/logo.svg
1626157,Karl-Anthony Towns,karl-anthony-towns,32,C,7-0,248,"NOV 15, 1995",22.0,2,Kentucky,2017-18,1610612750,MIN,Minnesota Timberwolves,84.0,https://cdn.nba.com/headshots/nba/latest/1040x760/1626157.png,https://cdn.nba.com/logos/nba/1610612750/primary/L/logo.svg
1627875,Marcus Georges-Hunt,marcus-georges-hunt,13,G,6-5,226,"MAR 28, 1994",24.0,1,Georgia Tech,2017-18,1610612750,MIN,Minnesota Timberwolves,77.0,https://cdn.nba.com/headshots/nba/latest/1040x760/1627875.png,https://cdn.nba.com/logos/nba/1610612750/primary/L/logo.svg
202357,Nemanja Bjelica,nemanja-bjelica,8,F,6-10,230,"MAY 09, 1988",30.0,2,Fenerbahce,2017-18,1610612750,MIN,Minnesota Timberwolves,82.0,https://cdn.nba.com/headshots/nba/latest/1040x760/202357.png,https://cdn.nba.com/logos/nba/1610612750/primary/L/logo.svg
201959,Taj Gibson,taj-gibson,67,F,6-9,235,"JUN 24, 1985",33.0,8,Southern California,2017-18,1610612750,MIN,Minnesota Timberwolves,81.0,https://cdn.nba.com/headshots/nba/latest/1040x760/201959.png,https://cdn.nba.com/logos/nba/1610612750/primary/L/logo.svg
1626145,Tyus Jones,tyus-jones,1,G,6-2,184,"MAY 10, 1996",22.0,2,Duke,2017-18,1610612750,MIN,Minnesota Timberwolves,74.0,https://cdn.nba.com/headshots/nba/latest/1040x760/1626145.png,https://cdn.nba.com/logos/nba/1610612750/primary/L/logo.svg
201582,Alexis Ajinca,alexis-ajinca,42,C,7-2,248,"MAY 06, 1988",30.0,7,Hyeres-Toulon,2017-18,1610612740,NOP,New Orleans Pelicans,86.0,https://cdn.nba.com/headshots/nba/latest/1040x760/201582.png,https://cdn.nba.com/logos/nba/1610612740/primary/L/logo.svg
203076,Anthony Davis,anthony-davis,23,F-C,6-10,253,"MAR 11, 1993",25.0,5,Kentucky,2017-18,1610612740,NOP,New Orleans Pelicans,82.0,https://cdn.nba.com/headshots/nba/latest/1040x760/203076.png,https://cdn.nba.com/logos/nba/1610612740/primary/L/logo.svg
1628429,Charles Cooke,charles-cooke,4,G,6-5,196,"JUL 01, 1994",23.0,R,Dayton,2017-18,1610612740,NOP,New Orleans Pelicans,77.0,https://cdn.nba.com/headshots/nba/latest/1040x760/1628429.png,https://cdn.nba.com/logos/nba/1610612740/primary/L/logo.svg
1627767,Cheick Diallo,cheick-diallo,13,F,6-9,220,"SEP 13, 1996",21.0,1,Kansas,2017-18,1610612740,NOP,New Orleans Pelicans,81.0,https://cdn.nba.com/headshots/nba/latest/1040x760/1627767.png,https://cdn.nba.com/logos/nba/1610612740/primary/L/logo.svg
203121,Darius Miller,darius-miller,21,F,6-8,225,"MAR 21, 1990",28.0,3,Kentucky,2017-18,1610612740,NOP,New Orleans Pelicans,80.0,https://cdn.nba.com/headshots/nba/latest/1040x760/203121.png,https://cdn.nba.com/logos/nba/1610612740/primary/L/logo.svg
202732,DeAndre Liggins,deandre-liggins,34,G,6-6,209,"MAR 31, 1988",30.0,4,Kentucky,2017-18,1610612740,NOP,New Orleans Pelicans,78.0,https://cdn.nba.com/headshots/nba/latest/1040x760/202732.png,https://cdn.nba.com/logos/nba/1610612740/primary/L/logo.svg
202326,DeMarcus Cousins,demarcus-cousins,0,C,6-11,270,"AUG 13, 1990",27.0,7,Kentucky,2017-18,1610612740,NOP,New Orleans Pelicans,83.0,https://cdn.nba.com/headshots/nba/latest/1040x760/202326.png,https://cdn.nba.com/logos/nba/1610612740/primary/L/logo.svg
202734,E'Twaun Moore,etwaun-moore,55,F-G,6-4,191,"FEB 25, 1989",29.0,6,Purdue,2017-18,1610612740,NOP,New Orleans Pelicans,76.0,https://cdn.nba.com/headshots/nba/latest/1040x760/202734.png,https://cdn.nba.com/logos/nba/1610612740/primary/L/logo.svg
2731,Emeka Okafor,emeka-okafor,50,C,6-10,255,"SEP 28, 1982",35.0,9,Connecticut,2017-18,1610612740,NOP,New Orleans Pelicans,82.0,https://cdn.nba.com/headshots/nba/latest/1040x760/2731.png,https://cdn.nba.com/logos/nba/1610612740/primary/L/logo.svg
1628402,Frank Jackson,frank-jackson,15,G,6-3,205,"MAY 04, 1998",20.0,R,Duke,2017-18,1610612740,NOP,New Orleans Pelicans,75.0,https://cdn.nba.com/headshots/nba/latest/1040x760/1628402.png,https://cdn.nba.com/logos/nba/1610612740/primary/L/logo.svg
203546,Ian Clark,ian-clark,2,G,6-3,175,"MAR 07, 1991",27.0,4,Belmont,2017-18,1610612740,NOP,New Orleans Pelicans,75.0,https://cdn.nba.com/headshots/nba/latest/1040x760/203546.png,https://cdn.nba.com/logos/nba/1610612740/primary/L/logo.svg
202348,Jordan Crawford,jordan-crawford,27,G,6-5,195,"OCT 23, 1988",29.0,5,Xavier,2017-18,1610612740,NOP,New Orleans Pelicans,77.0,https://cdn.nba.com/headshots/nba/latest/1040x760/202348.png,https://cdn.nba.com/logos/nba/1610612740/primary/L/logo.svg
201950,Jrue Holiday,jrue-holiday,11,G,6-4,205,"JUN 12, 1990",28.0,8,UCLA,2017-18,1610612740,NOP,New Orleans Pelicans,76.0,https://cdn.nba.com/headshots/nba/latest/1040x760/201950.png,https://cdn.nba.com/logos/nba/1610612740/primary/L/logo.svg
203580,Larry Drew II,larry-drew-ii,1,G,6-2,180,"MAR 05, 1990",28.0,1,UCLA,2017-18,1610612740,NOP,New Orleans Pelicans,74.0,https://cdn.nba.com/headshots/nba/latest/1040x760/203580.png,https://cdn.nba.com/logos/nba/1610612740/primary/L/logo.svg
202703,Nikola Mirotic,nikola-mirotic,3,F,6-10,238,"FEB 11, 1991",27.0,3,Real Madrid,2017-18,1610612740,NOP,New Orleans Pelicans,82.0,https://cdn.nba.com/headshots/nba/latest/1040x760/202703.png,https://cdn.nba.com/logos/nba/1610612740/primary/L/logo.svg
200765,Rajon Rondo,rajon-rondo,9,G,6-1,186,"FEB 22, 1986",32.0,11,Kentucky,2017-18,1610612740,NOP,New Orleans Pelicans,73.0,https://cdn.nba.com/headshots/nba/latest/1040x760/200765.png,https://cdn.nba.com/logos/nba/1610612740/primary/L/logo.svg
203524,Solomon Hill,solomon-hill,44,F,6-7,225,"MAR 18, 1991",27.0,4,Arizona,2017-18,1610612740,NOP,New Orleans Pelicans,79.0,https://cdn.nba.com/headshots/nba/latest/1040x760/203524.png,https://cdn.nba.com/logos/nba/1610612740/primary/L/logo.svg
201584,Courtney Lee,courtney-lee,5,G,6-5,200,"OCT 03, 1985",32.0,9,Western Kentucky,2017-18,1610612752,NYK,New York Knicks,77.0,https://cdn.nba.com/headshots/nba/latest/1040x760/201584.png,https://cdn.nba.com/logos/nba/1610612752/primary/L/logo.svg
1628422,Damyean Dotson,damyean-dotson,21,G,6-5,210,"MAY 06, 1994",24.0,R,Houston,2017-18,1610612752,NYK,New York Knicks,77.0,https://cdn.nba.com/headshots/nba/latest/1040x760/1628422.png,https://cdn.nba.com/logos/nba/1610612752/primary/L/logo.svg
1626144,Emmanuel Mudiay,emmanuel-mudiay,1,G,6-5,200,"MAR 05, 1996",22.0,2,Guangdong,2017-18,1610612752,NYK,New York Knicks,77.0,https://cdn.nba.com/headshots/nba/latest/1040x760/1626144.png,https://cdn.nba.com/logos/nba/1610612752/primary/L/logo.svg
202683,Enes Freedom,enes-freedom,00,C,6-11,245,"MAY 20, 1992",26.0,6,Fenerbahce,2017-18,1610612752,NYK,New York Knicks,83.0,https://cdn.nba.com/headshots/nba/latest/1040x760/202683.png,https://cdn.nba.com/logos/nba/1610612752/primary/L/logo.svg
1628373,Frank Ntilikina,frank-ntilikina,11,G,6-5,190,"JUL 28, 1998",19.0,R,Strasbourg IG,2017-18,1610612752,NYK,New York Knicks,77.0,https://cdn.nba.com/headshots/nba/latest/1040x760/1628373.png,https://cdn.nba.com/logos/nba/1610612752/primary/L/logo.svg
1628439,Isaiah Hicks,isaiah-hicks,4,F,6-9,242,"JUL 24, 1994",23.0,R,North Carolina,2017-18,1610612752,NYK,New York Knicks,81.0,https://cdn.nba.com/headshots/nba/latest/1040x760/1628439.png,https://cdn.nba.com/logos/nba/1610612752/primary/L/logo.svg
101127,Jarrett Jack,jarrett-jack,55,G,6-3,200,"OCT 28, 1983",34.0,12,Georgia Tech,2017-18,1610612752,NYK,New York Knicks,75.0,https://cdn.nba.com/headshots/nba/latest/1040x760/101127.png,https://cdn.nba.com/logos/nba/1610612752/primary/L/logo.svg
201149,Joakim Noah,joakim-noah,13,C,6-11,230,"FEB 25, 1985",33.0,10,Florida,2017-18,1610612752,NYK,New York Knicks,83.0,https://cdn.nba.com/headshots/nba/latest/1040x760/201149.png,https://cdn.nba.com/logos/nba/1610612752/primary/L/logo.svg
204001,Kristaps Porziņģis,kristaps-porziņģis,6,F-C,7-3,240,"AUG 02, 1995",22.0,2,Cajasol Sevilla,2017-18,1610612752,NYK,New York Knicks,87.0,https://cdn.nba.com/headshots/nba/latest/1040x760/204001.png,https://cdn.nba.com/logos/nba/1610612752/primary/L/logo.svg
203124,Kyle O'Quinn,kyle-oquinn,9,C-F,6-10,250,"MAR 26, 1990",28.0,5,Norfolk State,2017-18,1610612752,NYK,New York Knicks,82.0,https://cdn.nba.com/headshots/nba/latest/1040x760/203124.png,https://cdn.nba.com/logos/nba/1610612752/primary/L/logo.svg
202498,Lance Thomas,lance-thomas,42,F,6-8,235,"APR 24, 1988",30.0,6,Duke,2017-18,1610612752,NYK,New York Knicks,80.0,https://cdn.nba.com/headshots/nba/latest/1040x760/202498.png,https://cdn.nba.com/logos/nba/1610612752/primary/L/logo.svg
1628436,Luke Kornet,luke-kornet,2,F-C,7-1,250,"JUL 15, 1995",22.0,R,Vanderbilt,2017-18,1610612752,NYK,New York Knicks,85.0,https://cdn.nba.com/headshots/nba/latest/1040x760/1628436.png,https://cdn.nba.com/logos/nba/1610612752/primary/L/logo.svg
201563,Michael Beasley,michael-beasley,8,F,6-9,235,"JAN 09, 1989",29.0,9,Kansas State,2017-18,1610612752,NYK,New York Knicks,81.0,https://cdn.nba.com/headshots/nba/latest/1040x760/201563.png,https://cdn.nba.com/logos/nba/1610612752/primary/L/logo.svg
1627758,Ron Baker,ron-baker,31,G,6-4,220,"MAR 30, 1993",25.0,1,Wichita State,2017-18,1610612752,NYK,New York Knicks,76.0,https://cdn.nba.com/headshots/nba/latest/1040x760/1627758.png,https://cdn.nba.com/logos/nba/1610612752/primary/L/logo.svg
203501,Tim Hardaway Jr.,tim-hardaway-jr,3,F-G,6-6,205,"MAR 16, 1992",26.0,4,Michigan,2017-18,1610612752,NYK,New York Knicks,78.0,https://cdn.nba.com/headshots/nba/latest/1040x760/203501.png,https://cdn.nba.com/logos/nba/1610612752/primary/L/logo.svg
203504,Trey Burke,trey-burke,23,G,6-1,191,"NOV 12, 1992",25.0,4,Michigan,2017-18,1610612752,NYK,New York Knicks,73.0,https://cdn.nba.com/headshots/nba/latest/1040x760/203504.png,https://cdn.nba.com/logos/nba/1610612752/primary/L/logo.svg
1627786,Troy Williams,troy-williams,0,F,6-7,218,"DEC 30, 1994",23.0,1,Indiana,2017-18,1610612752,NYK,New York Knicks,79.0,https://cdn.nba.com/headshots/nba/latest/1040x760/1627786.png,https://cdn.nba.com/logos/nba/1610612752/primary/L/logo.svg
203518,Alex Abrines,alex-abrines,8,G,6-6,190,"AUG 01, 1993",24.0,1,FC Barcelona,2017-18,1610612760,OKC,Oklahoma City Thunder,78.0,https://cdn.nba.com/headshots/nba/latest/1040x760/203518.png,https://cdn.nba.com/logos/nba/1610612760/primary/L/logo.svg
203460,Andre Roberson,andre-roberson,21,G,6-7,210,"DEC 04, 1991",26.0,4,Colorado,2017-18,1610612760,OKC,Oklahoma City Thunder,79.0,https://cdn.nba.com/headshots/nba/latest/1040x760/203460.png,https://cdn.nba.com/logos/nba/1610612760/primary/L/logo.svg
2546,Carmelo Anthony,carmelo-anthony,7,F,6-8,240,"MAY 29, 1984",34.0,14,Syracuse,2017-18,1610612760,OKC,Oklahoma City Thunder,80.0,https://cdn.nba.com/headshots/nba/latest/1040x760/2546.png,https://cdn.nba.com/logos/nba/1610612760/primary/L/logo.svg
201147,Corey Brewer,corey-brewer,3,G-F,6-9,186,"MAR 05, 1986",32.0,10,Florida,2017-18,1610612760,OKC,Oklahoma City Thunder,81.0,https://cdn.nba.com/headshots/nba/latest/1040x760/201147.png,https://cdn.nba.com/logos/nba/1610612760/primary/L/logo.svg
1626177,Dakari Johnson,dakari-johnson,44,C,7-0,255,"SEP 22, 1995",22.0,R,Kentucky,2017-18,1610612760,OKC,Oklahoma City Thunder,84.0,https://cdn.nba.com/headshots/nba/latest/1040x760/1626177.png,https://cdn.nba.com/logos/nba/1610612760/primary/L/logo.svg
1627772,Daniel Hamilton,daniel-hamilton,25,G-F,6-7,195,"AUG 08, 1995",22.0,R,Connecticut,2017-18,1610612760,OKC,Oklahoma City Thunder,79.0,https://cdn.nba.com/headshots/nba/latest/1040x760/1627772.png,https://cdn.nba.com/logos/nba/1610612760/primary/L/logo.svg
203924,Jerami Grant,jerami-grant,9,F,6-9,220,"MAR 12, 1994",24.0,3,Syracuse,2017-18,1610612760,OKC,Oklahoma City Thunder,81.0,https://cdn.nba.com/headshots/nba/latest/1040x760/203924.png,https://cdn.nba.com/logos/nba/1610612760/primary/L/logo.svg
203962,Josh Huestis,josh-huestis,34,G,6-7,230,"DEC 19, 1991",26.0,2,Stanford,2017-18,1610612760,OKC,Oklahoma City Thunder,79.0,https://cdn.nba.com/headshots/nba/latest/1040x760/203962.png,https://cdn.nba.com/logos/nba/1610612760/primary/L/logo.svg
202713,Kyle Singler,kyle-singler,15,F,6-8,228,"MAY 04, 1988",30.0,5,Duke,2017-18,1610612760,OKC,Oklahoma City Thunder,80.0,https://cdn.nba.com/headshots/nba/latest/1040x760/202713.png,https://cdn.nba.com/logos/nba/1610612760/primary/L/logo.svg
2555,Nick Collison,nick-collison,4,F-C,6-10,255,"OCT 26, 1980",37.0,13,Kansas,2017-18,1610612760,OKC,Oklahoma City Thunder,82.0,https://cdn.nba.com/headshots/nba/latest/1040x760/2555.png,https://cdn.nba.com/logos/nba/1610612760/primary/L/logo.svg
1628408,PJ Dozier,pj-dozier,35,G,6-6,205,"OCT 25, 1996",21.0,R,South Carolina,2017-18,1610612760,OKC,Oklahoma City Thunder,78.0,https://cdn.nba.com/headshots/nba/latest/1040x760/1628408.png,https://cdn.nba.com/logos/nba/1610612760/primary/L/logo.svg
202335,Patrick Patterson,patrick-patterson,54,F,6-9,230,"MAR 14, 1989",29.0,7,Kentucky,2017-18,1610612760,OKC,Oklahoma City Thunder,81.0,https://cdn.nba.com/headshots/nba/latest/1040x760/202335.png,https://cdn.nba.com/logos/nba/1610612760/primary/L/logo.svg
202331,Paul George,paul-george,13,F,6-9,220,"MAY 02, 1990",28.0,7,Fresno State,2017-18,1610612760,OKC,Oklahoma City Thunder,81.0,https://cdn.nba.com/headshots/nba/latest/1040x760/202331.png,https://cdn.nba.com/logos/nba/1610612760/primary/L/logo.svg
101109,Raymond Felton,raymond-felton,2,G,6-1,205,"JUN 26, 1984",34.0,12,North Carolina,2017-18,1610612760,OKC,Oklahoma City Thunder,73.0,https://cdn.nba.com/headshots/nba/latest/1040x760/101109.png,https://cdn.nba.com/logos/nba/1610612760/primary/L/logo.svg
201566,Russell Westbrook,russell-westbrook,0,G,6-3,200,"NOV 12, 1988",29.0,9,UCLA,2017-18,1610612760,OKC,Oklahoma City Thunder,75.0,https://cdn.nba.com/headshots/nba/latest/1040x760/201566.png,https://cdn.nba.com/logos/nba/1610612760/primary/L/logo.svg
203500,Steven Adams,steven-adams,12,C,7-0,255,"JUL 20, 1993",24.0,4,Pittsburgh,2017-18,1610612760,OKC,Oklahoma City Thunder,84.0,https://cdn.nba.com/headshots/nba/latest/1040x760/203500.png,https://cdn.nba.com/logos/nba/1610612760/primary/L/logo.svg
1628390,Terrance Ferguson,terrance-ferguson,23,G,6-7,184,"MAY 17, 1998",20.0,R,Adelaide,2017-18,1610612760,OKC,Oklahoma City Thunder,79.0,https://cdn.nba.com/headshots/nba/latest/1040x760/1628390.png,https://cdn.nba.com/logos/nba/1610612760/primary/L/logo.svg
203932,Aaron Gordon,aaron-gordon,00,F,6-9,220,"SEP 16, 1995",22.0,3,Arizona,2017-18,1610612753,ORL,Orlando Magic,81.0,https://cdn.nba.com/headshots/nba/latest/1040x760/203932.png,https://cdn.nba.com/logos/nba/1610612753/primary/L/logo.svg
201167,Arron Afflalo,arron-afflalo,4,G,6-5,210,"OCT 15, 1985",32.0,10,UCLA,2017-18,1610612753,ORL,Orlando Magic,77.0,https://cdn.nba.com/headshots/nba/latest/1040x760/201167.png,https://cdn.nba.com/logos/nba/1610612753/primary/L/logo.svg
202687,Bismack Biyombo,bismack-biyombo,11,C,6-9,255,"AUG 28, 1992",25.0,6,Baloncesto Fuenlabrada,2017-18,1610612753,ORL,Orlando Magic,81.0,https://cdn.nba.com/headshots/nba/latest/1040x760/202687.png,https://cdn.nba.com/logos/nba/1610612753/primary/L/logo.svg
201571,D.J. Augustin,dj-augustin,14,G,6-0,183,"NOV 10, 1987",30.0,9,Texas,2017-18,1610612753,ORL,Orlando Magic,72.0,https://cdn.nba.com/headshots/nba/latest/1040x760/201571.png,https://cdn.nba.com/logos/nba/1610612753/primary/L/logo.svg
203095,Evan Fournier,evan-fournier,10,G-F,6-7,205,"OCT 29, 1992",25.0,5,Poitiers Basket 86,2017-18,1610612753,ORL,Orlando Magic,79.0,https://cdn.nba.com/headshots/nba/latest/1040x760/203095.png,https://cdn.nba.com/logos/nba/1610612753/primary/L/logo.svg
1628503,Jamel Artis,jamel-artis,0,G,6-7,213,"JAN 12, 1993",25.0,R,Pittsburgh,2017-18,1610612753,ORL,Orlando Magic,79.0,https://cdn.nba.com/headshots/nba/latest/1040x760/1628503.png,https://cdn.nba.com/logos/nba/1610612753/primary/L/logo.svg
1628371,Jonathan Isaac,jonathan-isaac,1,F,6-10,210,"OCT 03, 1997",20.0,R,Florida State,2017-18,1610612753,ORL,Orlando Magic,82.0,https://cdn.nba.com/headshots/nba/latest/1040x760/1628371.png,https://cdn.nba.com/logos/nba/1610612753/primary/L/logo.svg
203613,Jonathon Simmons,jonathon-simmons,17,F,6-6,195,"SEP 14, 1989",28.0,2,Houston,2017-18,1610612753,ORL,Orlando Magic,78.0,https://cdn.nba.com/headshots/nba/latest/1040x760/203613.png,https://cdn.nba.com/logos/nba/1610612753/primary/L/logo.svg
203920,Khem Birch,khem-birch,24,C,6-9,220,"SEP 28, 1992",25.0,R,UNLV,2017-18,1610612753,ORL,Orlando Magic,81.0,https://cdn.nba.com/headshots/nba/latest/1040x760/203920.png,https://cdn.nba.com/logos/nba/1610612753/primary/L/logo.svg
1626209,Mario Hezonja,mario-hezonja,8,F-G,6-8,218,"FEB 25, 1995",23.0,2,FC Barcelona,2017-18,1610612753,ORL,Orlando Magic,80.0,https://cdn.nba.com/headshots/nba/latest/1040x760/1626209.png,https://cdn.nba.com/logos/nba/1610612753/primary/L/logo.svg
201578,Marreese Speights,marreese-speights,5,F-C,6-10,255,"AUG 04, 1987",30.0,9,Florida,2017-18,1610612753,ORL,Orlando Magic,82.0,https://cdn.nba.com/headshots/nba/latest/1040x760/201578.png,https://cdn.nba.com/logos/nba/1610612753/primary/L/logo.svg
202696,Nikola Vučević,nikola-vučević,9,C,7-0,260,"OCT 24, 1990",27.0,6,Southern California,2017-18,1610612753,ORL,Orlando Magic,84.0,https://cdn.nba.com/headshots/nba/latest/1040x760/202696.png,https://cdn.nba.com/logos/nba/1610612753/primary/L/logo.svg
1628681,Rodney Purvis,rodney-purvis,15,G,6-4,205,"FEB 14, 1994",24.0,R,Connecticut,2017-18,1610612753,ORL,Orlando Magic,76.0,https://cdn.nba.com/headshots/nba/latest/1040x760/1628681.png,https://cdn.nba.com/logos/nba/1610612753/primary/L/logo.svg
203082,Terrence Ross,terrence-ross,31,G-F,6-7,206,"FEB 05, 1991",27.0,5,Washington,2017-18,1610612753,ORL,Orlando Magic,79.0,https://cdn.nba.com/headshots/nba/latest/1040x760/203082.png,https://cdn.nba.com/logos/nba/1610612753/primary/L/logo.svg
1628411,Wes Iwundu,wes-iwundu,25,F,6-7,195,"DEC 20, 1994",23.0,R,Kansas State,2017-18,1610612753,ORL,Orlando Magic,79.0,https://cdn.nba.com/headshots/nba/latest/1040x760/1628411.png,https://cdn.nba.com/logos/nba/1610612753/primary/L/logo.svg
101161,Amir Johnson,amir-johnson,5,C-F,6-9,240,"MAY 01, 1987",31.0,12,Westchester HS (CA),2017-18,1610612755,PHI,Philadelphia 76ers,81.0,https://cdn.nba.com/headshots/nba/latest/1040x760/101161.png,https://cdn.nba.com/logos/nba/1610612755/primary/L/logo.svg
1627732,Ben Simmons,ben-simmons,25,G-F,6-10,230,"JUL 20, 1996",21.0,R,Louisiana State,2017-18,1610612755,PHI,Philadelphia 76ers,82.0,https://cdn.nba.com/headshots/nba/latest/1040x760/1627732.png,https://cdn.nba.com/logos/nba/1610612755/primary/L/logo.svg
203967,Dario Šarić,dario-šarić,9,F,6-10,223,"APR 08, 1994",24.0,1,Anadolu Efes,2017-18,1610612755,PHI,Philadelphia 76ers,82.0,https://cdn.nba.com/headshots/nba/latest/1040x760/203967.png,https://cdn.nba.com/logos/nba/1610612755/primary/L/logo.svg
1627743,Demetrius Jackson,demetrius-jackson,11,G,6-1,201,"SEP 07, 1994",23.0,1,Notre Dame,2017-18,1610612755,PHI,Philadelphia 76ers,73.0,https://cdn.nba.com/headshots/nba/latest/1040x760/1627743.png,https://cdn.nba.com/logos/nba/1610612755/primary/L/logo.svg
101141,Ersan Ilyasova,ersan-ilyasova,23,F,6-10,235,"MAY 15, 1987",31.0,9,FC Barcelona,2017-18,1610612755,PHI,Philadelphia 76ers,82.0,https://cdn.nba.com/headshots/nba/latest/1040x760/101141.png,https://cdn.nba.com/logos/nba/1610612755/primary/L/logo.svg
1627788,Furkan Korkmaz,furkan-korkmaz,30,G-F,6-7,190,"JUL 24, 1997",20.0,R,Anadolu Efes,2017-18,1610612755,PHI,Philadelphia 76ers,79.0,https://cdn.nba.com/headshots/nba/latest/1040x760/1627788.png,https://cdn.nba.com/logos/nba/1610612755/primary/L/logo.svg
200755,JJ Redick,jj-redick,17,G-F,6-4,200,"JUN 24, 1984",34.0,11,Duke,2017-18,1610612755,PHI,Philadelphia 76ers,76.0,https://cdn.nba.com/headshots/nba/latest/1040x760/200755.png,https://cdn.nba.com/logos/nba/1610612755/primary/L/logo.svg
201573,Jerryd Bayless,jerryd-bayless,0,G,6-3,200,"AUG 20, 1988",29.0,9,Arizona,2017-18,1610612755,PHI,Philadelphia 76ers,75.0,https://cdn.nba.com/headshots/nba/latest/1040x760/201573.png,https://cdn.nba.com/logos/nba/1610612755/primary/L/logo.svg
203954,Joel Embiid,joel-embiid,21,C,7-0,250,"MAR 16, 1994",24.0,1,Kansas,2017-18,1610612755,PHI,Philadelphia 76ers,84.0,https://cdn.nba.com/headshots/nba/latest/1040x760/203954.png,https://cdn.nba.com/logos/nba/1610612755/primary/L/logo.svg
1626147,Justin Anderson,justin-anderson,1,G-F,6-6,230,"NOV 19, 1993",24.0,2,Virginia,2017-18,1610612755,PHI,Philadelphia 76ers,78.0,https://cdn.nba.com/headshots/nba/latest/1040x760/1626147.png,https://cdn.nba.com/logos/nba/1610612755/primary/L/logo.svg
201158,Marco Belinelli,marco-belinelli,18,G-F,6-5,210,"MAR 25, 1986",32.0,10,Fortitudo Bologna,2017-18,1610612755,PHI,Philadelphia 76ers,77.0,https://cdn.nba.com/headshots/nba/latest/1040x760/201158.png,https://cdn.nba.com/logos/nba/1610612755/primary/L/logo.svg
1628365,Markelle Fultz,markelle-fultz,20,G,6-4,200,"MAY 29, 1998",20.0,R,Washington,2017-18,1610612755,PHI,Philadelphia 76ers,76.0,https://cdn.nba.com/headshots/nba/latest/1040x760/1628365.png,https://cdn.nba.com/logos/nba/1610612755/primary/L/logo.svg
1626158,Richaun Holmes,richaun-holmes,22,F-C,6-10,235,"OCT 15, 1993",24.0,2,Bowling Green,2017-18,1610612755,PHI,Philadelphia 76ers,82.0,https://cdn.nba.com/headshots/nba/latest/1040x760/1626158.png,https://cdn.nba.com/logos/nba/1610612755/primary/L/logo.svg
203496,Robert Covington,robert-covington,33,F,6-9,225,"DEC 14, 1990",27.0,4,Tennessee State,2017-18,1610612755,PHI,Philadelphia 76ers,81.0,https://cdn.nba.com/headshots/nba/latest/1040x760/203496.png,https://cdn.nba.com/logos/nba/1610612755/primary/L/logo.svg
204456,T.J. McConnell,tj-mcconnell,12,G,6-2,190,"MAR 25, 1992",26.0,2,Arizona,2017-18,1610612755,PHI,Philadelphia 76ers,74.0,https://cdn.nba.com/headshots/nba/latest/1040x760/204456.png,https://cdn.nba.com/logos/nba/1610612755/primary/L/logo.svg
1627789,Timothe Luwawu-Cabarrot,timothe-luwawu-cabarrot,7,G-F,6-6,200,"MAY 09, 1995",23.0,1,Mega Basket,2017-18,1610612755,PHI,Philadelphia 76ers,78.0,https://cdn.nba.com/headshots/nba/latest/1040x760/1627789.png,https://cdn.nba.com/logos/nba/1610612755/primary/L/logo.svg
1626210,Alan Williams,alan-williams,15,F-C,6-8,265,"JAN 28, 1993",25.0,2,Cal-Santa Barbara,2017-18,1610612756,PHX,Phoenix Suns,80.0,https://cdn.nba.com/headshots/nba/latest/1040x760/1626210.png,https://cdn.nba.com/logos/nba/1610612756/primary/L/logo.svg
1628409,Alec Peters,alec-peters,25,F,6-9,235,"APR 13, 1995",23.0,R,Valparaiso,2017-18,1610612756,PHX,Phoenix Suns,81.0,https://cdn.nba.com/headshots/nba/latest/1040x760/1628409.png,https://cdn.nba.com/logos/nba/1610612756/primary/L/logo.svg
203458,Alex Len,alex-len,21,C,7-1,250,"JUN 16, 1993",25.0,4,Maryland,2017-18,1610612756,PHX,Phoenix Suns,85.0,https://cdn.nba.com/headshots/nba/latest/1040x760/203458.png,https://cdn.nba.com/logos/nba/1610612756/primary/L/logo.svg
202688,Brandon Knight,brandon-knight,11,G,6-3,195,"DEC 02, 1991",26.0,6,Kentucky,2017-18,1610612756,PHX,Phoenix Suns,75.0,https://cdn.nba.com/headshots/nba/latest/1040x760/202688.png,https://cdn.nba.com/logos/nba/1610612756/primary/L/logo.svg
1627863,Danuel House Jr.,danuel-house-jr,23,F-G,6-7,220,"JUN 07, 1993",25.0,1,Texas A&M,2017-18,1610612756,PHX,Phoenix Suns,79.0,https://cdn.nba.com/headshots/nba/latest/1040x760/1627863.png,https://cdn.nba.com/logos/nba/1610612756/primary/L/logo.svg
1628432,Davon Reed,davon-reed,32,G,6-6,210,"JUN 11, 1995",23.0,R,Miami,2017-18,1610612756,PHX,Phoenix Suns,78.0,https://cdn.nba.com/headshots/nba/latest/1040x760/1628432.png,https://cdn.nba.com/logos/nba/1610612756/primary/L/logo.svg
1626164,Devin Booker,devin-booker,1,G,6-6,210,"OCT 30, 1996",21.0,2,Kentucky,2017-18,1610612756,PHX,Phoenix Suns,78.0,https://cdn.nba.com/headshots/nba/latest/1040x760/1626164.png,https://cdn.nba.com/logos/nba/1610612756/primary/L/logo.svg
1627733,Dragan Bender,dragan-bender,35,F,7-1,225,"NOV 17, 1997",20.0,1,Maccabi Tel Aviv,2017-18,1610612756,PHX,Phoenix Suns,85.0,https://cdn.nba.com/headshots/nba/latest/1040x760/1627733.png,https://cdn.nba.com/logos/nba/1610612756/primary/L/logo.svg
203901,Elfrid Payton,elfrid-payton,2,G,6-4,185,"FEB 22, 1994",24.0,3,Louisana-Lafayette,2017-18,1610612756,PHX,Phoenix Suns,76.0,https://cdn.nba.com/headshots/nba/latest/1040x760/203901.png,https://cdn.nba.com/logos/nba/1610612756/primary/L/logo.svg
201162,Jared Dudley,jared-dudley,3,F,6-7,240,"JUL 10, 1985",32.0,10,Boston College,2017-18,1610612756,PHX,Phoenix Suns,79.0,https://cdn.nba.com/headshots/nba/latest/1040x760/201162.png,https://cdn.nba.com/logos/nba/1610612756/primary/L/logo.svg
1628367,Josh Jackson,josh-jackson,20,G-F,6-8,200,"FEB 10, 1997",21.0,R,Kansas,2017-18,1610612756,PHX,Phoenix Suns,80.0,https://cdn.nba.com/headshots/nba/latest/1040x760/1628367.png,https://cdn.nba.com/logos/nba/1610612756/primary/L/logo.svg
1627737,Marquese Chriss,marquese-chriss,0,F,6-10,240,"JUL 02, 1997",20.0,1,Washington,2017-18,1610612756,PHX,Phoenix Suns,82.0,https://cdn.nba.com/headshots/nba/latest/1040x760/1627737.png,https://cdn.nba.com/logos/nba/1610612756/primary/L/logo.svg
1627885,Shaquille Harrison,shaquille-harrison,10,G,6-4,190,"OCT 06, 1993",24.0,R,Tulsa,2017-18,1610612756,PHX,Phoenix Suns,76.0,https://cdn.nba.com/headshots/nba/latest/1040x760/1627885.png,https://cdn.nba.com/logos/nba/1610612756/primary/L/logo.svg
203933,T.J. Warren,tj-warren,12,F,6-8,215,"SEP 05, 1993",24.0,3,North Carolina State,2017-18,1610612756,PHX,Phoenix Suns,80.0,https://cdn.nba.com/headshots/nba/latest/1040x760/203933.png,https://cdn.nba.com/logos/nba/1610612756/primary/L/logo.svg
203584,Troy Daniels,troy-daniels,30,G,6-4,205,"JUL 15, 1991",26.0,4,Va Commonwealth,2017-18,1610612756,PHX,Phoenix Suns,76.0,https://cdn.nba.com/headshots/nba/latest/1040x760/203584.png,https://cdn.nba.com/logos/nba/1610612756/primary/L/logo.svg
1627755,Tyler Ulis,tyler-ulis,8,G,5-10,160,"JAN 05, 1996",22.0,1,Kentucky,2017-18,1610612756,PHX,Phoenix Suns,70.0,https://cdn.nba.com/headshots/nba/latest/1040x760/1627755.png,https://cdn.nba.com/logos/nba/1610612756/primary/L/logo.svg
2199,Tyson Chandler,tyson-chandler,4,C,7-1,240,"OCT 02, 1982",35.0,16,Dominguez HS (CA),2017-18,1610612756,PHX,Phoenix Suns,85.0,https://cdn.nba.com/headshots/nba/latest/1040x760/2199.png,https://cdn.nba.com/logos/nba/1610612756/primary/L/logo.svg
202329,Al-Farouq Aminu,al-farouq-aminu,8,F,6-9,220,"SEP 21, 1990",27.0,7,Wake Forest,2017-18,1610612757,POR,Portland Trail Blazers,81.0,https://cdn.nba.com/headshots/nba/latest/1040x760/202329.png,https://cdn.nba.com/logos/nba/1610612757/primary/L/logo.svg
203912,C.J. Wilcox,cj-wilcox,23,G,6-5,195,"DEC 30, 1990",27.0,3,Washington,2017-18,1610612757,POR,Portland Trail Blazers,77.0,https://cdn.nba.com/headshots/nba/latest/1040x760/203912.png,https://cdn.nba.com/logos/nba/1610612757/primary/L/logo.svg
203468,CJ McCollum,cj-mccollum,3,G,6-3,190,"SEP 19, 1991",26.0,4,Lehigh,2017-18,1610612757,POR,Portland Trail Blazers,75.0,https://cdn.nba.com/headshots/nba/latest/1040x760/203468.png,https://cdn.nba.com/logos/nba/1610612757/primary/L/logo.svg
1628403,Caleb Swanigan,caleb-swanigan,50,F-C,6-8,250,"APR 18, 1997",21.0,R,Purdue,2017-18,1610612757,POR,Portland Trail Blazers,80.0,https://cdn.nba.com/headshots/nba/latest/1040x760/1628403.png,https://cdn.nba.com/logos/nba/1610612757/primary/L/logo.svg
203081,Damian Lillard,damian-lillard,0,G,6-3,195,"JUL 15, 1990",27.0,5,Weber State,2017-18,1610612757,POR,Portland Trail Blazers,75.0,https://cdn.nba.com/headshots/nba/latest/1040x760/203081.png,https://cdn.nba.com/logos/nba/1610612757/primary/L/logo.svg
202334,Ed Davis,ed-davis,17,F-C,6-10,245,"JUN 05, 1989",29.0,7,North Carolina,2017-18,1610612757,POR,Portland Trail Blazers,82.0,https://cdn.nba.com/headshots/nba/latest/1040x760/202334.png,https://cdn.nba.com/logos/nba/1610612757/primary/L/logo.svg
202323,Evan Turner,evan-turner,1,F-G,6-7,220,"OCT 27, 1988",29.0,7,Ohio State,2017-18,1610612757,POR,Portland Trail Blazers,79.0,https://cdn.nba.com/headshots/nba/latest/1040x760/202323.png,https://cdn.nba.com/logos/nba/1610612757/primary/L/logo.svg
1627834,Georgios Papagiannis,georgios-papagiannis,19,C,7-1,240,"JUL 03, 1997",20.0,1,Panathinaikos,2017-18,1610612757,POR,Portland Trail Blazers,85.0,https://cdn.nba.com/headshots/nba/latest/1040x760/1627834.png,https://cdn.nba.com/logos/nba/1610612757/primary/L/logo.svg
1627774,Jake Layman,jake-layman,10,F,6-9,210,"MAR 07, 1994",24.0,1,Maryland,2017-18,1610612757,POR,Portland Trail Blazers,81.0,https://cdn.nba.com/headshots/nba/latest/1040x760/1627774.png,https://cdn.nba.com/logos/nba/1610612757/primary/L/logo.svg
203994,Jusuf Nurkić,jusuf-nurkić,27,C,7-0,280,"AUG 23, 1994",23.0,3,Cedevita,2017-18,1610612757,POR,Portland Trail Blazers,84.0,https://cdn.nba.com/headshots/nba/latest/1040x760/203994.png,https://cdn.nba.com/logos/nba/1610612757/primary/L/logo.svg
203090,Maurice Harkless,maurice-harkless,4,F,6-9,220,"MAY 11, 1993",25.0,5,"St. John's, N.Y.",2017-18,1610612757,POR,Portland Trail Blazers,81.0,https://cdn.nba.com/headshots/nba/latest/1040x760/203090.png,https://cdn.nba.com/logos/nba/1610612757/primary/L/logo.svg
203086,Meyers Leonard,meyers-leonard,11,C,7-1,255,"FEB 27, 1992",26.0,5,Illinois,2017-18,1610612757,POR,Portland Trail Blazers,85.0,https://cdn.nba.com/headshots/nba/latest/1040x760/203086.png,https://cdn.nba.com/logos/nba/1610612757/primary/L/logo.svg
1626192,Pat Connaughton,pat-connaughton,5,G-F,6-5,210,"JAN 06, 1993",25.0,2,Notre Dame,2017-18,1610612757,POR,Portland Trail Blazers,77.0,https://cdn.nba.com/headshots/nba/latest/1040x760/1626192.png,https://cdn.nba.com/logos/nba/1610612757/primary/L/logo.svg
203894,Shabazz Napier,shabazz-napier,6,G,6-1,175,"JUL 14, 1991",26.0,3,Connecticut,2017-18,1610612757,POR,Portland Trail Blazers,73.0,https://cdn.nba.com/headshots/nba/latest/1040x760/203894.png,https://cdn.nba.com/logos/nba/1610612757/primary/L/logo.svg
1627735,Wade Baldwin IV,wade-baldwin-iv,2,G,6-4,202,"MAR 29, 1996",22.0,1,Vanderbilt,2017-18,1610612757,POR,Portland Trail Blazers,76.0,https://cdn.nba.com/headshots/nba/latest/1040x760/1627735.png,https://cdn.nba.com/logos/nba/1610612757/primary/L/logo.svg
1628380,Zach Collins,zach-collins,33,C-F,7-0,230,"NOV 19, 1997",20.0,R,Gonzaga,2017-18,1610612757,POR,Portland Trail Blazers,84.0,https://cdn.nba.com/headshots/nba/latest/1040x760/1628380.png,https://cdn.nba.com/logos/nba/1610612757/primary/L/logo.svg
203992,Bogdan Bogdanović,bogdan-bogdanović,8,G,6-6,205,"AUG 18, 1992",25.0,R,Fenerbahce,2017-18,1610612758,SAC,Sacramento Kings,78.0,https://cdn.nba.com/headshots/nba/latest/1040x760/203992.png,https://cdn.nba.com/logos/nba/1610612758/primary/L/logo.svg
203998,Bruno Caboclo,bruno-caboclo,22,F,6-9,205,"SEP 21, 1995",22.0,3,Pinheiros,2017-18,1610612758,SAC,Sacramento Kings,81.0,https://cdn.nba.com/headshots/nba/latest/1040x760/203998.png,https://cdn.nba.com/logos/nba/1610612758/primary/L/logo.svg
1627741,Buddy Hield,buddy-hield,24,G,6-4,214,"DEC 17, 1992",25.0,1,Oklahoma,2017-18,1610612758,SAC,Sacramento Kings,76.0,https://cdn.nba.com/headshots/nba/latest/1040x760/1627741.png,https://cdn.nba.com/logos/nba/1610612758/primary/L/logo.svg
1628368,De'Aaron Fox,deaaron-fox,5,G,6-3,175,"DEC 20, 1997",20.0,R,Kentucky,2017-18,1610612758,SAC,Sacramento Kings,75.0,https://cdn.nba.com/headshots/nba/latest/1040x760/1628368.png,https://cdn.nba.com/logos/nba/1610612758/primary/L/logo.svg
1628412,Frank Mason III,frank-mason-iii,10,G,5-11,190,"APR 03, 1994",24.0,R,Kansas,2017-18,1610612758,SAC,Sacramento Kings,71.0,https://cdn.nba.com/headshots/nba/latest/1040x760/1628412.png,https://cdn.nba.com/logos/nba/1610612758/primary/L/logo.svg
202066,Garrett Temple,garrett-temple,17,F-G,6-6,195,"MAY 08, 1986",32.0,7,Louisiana State,2017-18,1610612758,SAC,Sacramento Kings,78.0,https://cdn.nba.com/headshots/nba/latest/1040x760/202066.png,https://cdn.nba.com/logos/nba/1610612758/primary/L/logo.svg
1628385,Harry Giles III,harry-giles-iii,20,F-C,6-10,240,"APR 22, 1998",20.0,R,Duke,2017-18,1610612758,SAC,Sacramento Kings,82.0,https://cdn.nba.com/headshots/nba/latest/1040x760/1628385.png,https://cdn.nba.com/logos/nba/1610612758/primary/L/logo.svg
202697,Iman Shumpert,iman-shumpert,9,G,6-5,220,"JUN 26, 1990",28.0,6,Georgia Tech,2017-18,1610612758,SAC,Sacramento Kings,77.0,https://cdn.nba.com/headshots/nba/latest/1040x760/202697.png,https://cdn.nba.com/logos/nba/1610612758/primary/L/logo.svg
203960,JaKarr Sampson,jakarr-sampson,29,F,6-9,207,"MAR 20, 1993",25.0,2,St. John's (NY),2017-18,1610612758,SAC,Sacramento Kings,81.0,https://cdn.nba.com/headshots/nba/latest/1040x760/203960.png,https://cdn.nba.com/logos/nba/1610612758/primary/L/logo.svg
204022,Jack Cooley,jack-cooley,45,C-F,6-10,274,"APR 12, 1991",27.0,1,Notre Dame,2017-18,1610612758,SAC,Sacramento Kings,82.0,https://cdn.nba.com/headshots/nba/latest/1040x760/204022.png,https://cdn.nba.com/logos/nba/1610612758/primary/L/logo.svg
1628382,Justin Jackson,justin-jackson,25,F,6-8,210,"MAR 28, 1995",23.0,R,North Carolina,2017-18,1610612758,SAC,Sacramento Kings,80.0,https://cdn.nba.com/headshots/nba/latest/1040x760/1628382.png,https://cdn.nba.com/logos/nba/1610612758/primary/L/logo.svg
201585,Kosta Koufos,kosta-koufos,41,C,7-0,265,"FEB 24, 1989",29.0,9,Ohio State,2017-18,1610612758,SAC,Sacramento Kings,84.0,https://cdn.nba.com/headshots/nba/latest/1040x760/201585.png,https://cdn.nba.com/logos/nba/1610612758/primary/L/logo.svg
1628502,Nigel Hayes-Davis,nigel-hayes-davis,40,F,6-7,254,"DEC 16, 1994",23.0,R,Wisconsin,2017-18,1610612758,SAC,Sacramento Kings,79.0,https://cdn.nba.com/headshots/nba/latest/1040x760/1628502.png,https://cdn.nba.com/logos/nba/1610612758/primary/L/logo.svg
1627746,Skal Labissiere,skal-labissiere,7,F-C,6-11,225,"MAR 18, 1996",22.0,1,Kentucky,2017-18,1610612758,SAC,Sacramento Kings,83.0,https://cdn.nba.com/headshots/nba/latest/1040x760/1627746.png,https://cdn.nba.com/logos/nba/1610612758/primary/L/logo.svg
1713,Vince Carter,vince-carter,15,G-F,6-6,220,"JAN 26, 1977",41.0,19,North Carolina,2017-18,1610612758,SAC,Sacramento Kings,78.0,https://cdn.nba.com/headshots/nba/latest/1040x760/1713.png,https://cdn.nba.com/logos/nba/1610612758/primary/L/logo.svg
1626161,Willie Cauley-Stein,willie-cauley-stein,00,C,7-0,240,"AUG 18, 1993",24.0,2,Kentucky,2017-18,1610612758,SAC,Sacramento Kings,84.0,https://cdn.nba.com/headshots/nba/latest/1040x760/1626161.png,https://cdn.nba.com/logos/nba/1610612758/primary/L/logo.svg
2216,Zach Randolph,zach-randolph,50,F,6-9,250,"JUL 16, 1981",36.0,16,Michigan State,2017-18,1610612758,SAC,Sacramento Kings,81.0,https://cdn.nba.com/headshots/nba/latest/1040x760/2216.png,https://cdn.nba.com/logos/nba/1610612758/primary/L/logo.svg
203464,Brandon Paul,brandon-paul,3,G,6-4,200,"APR 30, 1991",27.0,R,Illinois,2017-18,1610612759,SAS,San Antonio Spurs,76.0,https://cdn.nba.com/headshots/nba/latest/1040x760/203464.png,https://cdn.nba.com/logos/nba/1610612759/primary/L/logo.svg
1627854,Bryn Forbes,bryn-forbes,11,G,6-3,190,"JUL 23, 1993",24.0,1,Michigan State,2017-18,1610612759,SAS,San Antonio Spurs,75.0,https://cdn.nba.com/headshots/nba/latest/1040x760/1627854.png,https://cdn.nba.com/logos/nba/1610612759/primary/L/logo.svg
201980,Danny Green,danny-green,14,G-F,6-6,215,"JUN 22, 1987",31.0,8,North Carolina,2017-18,1610612759,SAS,San Antonio Spurs,78.0,https://cdn.nba.com/headshots/nba/latest/1040x760/201980.png,https://cdn.nba.com/logos/nba/1610612759/primary/L/logo.svg
1626199,Darrun Hilliard,darrun-hilliard,24,G,6-6,220,"APR 13, 1993",25.0,2,Villanova,2017-18,1610612759,SAS,San Antonio Spurs,78.0,https://cdn.nba.com/headshots/nba/latest/1040x760/1626199.png,https://cdn.nba.com/logos/nba/1610612759/primary/L/logo.svg
202722,Davis Bertans,davis-bertans,42,C-F,6-10,210,"NOV 12, 1992",25.0,1,Baskonia,2017-18,1610612759,SAS,San Antonio Spurs,82.0,https://cdn.nba.com/headshots/nba/latest/1040x760/202722.png,https://cdn.nba.com/logos/nba/1610612759/primary/L/logo.svg
1627749,Dejounte Murray,dejounte-murray,5,G,6-5,170,"SEP 19, 1996",21.0,1,Washington,2017-18,1610612759,SAS,San Antonio Spurs,77.0,https://cdn.nba.com/headshots/nba/latest/1040x760/1627749.png,https://cdn.nba.com/logos/nba/1610612759/primary/L/logo.svg
1628401,Derrick White,derrick-white,4,G,6-4,190,"JUL 02, 1994",23.0,R,Colorado,2017-18,1610612759,SAS,San Antonio Spurs,76.0,https://cdn.nba.com/headshots/nba/latest/1040x760/1628401.png,https://cdn.nba.com/logos/nba/1610612759/primary/L/logo.svg
203530,Joffrey Lauvergne,joffrey-lauvergne,77,C,6-11,260,"SEP 30, 1991",26.0,3,Khimki,2017-18,1610612759,SAS,San Antonio Spurs,83.0,https://cdn.nba.com/headshots/nba/latest/1040x760/203530.png,https://cdn.nba.com/logos/nba/1610612759/primary/L/logo.svg
202695,Kawhi Leonard,kawhi-leonard,2,F,6-7,230,"JUN 29, 1991",27.0,6,San Diego State,2017-18,1610612759,SAS,San Antonio Spurs,79.0,https://cdn.nba.com/headshots/nba/latest/1040x760/202695.png,https://cdn.nba.com/logos/nba/1610612759/primary/L/logo.svg
203937,Kyle Anderson,kyle-anderson,1,F,6-9,230,"SEP 20, 1993",24.0,3,UCLA,2017-18,1610612759,SAS,San Antonio Spurs,81.0,https://cdn.nba.com/headshots/nba/latest/1040x760/203937.png,https://cdn.nba.com/logos/nba/1610612759/primary/L/logo.svg
200746,LaMarcus Aldridge,lamarcus-aldridge,12,F,6-11,260,"JUL 19, 1985",32.0,11,University of Texas at Austin,2017-18,1610612759,SAS,San Antonio Spurs,83.0,https://cdn.nba.com/headshots/nba/latest/1040x760/200746.png,https://cdn.nba.com/logos/nba/1610612759/primary/L/logo.svg
1938,Manu Ginobili,manu-ginobili,20,G,6-6,205,"JUL 28, 1977",40.0,15,Virtus Bologna,2017-18,1610612759,SAS,San Antonio Spurs,78.0,https://cdn.nba.com/headshots/nba/latest/1040x760/1938.png,https://cdn.nba.com/logos/nba/1610612759/primary/L/logo.svg
1627856,Matt Costello,matt-costello,10,F-C,6-10,240,"AUG 05, 1993",24.0,R,Michigan State,2017-18,1610612759,SAS,San Antonio Spurs,82.0,https://cdn.nba.com/headshots/nba/latest/1040x760/1627856.png,https://cdn.nba.com/logos/nba/1610612759/primary/L/logo.svg
201988,Patty Mills,patty-mills,8,G,6-0,185,"AUG 11, 1988",29.0,8,St. Mary's,2017-18,1610612759,SAS,San Antonio Spurs,72.0,https://cdn.nba.com/headshots/nba/latest/1040x760/201988.png,https://cdn.nba.com/logos/nba/1610612759/primary/L/logo.svg
2200,Pau Gasol,pau-gasol,16,C,7-0,250,"JUL 06, 1980",37.0,16,FC Barcelona,2017-18,1610612759,SAS,San Antonio Spurs,84.0,https://cdn.nba.com/headshots/nba/latest/1040x760/2200.png,https://cdn.nba.com/logos/nba/1610612759/primary/L/logo.svg
200752,Rudy Gay,rudy-gay,22,F,6-8,230,"AUG 17, 1986",31.0,11,Connecticut,2017-18,1610612759,SAS,San Antonio Spurs,80.0,https://cdn.nba.com/headshots/nba/latest/1040x760/200752.png,https://cdn.nba.com/logos/nba/1610612759/primary/L/logo.svg
2225,Tony Parker,tony-parker,9,G,6-2,185,"MAY 17, 1982",36.0,16,Paris Basket Racing,2017-18,1610612759,SAS,San Antonio Spurs,74.0,https://cdn.nba.com/headshots/nba/latest/1040x760/2225.png,https://cdn.nba.com/logos/nba/1610612759/primary/L/logo.svg
1628035,Alfonzo McKinnie,alfonzo-mckinnie,34,F,6-8,215,"SEP 17, 1992",25.0,R,Wisc.-Green Bay,2017-18,1610612761,TOR,Toronto Raptors,80.0,https://cdn.nba.com/headshots/nba/latest/1040x760/1628035.png,https://cdn.nba.com/logos/nba/1610612761/primary/L/logo.svg
101139,CJ Miles,cj-miles,0,F-G,6-6,225,"MAR 18, 1987",31.0,12,Skyline HS (TX),2017-18,1610612761,TOR,Toronto Raptors,78.0,https://cdn.nba.com/headshots/nba/latest/1040x760/101139.png,https://cdn.nba.com/logos/nba/1610612761/primary/L/logo.svg
201942,DeMar DeRozan,demar-derozan,10,G,6-7,220,"AUG 07, 1989",28.0,8,Southern California,2017-18,1610612761,TOR,Toronto Raptors,79.0,https://cdn.nba.com/headshots/nba/latest/1040x760/201942.png,https://cdn.nba.com/logos/nba/1610612761/primary/L/logo.svg
1626153,Delon Wright,delon-wright,55,G,6-5,190,"APR 26, 1992",26.0,2,Utah,2017-18,1610612761,TOR,Toronto Raptors,77.0,https://cdn.nba.com/headshots/nba/latest/1040x760/1626153.png,https://cdn.nba.com/logos/nba/1610612761/primary/L/logo.svg
1627832,Fred VanVleet,fred-vanvleet,23,G,6-0,195,"FEB 25, 1994",24.0,1,Wichita State,2017-18,1610612761,TOR,Toronto Raptors,72.0,https://cdn.nba.com/headshots/nba/latest/1040x760/1627832.png,https://cdn.nba.com/logos/nba/1610612761/primary/L/logo.svg
1627751,Jakob Poeltl,jakob-poeltl,42,C,7-0,230,"OCT 15, 1995",22.0,1,Utah,2017-18,1610612761,TOR,Toronto Raptors,84.0,https://cdn.nba.com/headshots/nba/latest/1040x760/1627751.png,https://cdn.nba.com/logos/nba/1610612761/primary/L/logo.svg
202685,Jonas Valančiūnas,jonas-valančiūnas,17,C,7-0,255,"MAY 06, 1992",26.0,5,Lietuvos rytas Vilnius,2017-18,1610612761,TOR,Toronto Raptors,84.0,https://cdn.nba.com/headshots/nba/latest/1040x760/202685.png,https://cdn.nba.com/logos/nba/1610612761/primary/L/logo.svg
200768,Kyle Lowry,kyle-lowry,7,G,6-0,205,"MAR 25, 1986",32.0,11,Villanova,2017-18,1610612761,TOR,Toronto Raptors,72.0,https://cdn.nba.com/headshots/nba/latest/1040x760/200768.png,https://cdn.nba.com/logos/nba/1610612761/primary/L/logo.svg
203485,Lorenzo Brown,lorenzo-brown,4,G,6-5,189,"AUG 26, 1990",27.0,3,North Carolina State,2017-18,1610612761,TOR,Toronto Raptors,77.0,https://cdn.nba.com/headshots/nba/latest/1040x760/203485.png,https://cdn.nba.com/logos/nba/1610612761/primary/L/logo.svg
203512,Lucas Nogueira,lucas-nogueira,92,C,7-0,220,"JUL 26, 1992",25.0,3,Estudiantes,2017-18,1610612761,TOR,Toronto Raptors,84.0,https://cdn.nba.com/headshots/nba/latest/1040x760/203512.png,https://cdn.nba.com/logos/nba/1610612761/primary/L/logo.svg
1627781,Malachi Richardson,malachi-richardson,22,G,6-6,205,"JAN 05, 1996",22.0,1,Syracuse,2017-18,1610612761,TOR,Toronto Raptors,78.0,https://cdn.nba.com/headshots/nba/latest/1040x760/1627781.png,https://cdn.nba.com/logos/nba/1610612761/primary/L/logo.svg
1626259,Malcolm Miller,malcolm-miller,13,F,6-7,210,"MAR 06, 1993",25.0,R,Holy Cross,2017-18,1610612761,TOR,Toronto Raptors,79.0,https://cdn.nba.com/headshots/nba/latest/1040x760/1626259.png,https://cdn.nba.com/logos/nba/1610612761/primary/L/logo.svg
1626181,Norman Powell,norman-powell,24,F-G,6-4,215,"MAY 25, 1993",25.0,2,UCLA,2017-18,1610612761,TOR,Toronto Raptors,76.0,https://cdn.nba.com/headshots/nba/latest/1040x760/1626181.png,https://cdn.nba.com/logos/nba/1610612761/primary/L/logo.svg
1628384,OG Anunoby,og-anunoby,3,F,6-8,235,"JUL 17, 1997",20.0,R,Indiana,2017-18,1610612761,TOR,Toronto Raptors,80.0,https://cdn.nba.com/headshots/nba/latest/1040x760/1628384.png,https://cdn.nba.com/logos/nba/1610612761/primary/L/logo.svg
1627783,Pascal Siakam,pascal-siakam,43,F,6-9,230,"APR 02, 1994",24.0,1,New Mexico State,2017-18,1610612761,TOR,Toronto Raptors,81.0,https://cdn.nba.com/headshots/nba/latest/1040x760/1627783.png,https://cdn.nba.com/logos/nba/1610612761/primary/L/logo.svg
201586,Serge Ibaka,serge-ibaka,9,F-C,6-10,235,"SEP 18, 1989",28.0,8,Ricoh Manresa,2017-18,1610612761,TOR,Toronto Raptors,82.0,https://cdn.nba.com/headshots/nba/latest/1040x760/201586.png,https://cdn.nba.com/logos/nba/1610612761/primary/L/logo.svg
202692,Alec Burks,alec-burks,10,G,6-6,214,"JUL 20, 1991",26.0,6,Colorado,2017-18,1610612762,UTA,Utah Jazz,78.0,https://cdn.nba.com/headshots/nba/latest/1040x760/202692.png,https://cdn.nba.com/logos/nba/1610612762/primary/L/logo.svg
203957,Danté Exum,danté-exum,11,G,6-6,190,"JUL 13, 1995",22.0,3,Australian Institute of Sport,2017-18,1610612762,UTA,Utah Jazz,78.0,https://cdn.nba.com/headshots/nba/latest/1040x760/203957.png,https://cdn.nba.com/logos/nba/1610612762/primary/L/logo.svg
204065,David Stockton,david-stockton,5,G,5-11,165,"JUN 24, 1991",27.0,1,Gonzaga,2017-18,1610612762,UTA,Utah Jazz,71.0,https://cdn.nba.com/headshots/nba/latest/1040x760/204065.png,https://cdn.nba.com/logos/nba/1610612762/primary/L/logo.svg
202324,Derrick Favors,derrick-favors,15,F-C,6-10,265,"JUL 15, 1991",26.0,7,Georgia Tech,2017-18,1610612762,UTA,Utah Jazz,82.0,https://cdn.nba.com/headshots/nba/latest/1040x760/202324.png,https://cdn.nba.com/logos/nba/1610612762/primary/L/logo.svg
1628378,Donovan Mitchell,donovan-mitchell,45,G,6-3,215,"SEP 07, 1996",21.0,R,Louisville,2017-18,1610612762,UTA,Utah Jazz,75.0,https://cdn.nba.com/headshots/nba/latest/1040x760/1628378.png,https://cdn.nba.com/logos/nba/1610612762/primary/L/logo.svg
202327,Ekpe Udoh,ekpe-udoh,33,C-F,6-10,245,"MAY 20, 1987",31.0,5,Baylor,2017-18,1610612762,UTA,Utah Jazz,82.0,https://cdn.nba.com/headshots/nba/latest/1040x760/202327.png,https://cdn.nba.com/logos/nba/1610612762/primary/L/logo.svg
1628571,Erik McCree,erik-mccree,21,F,6-8,225,"DEC 20, 1993",24.0,R,Louisiana Tech,2017-18,1610612762,UTA,Utah Jazz,80.0,https://cdn.nba.com/headshots/nba/latest/1040x760/1628571.png,https://cdn.nba.com/logos/nba/1610612762/primary/L/logo.svg
1627777,Georges Niang,georges-niang,31,F,6-6,231,"JUN 17, 1993",25.0,1,Iowa State,2017-18,1610612762,UTA,Utah Jazz,78.0,https://cdn.nba.com/headshots/nba/latest/1040x760/1627777.png,https://cdn.nba.com/logos/nba/1610612762/primary/L/logo.svg
203109,Jae Crowder,jae-crowder,99,F,6-6,235,"JUL 06, 1990",27.0,5,Marquette,2017-18,1610612762,UTA,Utah Jazz,78.0,https://cdn.nba.com/headshots/nba/latest/1040x760/203109.png,https://cdn.nba.com/logos/nba/1610612762/primary/L/logo.svg
204060,Joe Ingles,joe-ingles,2,F,6-8,226,"OCT 02, 1987",30.0,3,Maccabi Tel Aviv,2017-18,1610612762,UTA,Utah Jazz,80.0,https://cdn.nba.com/headshots/nba/latest/1040x760/204060.png,https://cdn.nba.com/logos/nba/1610612762/primary/L/logo.svg
201973,Jonas Jerebko,jonas-jerebko,8,F,6-10,231,"MAR 02, 1987",31.0,7,Angelico Biella,2017-18,1610612762,UTA,Utah Jazz,82.0,https://cdn.nba.com/headshots/nba/latest/1040x760/201973.png,https://cdn.nba.com/logos/nba/1610612762/primary/L/logo.svg
203526,Raul Neto,raul-neto,25,G,6-1,179,"MAY 19, 1992",26.0,2,Murcia,2017-18,1610612762,UTA,Utah Jazz,73.0,https://cdn.nba.com/headshots/nba/latest/1040x760/203526.png,https://cdn.nba.com/logos/nba/1610612762/primary/L/logo.svg
201937,Ricky Rubio,ricky-rubio,3,G,6-4,190,"OCT 21, 1990",27.0,6,FC Barcelona,2017-18,1610612762,UTA,Utah Jazz,76.0,https://cdn.nba.com/headshots/nba/latest/1040x760/201937.png,https://cdn.nba.com/logos/nba/1610612762/primary/L/logo.svg
1626220,Royce O'Neale,royce-oneale,23,F,6-6,226,"JUN 05, 1993",25.0,R,Baylor,2017-18,1610612762,UTA,Utah Jazz,78.0,https://cdn.nba.com/headshots/nba/latest/1040x760/1626220.png,https://cdn.nba.com/logos/nba/1610612762/primary/L/logo.svg
203497,Rudy Gobert,rudy-gobert,27,C,7-1,245,"JUN 26, 1992",26.0,4,Cholet,2017-18,1610612762,UTA,Utah Jazz,85.0,https://cdn.nba.com/headshots/nba/latest/1040x760/203497.png,https://cdn.nba.com/logos/nba/1610612762/primary/L/logo.svg
200757,Thabo Sefolosha,thabo-sefolosha,22,F,6-7,220,"MAY 02, 1984",34.0,11,Angelico Biella,2017-18,1610612762,UTA,Utah Jazz,79.0,https://cdn.nba.com/headshots/nba/latest/1040x760/200757.png,https://cdn.nba.com/logos/nba/1610612762/primary/L/logo.svg
1628396,Tony Bradley,tony-bradley,13,C,6-10,248,"JAN 08, 1998",20.0,R,North Carolina,2017-18,1610612762,UTA,Utah Jazz,82.0,https://cdn.nba.com/headshots/nba/latest/1040x760/1628396.png,https://cdn.nba.com/logos/nba/1610612762/primary/L/logo.svg
203078,Bradley Beal,bradley-beal,3,G,6-5,207,"JUN 28, 1993",25.0,5,Florida,2017-18,1610612764,WAS,Washington Wizards,77.0,https://cdn.nba.com/headshots/nba/latest/1040x760/203078.png,https://cdn.nba.com/logos/nba/1610612764/primary/L/logo.svg
1626191,Chris McCullough,chris-mccullough,1,F,6-9,215,"FEB 05, 1995",23.0,2,Syracuse,2017-18,1610612764,WAS,Washington Wizards,81.0,https://cdn.nba.com/headshots/nba/latest/1040x760/1626191.png,https://cdn.nba.com/logos/nba/1610612764/primary/L/logo.svg
1628421,Devin Robinson,devin-robinson,7,F,6-8,200,"MAR 07, 1995",23.0,R,Florida,2017-18,1610612764,WAS,Washington Wizards,80.0,https://cdn.nba.com/headshots/nba/latest/1040x760/1628421.png,https://cdn.nba.com/logos/nba/1610612764/primary/L/logo.svg
101133,Ian Mahinmi,ian-mahinmi,28,C,6-11,262,"NOV 05, 1986",31.0,9,Pau Orthez,2017-18,1610612764,WAS,Washington Wizards,83.0,https://cdn.nba.com/headshots/nba/latest/1040x760/101133.png,https://cdn.nba.com/logos/nba/1610612764/primary/L/logo.svg
201160,Jason Smith,jason-smith,14,F-C,7-0,240,"MAR 02, 1986",32.0,9,Colorado State,2017-18,1610612764,WAS,Washington Wizards,84.0,https://cdn.nba.com/headshots/nba/latest/1040x760/201160.png,https://cdn.nba.com/logos/nba/1610612764/primary/L/logo.svg
201975,Jodie Meeks,jodie-meeks,20,G,6-4,210,"AUG 21, 1987",30.0,8,Kentucky,2017-18,1610612764,WAS,Washington Wizards,76.0,https://cdn.nba.com/headshots/nba/latest/1040x760/201975.png,https://cdn.nba.com/logos/nba/1610612764/primary/L/logo.svg
202322,John Wall,john-wall,2,G,6-4,210,"SEP 06, 1990",27.0,7,Kentucky,2017-18,1610612764,WAS,Washington Wizards,76.0,https://cdn.nba.com/headshots/nba/latest/1040x760/202322.png,https://cdn.nba.com/logos/nba/1610612764/primary/L/logo.svg
1626162,Kelly Oubre Jr.,kelly-oubre-jr,12,F,6-7,205,"DEC 09, 1995",22.0,2,Kansas,2017-18,1610612764,WAS,Washington Wizards,79.0,https://cdn.nba.com/headshots/nba/latest/1040x760/1626162.png,https://cdn.nba.com/logos/nba/1610612764/primary/L/logo.svg
101162,Marcin Gortat,marcin-gortat,13,C,6-11,240,"FEB 17, 1984",34.0,10,RheinEnergie Cologne,2017-18,1610612764,WAS,Washington Wizards,83.0,https://cdn.nba.com/headshots/nba/latest/1040x760/101162.png,https://cdn.nba.com/logos/nba/1610612764/primary/L/logo.svg
202693,Markieff Morris,markieff-morris,5,F,6-10,245,"SEP 02, 1989",28.0,6,Kansas,2017-18,1610612764,WAS,Washington Wizards,82.0,https://cdn.nba.com/headshots/nba/latest/1040x760/202693.png,https://cdn.nba.com/logos/nba/1610612764/primary/L/logo.svg
203118,Mike Scott,mike-scott,30,F,6-8,237,"JUL 16, 1988",29.0,5,Virginia,2017-18,1610612764,WAS,Washington Wizards,80.0,https://cdn.nba.com/headshots/nba/latest/1040x760/203118.png,https://cdn.nba.com/logos/nba/1610612764/primary/L/logo.svg
203490,Otto Porter Jr.,otto-porter-jr,22,F,6-8,198,"JUN 03, 1993",25.0,4,Georgetown,2017-18,1610612764,WAS,Washington Wizards,80.0,https://cdn.nba.com/headshots/nba/latest/1040x760/203490.png,https://cdn.nba.com/logos/nba/1610612764/primary/L/logo.svg
201196,Ramon Sessions,ramon-sessions,9,G,6-3,190,"APR 11, 1986",32.0,10,Nevada-Reno,2017-18,1610612764,WAS,Washington Wizards,75.0,https://cdn.nba.com/headshots/nba/latest/1040x760/201196.png,https://cdn.nba.com/logos/nba/1610612764/primary/L/logo.svg
204025,Tim Frazier,tim-frazier,8,G,6-1,170,"NOV 01, 1990",27.0,3,Penn State,2017-18,1610612764,WAS,Washington Wizards,73.0,https://cdn.nba.com/headshots/nba/latest/1040x760/204025.png,https://cdn.nba.com/logos/nba/1610612764/primary/L/logo.svg
203107,Tomas Satoransky,tomas-satoransky,31,G-F,6-7,210,"OCT 30, 1991",26.0,1,FC Barcelona,2017-18,1610612764,WAS,Washington Wizards,79.0,https://cdn.nba.com/headshots/nba/latest/1040x760/203107.png,https://cdn.nba.com/logos/nba/1610612764/primary/L/logo.svg
201951,Ty Lawson,ty-lawson,4,G,5-11,195,"NOV 03, 1987",30.0,8,North Carolina,2017-18,1610612764,WAS,Washington Wizards,71.0,https://cdn.nba.com/headshots/nba/latest/1040x760/201951.png,https://cdn.nba.com/logos/nba/1610612764/primary/L/logo.svg
203458,Alex Len,alex-len,25,C,7-1,250,"JUN 16, 1993",26.0,5,Maryland,2018-19,1610612737,ATL,Atlanta Hawks,85.0,https://cdn.nba.com/headshots/nba/latest/1040x760/203458.png,https://cdn.nba.com/logos/nba/1610612737/primary/L/logo.svg
1627816,Alex Poythress,alex-poythress,22,F,6-9,235,"SEP 06, 1993",25.0,2,Kentucky,2018-19,1610612737,ATL,Atlanta Hawks,81.0,https://cdn.nba.com/headshots/nba/latest/1040x760/1627816.png,https://cdn.nba.com/logos/nba/1610612737/primary/L/logo.svg
1627761,DeAndre' Bembry,deandre-bembry,95,F,6-6,210,"JUL 04, 1994",24.0,2,St. Joseph's (PA),2018-19,1610612737,ATL,Atlanta Hawks,78.0,https://cdn.nba.com/headshots/nba/latest/1040x760/1627761.png,https://cdn.nba.com/logos/nba/1610612737/primary/L/logo.svg
203473,Dewayne Dedmon,dewayne-dedmon,14,C,7-0,245,"AUG 12, 1989",29.0,5,USC,2018-19,1610612737,ATL,Atlanta Hawks,84.0,https://cdn.nba.com/headshots/nba/latest/1040x760/203473.png,https://cdn.nba.com/logos/nba/1610612737/primary/L/logo.svg
1629353,Isaac Humphries,isaac-humphries,8,C,7-0,260,"JAN 05, 1998",21.0,R,Kentucky,2018-19,1610612737,ATL,Atlanta Hawks,84.0,https://cdn.nba.com/headshots/nba/latest/1040x760/1629353.png,https://cdn.nba.com/logos/nba/1610612737/primary/L/logo.svg
1629121,Jaylen Adams,jaylen-adams,10,G,6-2,190,"MAY 04, 1996",23.0,R,St. Bonaventure,2018-19,1610612737,ATL,Atlanta Hawks,74.0,https://cdn.nba.com/headshots/nba/latest/1040x760/1629121.png,https://cdn.nba.com/logos/nba/1610612737/primary/L/logo.svg
1628381,John Collins,john-collins,20,F-C,6-10,235,"SEP 23, 1997",21.0,1,Wake Forest,2018-19,1610612737,ATL,Atlanta Hawks,82.0,https://cdn.nba.com/headshots/nba/latest/1040x760/1628381.png,https://cdn.nba.com/logos/nba/1610612737/primary/L/logo.svg
1626147,Justin Anderson,justin-anderson,1,G-F,6-6,230,"NOV 19, 1993",25.0,3,Virginia,2018-19,1610612737,ATL,Atlanta Hawks,78.0,https://cdn.nba.com/headshots/nba/latest/1040x760/1626147.png,https://cdn.nba.com/logos/nba/1610612737/primary/L/logo.svg
203145,Kent Bazemore,kent-bazemore,24,G,6-5,201,"JUL 01, 1989",29.0,6,Old Dominion,2018-19,1610612737,ATL,Atlanta Hawks,77.0,https://cdn.nba.com/headshots/nba/latest/1040x760/203145.png,https://cdn.nba.com/logos/nba/1610612737/primary/L/logo.svg
1628989,Kevin Huerter,kevin-huerter,3,G,6-7,190,"AUG 27, 1998",20.0,R,Maryland,2018-19,1610612737,ATL,Atlanta Hawks,79.0,https://cdn.nba.com/headshots/nba/latest/1040x760/1628989.png,https://cdn.nba.com/logos/nba/1610612737/primary/L/logo.svg
203101,Miles Plumlee,miles-plumlee,18,C,6-11,249,"SEP 01, 1988",30.0,6,Duke,2018-19,1610612737,ATL,Atlanta Hawks,83.0,https://cdn.nba.com/headshots/nba/latest/1040x760/203101.png,https://cdn.nba.com/logos/nba/1610612737/primary/L/logo.svg
1629016,Omari Spellman,omari-spellman,6,F,6-9,245,"JUL 21, 1997",21.0,R,Villanova,2018-19,1610612737,ATL,Atlanta Hawks,81.0,https://cdn.nba.com/headshots/nba/latest/1040x760/1629016.png,https://cdn.nba.com/logos/nba/1610612737/primary/L/logo.svg
1627752,Taurean Prince,taurean-prince,12,F,6-8,220,"MAR 22, 1994",25.0,2,Baylor,2018-19,1610612737,ATL,Atlanta Hawks,80.0,https://cdn.nba.com/headshots/nba/latest/1040x760/1627752.png,https://cdn.nba.com/logos/nba/1610612737/primary/L/logo.svg
1629027,Trae Young,trae-young,11,G,6-2,180,"SEP 19, 1998",20.0,R,Oklahoma,2018-19,1610612737,ATL,Atlanta Hawks,74.0,https://cdn.nba.com/headshots/nba/latest/1040x760/1629027.png,https://cdn.nba.com/logos/nba/1610612737/primary/L/logo.svg
1713,Vince Carter,vince-carter,15,F-G,6-6,220,"JAN 26, 1977",42.0,20,North Carolina,2018-19,1610612737,ATL,Atlanta Hawks,78.0,https://cdn.nba.com/headshots/nba/latest/1040x760/1713.png,https://cdn.nba.com/logos/nba/1610612737/primary/L/logo.svg
1626210,Alan Williams,alan-williams,15,F-C,6-8,265,"JAN 28, 1993",26.0,3,Cal-Santa Barbara,2018-19,1610612751,BKN,Brooklyn Nets,80.0,https://cdn.nba.com/headshots/nba/latest/1040x760/1626210.png,https://cdn.nba.com/logos/nba/1610612751/primary/L/logo.svg
203459,Allen Crabbe,allen-crabbe,33,G-F,6-6,212,"APR 09, 1992",27.0,5,California,2018-19,1610612751,BKN,Brooklyn Nets,78.0,https://cdn.nba.com/headshots/nba/latest/1040x760/203459.png,https://cdn.nba.com/logos/nba/1610612751/primary/L/logo.svg
1627747,Caris LeVert,caris-levert,22,G,6-7,204,"AUG 25, 1994",24.0,2,Michigan,2018-19,1610612751,BKN,Brooklyn Nets,79.0,https://cdn.nba.com/headshots/nba/latest/1040x760/1627747.png,https://cdn.nba.com/logos/nba/1610612751/primary/L/logo.svg
1626156,D'Angelo Russell,dangelo-russell,1,G,6-5,198,"FEB 23, 1996",23.0,3,Ohio State,2018-19,1610612751,BKN,Brooklyn Nets,77.0,https://cdn.nba.com/headshots/nba/latest/1040x760/1626156.png,https://cdn.nba.com/logos/nba/1610612751/primary/L/logo.svg
201960,DeMarre Carroll,demarre-carroll,9,F,6-8,215,"JUL 27, 1986",32.0,9,Missouri,2018-19,1610612751,BKN,Brooklyn Nets,80.0,https://cdn.nba.com/headshots/nba/latest/1040x760/201960.png,https://cdn.nba.com/logos/nba/1610612751/primary/L/logo.svg
1629058,Dzanan Musa,dzanan-musa,30,G-F,6-9,208,"MAY 08, 1999",20.0,R,Cedevita,2018-19,1610612751,BKN,Brooklyn Nets,81.0,https://cdn.nba.com/headshots/nba/latest/1040x760/1629058.png,https://cdn.nba.com/logos/nba/1610612751/primary/L/logo.svg
202334,Ed Davis,ed-davis,17,C,6-10,225,"JUN 05, 1989",30.0,8,North Carolina,2018-19,1610612751,BKN,Brooklyn Nets,82.0,https://cdn.nba.com/headshots/nba/latest/1040x760/202334.png,https://cdn.nba.com/logos/nba/1610612751/primary/L/logo.svg
201162,Jared Dudley,jared-dudley,6,F,6-7,237,"JUL 10, 1985",33.0,11,Boston College,2018-19,1610612751,BKN,Brooklyn Nets,79.0,https://cdn.nba.com/headshots/nba/latest/1040x760/201162.png,https://cdn.nba.com/logos/nba/1610612751/primary/L/logo.svg
1628386,Jarrett Allen,jarrett-allen,31,C,6-11,237,"APR 21, 1998",21.0,1,Texas,2018-19,1610612751,BKN,Brooklyn Nets,83.0,https://cdn.nba.com/headshots/nba/latest/1040x760/1628386.png,https://cdn.nba.com/logos/nba/1610612751/primary/L/logo.svg
203925,Joe Harris,joe-harris,12,F-G,6-6,218,"SEP 06, 1991",27.0,4,Virginia,2018-19,1610612751,BKN,Brooklyn Nets,78.0,https://cdn.nba.com/headshots/nba/latest/1040x760/203925.png,https://cdn.nba.com/logos/nba/1610612751/primary/L/logo.svg
1629066,Rodions Kurucs,rodions-kurucs,00,F,6-9,210,"FEB 05, 1998",21.0,R,FC Barcelona,2018-19,1610612751,BKN,Brooklyn Nets,81.0,https://cdn.nba.com/headshots/nba/latest/1040x760/1629066.png,https://cdn.nba.com/logos/nba/1610612751/primary/L/logo.svg
1626178,Rondae Hollis-Jefferson,rondae-hollis-jefferson,24,F,6-7,217,"JAN 03, 1995",24.0,3,Arizona,2018-19,1610612751,BKN,Brooklyn Nets,79.0,https://cdn.nba.com/headshots/nba/latest/1040x760/1626178.png,https://cdn.nba.com/logos/nba/1610612751/primary/L/logo.svg
203894,Shabazz Napier,shabazz-napier,13,G,6-1,180,"JUL 14, 1991",27.0,4,Connecticut,2018-19,1610612751,BKN,Brooklyn Nets,73.0,https://cdn.nba.com/headshots/nba/latest/1040x760/203894.png,https://cdn.nba.com/logos/nba/1610612751/primary/L/logo.svg
203915,Spencer Dinwiddie,spencer-dinwiddie,8,G,6-6,210,"APR 06, 1993",26.0,4,Colorado,2018-19,1610612751,BKN,Brooklyn Nets,78.0,https://cdn.nba.com/headshots/nba/latest/1040x760/203915.png,https://cdn.nba.com/logos/nba/1610612751/primary/L/logo.svg
1629033,Theo Pinson,theo-pinson,10,G-F,6-6,218,"NOV 05, 1995",23.0,R,North Carolina,2018-19,1610612751,BKN,Brooklyn Nets,78.0,https://cdn.nba.com/headshots/nba/latest/1040x760/1629033.png,https://cdn.nba.com/logos/nba/1610612751/primary/L/logo.svg
1626203,Treveon Graham,treveon-graham,21,F,6-5,225,"OCT 28, 1993",25.0,2,Va Commonwealth,2018-19,1610612751,BKN,Brooklyn Nets,77.0,https://cdn.nba.com/headshots/nba/latest/1040x760/1626203.png,https://cdn.nba.com/logos/nba/1610612751/primary/L/logo.svg
201143,Al Horford,al-horford,42,C-F,6-10,245,"JUN 03, 1986",33.0,11,Florida,2018-19,1610612738,BOS,Boston Celtics,82.0,https://cdn.nba.com/headshots/nba/latest/1040x760/201143.png,https://cdn.nba.com/logos/nba/1610612738/primary/L/logo.svg
203382,Aron Baynes,aron-baynes,46,C-F,6-10,260,"DEC 09, 1986",32.0,6,Washington State,2018-19,1610612738,BOS,Boston Celtics,82.0,https://cdn.nba.com/headshots/nba/latest/1040x760/203382.png,https://cdn.nba.com/logos/nba/1610612738/primary/L/logo.svg
202954,Brad Wanamaker,brad-wanamaker,9,G,6-4,210,"JUL 25, 1989",29.0,R,Pittsburgh,2018-19,1610612738,BOS,Boston Celtics,76.0,https://cdn.nba.com/headshots/nba/latest/1040x760/202954.png,https://cdn.nba.com/logos/nba/1610612738/primary/L/logo.svg
1628464,Daniel Theis,daniel-theis,27,F,6-8,243,"APR 04, 1992",27.0,1,Brose Bamberg,2018-19,1610612738,BOS,Boston Celtics,80.0,https://cdn.nba.com/headshots/nba/latest/1040x760/1628464.png,https://cdn.nba.com/logos/nba/1610612738/primary/L/logo.svg
202330,Gordon Hayward,gordon-hayward,20,F,6-8,225,"MAR 23, 1990",29.0,8,Butler,2018-19,1610612738,BOS,Boston Celtics,80.0,https://cdn.nba.com/headshots/nba/latest/1040x760/202330.png,https://cdn.nba.com/logos/nba/1610612738/primary/L/logo.svg
1627824,Guerschon Yabusele,guerschon-yabusele,30,F,6-8,260,"DEC 17, 1995",23.0,1,"Rouen, France",2018-19,1610612738,BOS,Boston Celtics,80.0,https://cdn.nba.com/headshots/nba/latest/1040x760/1627824.png,https://cdn.nba.com/logos/nba/1610612738/primary/L/logo.svg
1627759,Jaylen Brown,jaylen-brown,7,G,6-7,220,"OCT 24, 1996",22.0,2,California,2018-19,1610612738,BOS,Boston Celtics,79.0,https://cdn.nba.com/headshots/nba/latest/1040x760/1627759.png,https://cdn.nba.com/logos/nba/1610612738/primary/L/logo.svg
1628369,Jayson Tatum,jayson-tatum,0,F,6-8,208,"MAR 03, 1998",21.0,1,Duke,2018-19,1610612738,BOS,Boston Celtics,80.0,https://cdn.nba.com/headshots/nba/latest/1040x760/1628369.png,https://cdn.nba.com/logos/nba/1610612738/primary/L/logo.svg
1626780,Jonathan Gibson,jonathan-gibson,3,G,6-2,185,"NOV 08, 1987",31.0,2,New Mexico State,2018-19,1610612738,BOS,Boston Celtics,74.0,https://cdn.nba.com/headshots/nba/latest/1040x760/1626780.png,https://cdn.nba.com/logos/nba/1610612738/primary/L/logo.svg
202681,Kyrie Irving,kyrie-irving,11,G,6-3,193,"MAR 23, 1992",27.0,7,Duke,2018-19,1610612738,BOS,Boston Celtics,75.0,https://cdn.nba.com/headshots/nba/latest/1040x760/202681.png,https://cdn.nba.com/logos/nba/1610612738/primary/L/logo.svg
202694,Marcus Morris Sr.,marcus-morris-sr,13,F,6-9,235,"SEP 02, 1989",29.0,7,Kansas,2018-19,1610612738,BOS,Boston Celtics,81.0,https://cdn.nba.com/headshots/nba/latest/1040x760/202694.png,https://cdn.nba.com/logos/nba/1610612738/primary/L/logo.svg
203935,Marcus Smart,marcus-smart,36,G,6-4,220,"MAR 06, 1994",25.0,4,Oklahoma State,2018-19,1610612738,BOS,Boston Celtics,76.0,https://cdn.nba.com/headshots/nba/latest/1040x760/203935.png,https://cdn.nba.com/logos/nba/1610612738/primary/L/logo.svg
1628408,PJ Dozier,pj-dozier,50,G-F,6-6,205,"OCT 25, 1996",22.0,1,South Carolina,2018-19,1610612738,BOS,Boston Celtics,78.0,https://cdn.nba.com/headshots/nba/latest/1040x760/1628408.png,https://cdn.nba.com/logos/nba/1610612738/primary/L/logo.svg
1626154,RJ Hunter,rj-hunter,28,G,6-5,185,"OCT 24, 1993",25.0,3,Georgia State,2018-19,1610612738,BOS,Boston Celtics,77.0,https://cdn.nba.com/headshots/nba/latest/1040x760/1626154.png,https://cdn.nba.com/logos/nba/1610612738/primary/L/logo.svg
1629057,Robert Williams III,robert-williams-iii,44,C-F,6-10,240,"OCT 17, 1997",21.0,R,Texas A&M,2018-19,1610612738,BOS,Boston Celtics,82.0,https://cdn.nba.com/headshots/nba/latest/1040x760/1629057.png,https://cdn.nba.com/logos/nba/1610612738/primary/L/logo.svg
1628400,Semi Ojeleye,semi-ojeleye,37,F,6-7,241,"DEC 05, 1994",24.0,1,Southern Methodist,2018-19,1610612738,BOS,Boston Celtics,79.0,https://cdn.nba.com/headshots/nba/latest/1040x760/1628400.png,https://cdn.nba.com/logos/nba/1610612738/primary/L/logo.svg
1626179,Terry Rozier,terry-rozier,12,G,6-1,190,"MAR 17, 1994",25.0,3,Louisville,2018-19,1610612738,BOS,Boston Celtics,73.0,https://cdn.nba.com/headshots/nba/latest/1040x760/1626179.png,https://cdn.nba.com/logos/nba/1610612738/primary/L/logo.svg
202687,Bismack Biyombo,bismack-biyombo,8,C,6-9,255,"AUG 28, 1992",26.0,7,Baloncesto Fuenlabrada,2018-19,1610612766,CHA,Charlotte Hornets,81.0,https://cdn.nba.com/headshots/nba/latest/1040x760/202687.png,https://cdn.nba.com/logos/nba/1610612766/primary/L/logo.svg
203469,Cody Zeller,cody-zeller,40,C,7-0,240,"OCT 05, 1992",26.0,5,Indiana,2018-19,1610612766,CHA,Charlotte Hornets,84.0,https://cdn.nba.com/headshots/nba/latest/1040x760/203469.png,https://cdn.nba.com/logos/nba/1610612766/primary/L/logo.svg
1628984,Devonte' Graham,devonte-graham,4,G,6-2,185,"FEB 22, 1995",24.0,R,Kansas,2018-19,1610612766,CHA,Charlotte Hornets,74.0,https://cdn.nba.com/headshots/nba/latest/1040x760/1628984.png,https://cdn.nba.com/logos/nba/1610612766/primary/L/logo.svg
1628407,Dwayne Bacon,dwayne-bacon,7,G-F,6-7,221,"AUG 30, 1995",23.0,1,Florida State,2018-19,1610612766,CHA,Charlotte Hornets,79.0,https://cdn.nba.com/headshots/nba/latest/1040x760/1628407.png,https://cdn.nba.com/logos/nba/1610612766/primary/L/logo.svg
1626163,Frank Kaminsky,frank-kaminsky,44,F-C,7-0,242,"APR 04, 1993",26.0,3,Wisconsin,2018-19,1610612766,CHA,Charlotte Hornets,84.0,https://cdn.nba.com/headshots/nba/latest/1040x760/1626163.png,https://cdn.nba.com/logos/nba/1610612766/primary/L/logo.svg
1629122,J.P. Macura,jp-macura,55,G,6-5,205,"JUN 05, 1995",24.0,R,Xavier,2018-19,1610612766,CHA,Charlotte Hornets,77.0,https://cdn.nba.com/headshots/nba/latest/1040x760/1629122.png,https://cdn.nba.com/logos/nba/1610612766/primary/L/logo.svg
203087,Jeremy Lamb,jeremy-lamb,3,G,6-5,185,"MAY 30, 1992",27.0,6,Connecticut,2018-19,1610612766,CHA,Charlotte Hornets,77.0,https://cdn.nba.com/headshots/nba/latest/1040x760/203087.png,https://cdn.nba.com/logos/nba/1610612766/primary/L/logo.svg
1629147,Joe Chealey,joe-chealey,31,G,6-3,190,"NOV 01, 1995",23.0,R,College of Charleston,2018-19,1610612766,CHA,Charlotte Hornets,75.0,https://cdn.nba.com/headshots/nba/latest/1040x760/1629147.png,https://cdn.nba.com/logos/nba/1610612766/primary/L/logo.svg
202689,Kemba Walker,kemba-walker,15,G,6-1,184,"MAY 08, 1990",29.0,7,Connecticut,2018-19,1610612766,CHA,Charlotte Hornets,73.0,https://cdn.nba.com/headshots/nba/latest/1040x760/202689.png,https://cdn.nba.com/logos/nba/1610612766/primary/L/logo.svg
1628370,Malik Monk,malik-monk,1,G,6-3,200,"FEB 04, 1998",21.0,1,Kentucky,2018-19,1610612766,CHA,Charlotte Hornets,75.0,https://cdn.nba.com/headshots/nba/latest/1040x760/1628370.png,https://cdn.nba.com/logos/nba/1610612766/primary/L/logo.svg
101107,Marvin Williams,marvin-williams,2,F,6-9,237,"JUN 19, 1986",33.0,13,North Carolina,2018-19,1610612766,CHA,Charlotte Hornets,81.0,https://cdn.nba.com/headshots/nba/latest/1040x760/101107.png,https://cdn.nba.com/logos/nba/1610612766/primary/L/logo.svg
203077,Michael Kidd-Gilchrist,michael-kidd-gilchrist,14,F,6-7,232,"SEP 26, 1993",25.0,6,Kentucky,2018-19,1610612766,CHA,Charlotte Hornets,79.0,https://cdn.nba.com/headshots/nba/latest/1040x760/203077.png,https://cdn.nba.com/logos/nba/1610612766/primary/L/logo.svg
1628970,Miles Bridges,miles-bridges,0,F,6-7,225,"MAR 21, 1998",21.0,R,Michigan State,2018-19,1610612766,CHA,Charlotte Hornets,79.0,https://cdn.nba.com/headshots/nba/latest/1040x760/1628970.png,https://cdn.nba.com/logos/nba/1610612766/primary/L/logo.svg
201587,Nicolas Batum,nicolas-batum,5,F-G,6-8,200,"DEC 14, 1988",30.0,10,Le Mans,2018-19,1610612766,CHA,Charlotte Hornets,80.0,https://cdn.nba.com/headshots/nba/latest/1040x760/201587.png,https://cdn.nba.com/logos/nba/1610612766/primary/L/logo.svg
202714,Shelvin Mack,shelvin-mack,6,G,6-3,203,"APR 22, 1990",29.0,7,Butler,2018-19,1610612766,CHA,Charlotte Hornets,75.0,https://cdn.nba.com/headshots/nba/latest/1040x760/202714.png,https://cdn.nba.com/logos/nba/1610612766/primary/L/logo.svg
2225,Tony Parker,tony-parker,9,G,6-2,185,"MAY 17, 1982",37.0,17,Paris Basket Racing,2018-19,1610612766,CHA,Charlotte Hornets,74.0,https://cdn.nba.com/headshots/nba/latest/1040x760/2225.png,https://cdn.nba.com/logos/nba/1610612766/primary/L/logo.svg
1626195,Willy Hernangomez,willy-hernangomez,41,C,6-11,240,"MAY 27, 1994",25.0,2,Cajasol Sevilla,2018-19,1610612766,CHA,Charlotte Hornets,83.0,https://cdn.nba.com/headshots/nba/latest/1040x760/1626195.png,https://cdn.nba.com/logos/nba/1610612766/primary/L/logo.svg
1628469,Antonio Blakeney,antonio-blakeney,9,G,6-4,192,"OCT 04, 1996",22.0,1,Louisiana State,2018-19,1610612741,CHI,Chicago Bulls,76.0,https://cdn.nba.com/headshots/nba/latest/1040x760/1628469.png,https://cdn.nba.com/logos/nba/1610612741/primary/L/logo.svg
1629102,Brandon Sampson,brandon-sampson,44,G,6-5,184,"MAY 01, 1997",22.0,R,Louisiana State,2018-19,1610612741,CHI,Chicago Bulls,77.0,https://cdn.nba.com/headshots/nba/latest/1040x760/1629102.png,https://cdn.nba.com/logos/nba/1610612741/primary/L/logo.svg
1628990,Chandler Hutchison,chandler-hutchison,15,F,6-7,197,"APR 26, 1996",23.0,R,Boise State,2018-19,1610612741,CHI,Chicago Bulls,79.0,https://cdn.nba.com/headshots/nba/latest/1040x760/1628990.png,https://cdn.nba.com/logos/nba/1610612741/primary/L/logo.svg
1626245,Cristiano Felicio,cristiano-felicio,6,F-C,6-10,265,"JUL 07, 1992",26.0,3,Flamengo,2018-19,1610612741,CHI,Chicago Bulls,82.0,https://cdn.nba.com/headshots/nba/latest/1040x760/1626245.png,https://cdn.nba.com/logos/nba/1610612741/primary/L/logo.svg
1627756,Denzel Valentine,denzel-valentine,45,G,6-6,210,"NOV 16, 1993",25.0,2,Michigan State,2018-19,1610612741,CHI,Chicago Bulls,78.0,https://cdn.nba.com/headshots/nba/latest/1040x760/1627756.png,https://cdn.nba.com/logos/nba/1610612741/primary/L/logo.svg
1627739,Kris Dunn,kris-dunn,32,G,6-4,205,"MAR 18, 1994",25.0,2,Providence,2018-19,1610612741,CHI,Chicago Bulls,76.0,https://cdn.nba.com/headshots/nba/latest/1040x760/1627739.png,https://cdn.nba.com/logos/nba/1610612741/primary/L/logo.svg
1628374,Lauri Markkanen,lauri-markkanen,24,F,7-0,240,"MAY 22, 1997",22.0,1,Arizona,2018-19,1610612741,CHI,Chicago Bulls,84.0,https://cdn.nba.com/headshots/nba/latest/1040x760/1628374.png,https://cdn.nba.com/logos/nba/1610612741/primary/L/logo.svg
203490,Otto Porter Jr.,otto-porter-jr,22,F,6-8,198,"JUN 03, 1993",26.0,5,Georgetown,2018-19,1610612741,CHI,Chicago Bulls,80.0,https://cdn.nba.com/headshots/nba/latest/1040x760/203490.png,https://cdn.nba.com/logos/nba/1610612741/primary/L/logo.svg
1628959,Rawle Alkins,rawle-alkins,20,G,6-5,225,"OCT 29, 1997",21.0,R,Arizona,2018-19,1610612741,CHI,Chicago Bulls,77.0,https://cdn.nba.com/headshots/nba/latest/1040x760/1628959.png,https://cdn.nba.com/logos/nba/1610612741/primary/L/logo.svg
201577,Robin Lopez,robin-lopez,42,C,7-0,275,"APR 01, 1988",31.0,10,Stanford,2018-19,1610612741,CHI,Chicago Bulls,84.0,https://cdn.nba.com/headshots/nba/latest/1040x760/201577.png,https://cdn.nba.com/logos/nba/1610612741/primary/L/logo.svg
1627853,Ryan Arcidiacono,ryan-arcidiacono,51,G,6-3,200,"MAR 26, 1994",25.0,1,Villanova,2018-19,1610612741,CHI,Chicago Bulls,75.0,https://cdn.nba.com/headshots/nba/latest/1040x760/1627853.png,https://cdn.nba.com/logos/nba/1610612741/primary/L/logo.svg
1627885,Shaquille Harrison,shaquille-harrison,3,G,6-4,190,"OCT 06, 1993",25.0,1,Tulsa,2018-19,1610612741,CHI,Chicago Bulls,76.0,https://cdn.nba.com/headshots/nba/latest/1040x760/1627885.png,https://cdn.nba.com/logos/nba/1610612741/primary/L/logo.svg
1627789,Timothe Luwawu-Cabarrot,timothe-luwawu-cabarrot,7,G-F,6-6,210,"MAY 09, 1995",24.0,2,Mega Basket,2018-19,1610612741,CHI,Chicago Bulls,78.0,https://cdn.nba.com/headshots/nba/latest/1040x760/1627789.png,https://cdn.nba.com/logos/nba/1610612741/primary/L/logo.svg
1627215,Walt Lemon Jr.,walt-lemon-jr,25,G,6-3,180,"JUL 26, 1992",26.0,1,Bradley,2018-19,1610612741,CHI,Chicago Bulls,75.0,https://cdn.nba.com/headshots/nba/latest/1040x760/1627215.png,https://cdn.nba.com/logos/nba/1610612741/primary/L/logo.svg
1627782,Wayne Selden,wayne-selden,14,G-F,6-5,230,"SEP 30, 1994",24.0,2,Kansas,2018-19,1610612741,CHI,Chicago Bulls,77.0,https://cdn.nba.com/headshots/nba/latest/1040x760/1627782.png,https://cdn.nba.com/logos/nba/1610612741/primary/L/logo.svg
1628976,Wendell Carter Jr.,wendell-carter-jr,34,C,6-10,255,"APR 16, 1999",20.0,R,Duke,2018-19,1610612741,CHI,Chicago Bulls,82.0,https://cdn.nba.com/headshots/nba/latest/1040x760/1628976.png,https://cdn.nba.com/logos/nba/1610612741/primary/L/logo.svg
203897,Zach LaVine,zach-lavine,8,G,6-5,200,"MAR 10, 1995",24.0,4,UCLA,2018-19,1610612741,CHI,Chicago Bulls,77.0,https://cdn.nba.com/headshots/nba/latest/1040x760/203897.png,https://cdn.nba.com/logos/nba/1610612741/primary/L/logo.svg
1627790,Ante Zizic,ante-zizic,41,C,6-11,254,"JAN 04, 1997",22.0,1,Darussafaka,2018-19,1610612739,CLE,Cleveland Cavaliers,83.0,https://cdn.nba.com/headshots/nba/latest/1040x760/1627790.png,https://cdn.nba.com/logos/nba/1610612739/primary/L/logo.svg
202688,Brandon Knight,brandon-knight,20,G,6-3,195,"DEC 02, 1991",27.0,6,Kentucky,2018-19,1610612739,CLE,Cleveland Cavaliers,75.0,https://cdn.nba.com/headshots/nba/latest/1040x760/202688.png,https://cdn.nba.com/logos/nba/1610612739/primary/L/logo.svg
1626224,Cedi Osman,cedi-osman,16,F,6-8,215,"APR 08, 1995",24.0,1,Anadolu Efes,2018-19,1610612739,CLE,Cleveland Cavaliers,80.0,https://cdn.nba.com/headshots/nba/latest/1040x760/1626224.png,https://cdn.nba.com/logos/nba/1610612739/primary/L/logo.svg
101112,Channing Frye,channing-frye,9,F-C,7-0,255,"MAY 17, 1983",36.0,12,Arizona,2018-19,1610612739,CLE,Cleveland Cavaliers,84.0,https://cdn.nba.com/headshots/nba/latest/1040x760/101112.png,https://cdn.nba.com/logos/nba/1610612739/primary/L/logo.svg
1629012,Collin Sexton,collin-sexton,2,G,6-2,190,"JAN 04, 1999",20.0,R,Alabama,2018-19,1610612739,CLE,Cleveland Cavaliers,74.0,https://cdn.nba.com/headshots/nba/latest/1040x760/1629012.png,https://cdn.nba.com/logos/nba/1610612739/primary/L/logo.svg
1628021,David Nwaba,david-nwaba,12,G,6-4,219,"JAN 14, 1993",26.0,2,Cal Poly-Obispo,2018-19,1610612739,CLE,Cleveland Cavaliers,76.0,https://cdn.nba.com/headshots/nba/latest/1040x760/1628021.png,https://cdn.nba.com/logos/nba/1610612739/primary/L/logo.svg
1629061,Deng Adel,deng-adel,32,F,6-7,200,"FEB 01, 1997",22.0,R,Louisville,2018-19,1610612739,CLE,Cleveland Cavaliers,79.0,https://cdn.nba.com/headshots/nba/latest/1040x760/1629061.png,https://cdn.nba.com/logos/nba/1610612739/primary/L/logo.svg
2747,JR Smith,jr-smith,5,G-F,6-6,225,"SEP 09, 1985",33.0,14,No College,2018-19,1610612739,CLE,Cleveland Cavaliers,78.0,https://cdn.nba.com/headshots/nba/latest/1040x760/2747.png,https://cdn.nba.com/logos/nba/1610612739/primary/L/logo.svg
1628417,Jaron Blossomgame,jaron-blossomgame,4,F,6-8,220,"SEP 16, 1993",25.0,R,Clemson,2018-19,1610612739,CLE,Cleveland Cavaliers,80.0,https://cdn.nba.com/headshots/nba/latest/1040x760/1628417.png,https://cdn.nba.com/logos/nba/1610612739/primary/L/logo.svg
203089,John Henson,john-henson,31,F,6-11,219,"DEC 28, 1990",28.0,6,North Carolina,2018-19,1610612739,CLE,Cleveland Cavaliers,83.0,https://cdn.nba.com/headshots/nba/latest/1040x760/203089.png,https://cdn.nba.com/logos/nba/1610612739/primary/L/logo.svg
203903,Jordan Clarkson,jordan-clarkson,8,G,6-5,194,"JUN 07, 1992",27.0,4,Missouri,2018-19,1610612739,CLE,Cleveland Cavaliers,77.0,https://cdn.nba.com/headshots/nba/latest/1040x760/203903.png,https://cdn.nba.com/logos/nba/1610612739/primary/L/logo.svg
201567,Kevin Love,kevin-love,0,F-C,6-10,251,"SEP 07, 1988",30.0,10,UCLA,2018-19,1610612739,CLE,Cleveland Cavaliers,82.0,https://cdn.nba.com/headshots/nba/latest/1040x760/201567.png,https://cdn.nba.com/logos/nba/1610612739/primary/L/logo.svg
1626204,Larry Nance Jr.,larry-nance-jr,22,F,6-9,230,"JAN 01, 1993",26.0,3,Wyoming,2018-19,1610612739,CLE,Cleveland Cavaliers,81.0,https://cdn.nba.com/headshots/nba/latest/1040x760/1626204.png,https://cdn.nba.com/logos/nba/1610612739/primary/L/logo.svg
1627737,Marquese Chriss,marquese-chriss,3,F,6-10,240,"JUL 02, 1997",21.0,2,Washington,2018-19,1610612739,CLE,Cleveland Cavaliers,82.0,https://cdn.nba.com/headshots/nba/latest/1040x760/1627737.png,https://cdn.nba.com/logos/nba/1610612739/primary/L/logo.svg
203521,Matthew Dellavedova,matthew-dellavedova,18,G,6-4,200,"SEP 08, 1990",28.0,5,Saint Mary's,2018-19,1610612739,CLE,Cleveland Cavaliers,76.0,https://cdn.nba.com/headshots/nba/latest/1040x760/203521.png,https://cdn.nba.com/logos/nba/1610612739/primary/L/logo.svg
203917,Nik Stauskas,nik-stauskas,1,G,6-6,205,"OCT 07, 1993",25.0,4,Michigan,2018-19,1610612739,CLE,Cleveland Cavaliers,78.0,https://cdn.nba.com/headshots/nba/latest/1040x760/203917.png,https://cdn.nba.com/logos/nba/1610612739/primary/L/logo.svg
202684,Tristan Thompson,tristan-thompson,13,C-F,6-10,238,"MAR 13, 1991",28.0,7,Texas-Austin,2018-19,1610612739,CLE,Cleveland Cavaliers,82.0,https://cdn.nba.com/headshots/nba/latest/1040x760/202684.png,https://cdn.nba.com/logos/nba/1610612739/primary/L/logo.svg
201584,Courtney Lee,courtney-lee,1,G,6-5,215,"OCT 03, 1985",33.0,10,Western Kentucky,2018-19,1610612742,DAL,Dallas Mavericks,77.0,https://cdn.nba.com/headshots/nba/latest/1040x760/201584.png,https://cdn.nba.com/logos/nba/1610612742/primary/L/logo.svg
1629133,Daryl Macon,daryl-macon,3,G,6-3,185,"NOV 29, 1995",23.0,R,Arkansas,2018-19,1610612742,DAL,Dallas Mavericks,75.0,https://cdn.nba.com/headshots/nba/latest/1040x760/1629133.png,https://cdn.nba.com/logos/nba/1610612742/primary/L/logo.svg
2734,Devin Harris,devin-harris,34,G,6-3,185,"FEB 27, 1983",36.0,14,Wisconsin,2018-19,1610612742,DAL,Dallas Mavericks,75.0,https://cdn.nba.com/headshots/nba/latest/1040x760/2734.png,https://cdn.nba.com/logos/nba/1610612742/primary/L/logo.svg
1717,Dirk Nowitzki,dirk-nowitzki,41,F,7-0,245,"JUN 19, 1978",41.0,20,DJK Wurzburg,2018-19,1610612742,DAL,Dallas Mavericks,84.0,https://cdn.nba.com/headshots/nba/latest/1040x760/1717.png,https://cdn.nba.com/logos/nba/1610612742/primary/L/logo.svg
1627827,Dorian Finney-Smith,dorian-finney-smith,10,F,6-8,220,"MAY 04, 1993",26.0,2,Florida,2018-19,1610612742,DAL,Dallas Mavericks,80.0,https://cdn.nba.com/headshots/nba/latest/1040x760/1627827.png,https://cdn.nba.com/logos/nba/1610612742/primary/L/logo.svg
203939,Dwight Powell,dwight-powell,7,F-C,6-11,240,"JUL 20, 1991",27.0,4,Stanford,2018-19,1610612742,DAL,Dallas Mavericks,83.0,https://cdn.nba.com/headshots/nba/latest/1040x760/203939.png,https://cdn.nba.com/logos/nba/1610612742/primary/L/logo.svg
200826,J.J. Barea,jj-barea,5,G,6-0,185,"JUN 26, 1984",35.0,12,Northeastern,2018-19,1610612742,DAL,Dallas Mavericks,72.0,https://cdn.nba.com/headshots/nba/latest/1040x760/200826.png,https://cdn.nba.com/logos/nba/1610612742/primary/L/logo.svg
1628973,Jalen Brunson,jalen-brunson,13,G,6-3,190,"AUG 31, 1996",22.0,R,Villanova,2018-19,1610612742,DAL,Dallas Mavericks,75.0,https://cdn.nba.com/headshots/nba/latest/1040x760/1628973.png,https://cdn.nba.com/logos/nba/1610612742/primary/L/logo.svg
1628382,Justin Jackson,justin-jackson,44,F,6-8,210,"MAR 28, 1995",24.0,1,North Carolina,2018-19,1610612742,DAL,Dallas Mavericks,80.0,https://cdn.nba.com/headshots/nba/latest/1040x760/1628382.png,https://cdn.nba.com/logos/nba/1610612742/primary/L/logo.svg
1628961,Kostas Antetokounmpo,kostas-antetokounmpo,37,F,6-10,200,"NOV 20, 1997",21.0,R,Dayton,2018-19,1610612742,DAL,Dallas Mavericks,82.0,https://cdn.nba.com/headshots/nba/latest/1040x760/1628961.png,https://cdn.nba.com/logos/nba/1610612742/primary/L/logo.svg
204001,Kristaps Porziņģis,kristaps-porziņģis,6,F-C,7-3,240,"AUG 02, 1995",23.0,3,Cajasol Sevilla,2018-19,1610612742,DAL,Dallas Mavericks,87.0,https://cdn.nba.com/headshots/nba/latest/1040x760/204001.png,https://cdn.nba.com/logos/nba/1610612742/primary/L/logo.svg
1629029,Luka Dončić,luka-dončić,77,F-G,6-7,218,"FEB 28, 1999",20.0,R,Real Madrid,2018-19,1610612742,DAL,Dallas Mavericks,79.0,https://cdn.nba.com/headshots/nba/latest/1040x760/1629029.png,https://cdn.nba.com/logos/nba/1610612742/primary/L/logo.svg
1628467,Maxi Kleber,maxi-kleber,42,F,6-11,240,"JAN 29, 1992",27.0,1,Bayern Munich,2018-19,1610612742,DAL,Dallas Mavericks,83.0,https://cdn.nba.com/headshots/nba/latest/1040x760/1628467.png,https://cdn.nba.com/logos/nba/1610612742/primary/L/logo.svg
1629151,Ryan Broekhoff,ryan-broekhoff,45,G-F,6-7,215,"AUG 23, 1990",28.0,R,Valparaiso,2018-19,1610612742,DAL,Dallas Mavericks,79.0,https://cdn.nba.com/headshots/nba/latest/1040x760/1629151.png,https://cdn.nba.com/logos/nba/1610612742/primary/L/logo.svg
1626257,Salah Mejri,salah-mejri,50,C,7-2,235,"JUN 15, 1986",33.0,3,Real Madrid,2018-19,1610612742,DAL,Dallas Mavericks,86.0,https://cdn.nba.com/headshots/nba/latest/1040x760/1626257.png,https://cdn.nba.com/logos/nba/1610612742/primary/L/logo.svg
203501,Tim Hardaway Jr.,tim-hardaway-jr,11,G,6-6,205,"MAR 16, 1992",27.0,5,Michigan,2018-19,1610612742,DAL,Dallas Mavericks,78.0,https://cdn.nba.com/headshots/nba/latest/1040x760/203501.png,https://cdn.nba.com/logos/nba/1610612742/primary/L/logo.svg
203504,Trey Burke,trey-burke,23,G,6-1,175,"NOV 12, 1992",26.0,5,Michigan,2018-19,1610612742,DAL,Dallas Mavericks,73.0,https://cdn.nba.com/headshots/nba/latest/1040x760/203504.png,https://cdn.nba.com/logos/nba/1610612742/primary/L/logo.svg
1629164,Brandon Goodwin,brandon-goodwin,6,G,6-2,180,"OCT 02, 1995",23.0,R,Florida Gulf Coast,2018-19,1610612743,DEN,Denver Nuggets,74.0,https://cdn.nba.com/headshots/nba/latest/1040x760/1629164.png,https://cdn.nba.com/logos/nba/1610612743/primary/L/logo.svg
203914,Gary Harris,gary-harris,14,G,6-4,210,"SEP 14, 1994",24.0,4,Michigan State,2018-19,1610612743,DEN,Denver Nuggets,76.0,https://cdn.nba.com/headshots/nba/latest/1040x760/203914.png,https://cdn.nba.com/logos/nba/1610612743/primary/L/logo.svg
202738,Isaiah Thomas,isaiah-thomas,0,G,5-9,185,"FEB 07, 1989",30.0,7,Washington,2018-19,1610612743,DEN,Denver Nuggets,69.0,https://cdn.nba.com/headshots/nba/latest/1040x760/202738.png,https://cdn.nba.com/logos/nba/1610612743/primary/L/logo.svg
1627750,Jamal Murray,jamal-murray,27,G,6-4,207,"FEB 23, 1997",22.0,2,Kentucky,2018-19,1610612743,DEN,Denver Nuggets,76.0,https://cdn.nba.com/headshots/nba/latest/1040x760/1627750.png,https://cdn.nba.com/logos/nba/1610612743/primary/L/logo.svg
1629020,Jarred Vanderbilt,jarred-vanderbilt,8,F,6-9,214,"APR 03, 1999",20.0,R,Kentucky,2018-19,1610612743,DEN,Denver Nuggets,81.0,https://cdn.nba.com/headshots/nba/latest/1040x760/1629020.png,https://cdn.nba.com/logos/nba/1610612743/primary/L/logo.svg
1627823,Juancho Hernangomez,juancho-hernangomez,41,F,6-9,230,"SEP 28, 1995",23.0,2,Estudiantes,2018-19,1610612743,DEN,Denver Nuggets,81.0,https://cdn.nba.com/headshots/nba/latest/1040x760/1627823.png,https://cdn.nba.com/logos/nba/1610612743/primary/L/logo.svg
1627736,Malik Beasley,malik-beasley,25,G,6-5,195,"NOV 26, 1996",22.0,2,Florida State,2018-19,1610612743,DEN,Denver Nuggets,77.0,https://cdn.nba.com/headshots/nba/latest/1040x760/1627736.png,https://cdn.nba.com/logos/nba/1610612743/primary/L/logo.svg
203486,Mason Plumlee,mason-plumlee,24,F-C,6-11,235,"MAR 05, 1990",29.0,5,Duke,2018-19,1610612743,DEN,Denver Nuggets,83.0,https://cdn.nba.com/headshots/nba/latest/1040x760/203486.png,https://cdn.nba.com/logos/nba/1610612743/primary/L/logo.svg
1629008,Michael Porter Jr.,michael-porter-jr,1,F,6-10,210,"JUN 29, 1998",21.0,R,Missouri,2018-19,1610612743,DEN,Denver Nuggets,82.0,https://cdn.nba.com/headshots/nba/latest/1040x760/1629008.png,https://cdn.nba.com/logos/nba/1610612743/primary/L/logo.svg
1628420,Monté Morris,monté-morris,11,G,6-3,175,"JUN 27, 1995",24.0,1,Iowa State,2018-19,1610612743,DEN,Denver Nuggets,75.0,https://cdn.nba.com/headshots/nba/latest/1040x760/1628420.png,https://cdn.nba.com/logos/nba/1610612743/primary/L/logo.svg
203999,Nikola Jokić,nikola-jokić,15,C,7-0,250,"FEB 19, 1995",24.0,3,Mega Basket,2018-19,1610612743,DEN,Denver Nuggets,84.0,https://cdn.nba.com/headshots/nba/latest/1040x760/203999.png,https://cdn.nba.com/logos/nba/1610612743/primary/L/logo.svg
200794,Paul Millsap,paul-millsap,4,F,6-8,246,"FEB 10, 1985",34.0,12,Louisiana Tech,2018-19,1610612743,DEN,Denver Nuggets,80.0,https://cdn.nba.com/headshots/nba/latest/1040x760/200794.png,https://cdn.nba.com/logos/nba/1610612743/primary/L/logo.svg
1629118,Thomas Welsh,thomas-welsh,45,C,7-0,255,"FEB 03, 1996",23.0,R,UCLA,2018-19,1610612743,DEN,Denver Nuggets,84.0,https://cdn.nba.com/headshots/nba/latest/1040x760/1629118.png,https://cdn.nba.com/logos/nba/1610612743/primary/L/logo.svg
1628470,Torrey Craig,torrey-craig,3,F,6-7,215,"DEC 19, 1990",28.0,1,South Carolina Upstate,2018-19,1610612743,DEN,Denver Nuggets,79.0,https://cdn.nba.com/headshots/nba/latest/1040x760/1628470.png,https://cdn.nba.com/logos/nba/1610612743/primary/L/logo.svg
1626168,Trey Lyles,trey-lyles,7,F,6-10,234,"NOV 05, 1995",23.0,3,Kentucky,2018-19,1610612743,DEN,Denver Nuggets,82.0,https://cdn.nba.com/headshots/nba/latest/1040x760/1626168.png,https://cdn.nba.com/logos/nba/1610612743/primary/L/logo.svg
1628399,Tyler Lydon,tyler-lydon,20,F,6-10,225,"APR 09, 1996",23.0,1,Syracuse,2018-19,1610612743,DEN,Denver Nuggets,82.0,https://cdn.nba.com/headshots/nba/latest/1040x760/1628399.png,https://cdn.nba.com/logos/nba/1610612743/primary/L/logo.svg
203115,Will Barton,will-barton,5,G,6-6,190,"JAN 06, 1991",28.0,6,Memphis,2018-19,1610612743,DEN,Denver Nuggets,78.0,https://cdn.nba.com/headshots/nba/latest/1040x760/203115.png,https://cdn.nba.com/logos/nba/1610612743/primary/L/logo.svg
203083,Andre Drummond,andre-drummond,0,C,6-11,279,"AUG 10, 1993",25.0,6,Connecticut,2018-19,1610612765,DET,Detroit Pistons,83.0,https://cdn.nba.com/headshots/nba/latest/1040x760/203083.png,https://cdn.nba.com/logos/nba/1610612765/primary/L/logo.svg
201933,Blake Griffin,blake-griffin,23,F,6-10,250,"MAR 16, 1989",30.0,8,Oklahoma,2018-19,1610612765,DET,Detroit Pistons,82.0,https://cdn.nba.com/headshots/nba/latest/1040x760/201933.png,https://cdn.nba.com/logos/nba/1610612765/primary/L/logo.svg
1628971,Bruce Brown,bruce-brown,6,G,6-5,202,"AUG 15, 1996",22.0,R,Miami,2018-19,1610612765,DET,Detroit Pistons,77.0,https://cdn.nba.com/headshots/nba/latest/1040x760/1628971.png,https://cdn.nba.com/logos/nba/1610612765/primary/L/logo.svg
203922,Glenn Robinson III,glenn-robinson-iii,22,G-F,6-6,222,"JAN 08, 1994",25.0,4,Michigan,2018-19,1610612765,DET,Detroit Pistons,78.0,https://cdn.nba.com/headshots/nba/latest/1040x760/203922.png,https://cdn.nba.com/logos/nba/1610612765/primary/L/logo.svg
1627785,Isaiah Whitehead,isaiah-whitehead,12,G,6-4,213,"MAR 08, 1995",24.0,2,Seton Hall,2018-19,1610612765,DET,Detroit Pistons,76.0,https://cdn.nba.com/headshots/nba/latest/1040x760/1627785.png,https://cdn.nba.com/logos/nba/1610612765/primary/L/logo.svg
202397,Ish Smith,ish-smith,14,G,6-0,175,"JUL 05, 1988",30.0,8,Wake Forest,2018-19,1610612765,DET,Detroit Pistons,72.0,https://cdn.nba.com/headshots/nba/latest/1040x760/202397.png,https://cdn.nba.com/logos/nba/1610612765/primary/L/logo.svg
202720,Jon Leuer,jon-leuer,30,F,6-10,228,"MAY 14, 1989",30.0,7,Wisconsin,2018-19,1610612765,DET,Detroit Pistons,82.0,https://cdn.nba.com/headshots/nba/latest/1040x760/202720.png,https://cdn.nba.com/logos/nba/1610612765/primary/L/logo.svg
101181,Jose Calderon,jose-calderon,81,G,6-3,200,"SEP 28, 1981",37.0,13,Tau Ceramica,2018-19,1610612765,DET,Detroit Pistons,75.0,https://cdn.nba.com/headshots/nba/latest/1040x760/101181.png,https://cdn.nba.com/logos/nba/1610612765/primary/L/logo.svg
203564,Kalin Lucas,kalin-lucas,24,G,6-1,195,"MAY 24, 1989",30.0,1,Michigan State,2018-19,1610612765,DET,Detroit Pistons,73.0,https://cdn.nba.com/headshots/nba/latest/1040x760/203564.png,https://cdn.nba.com/logos/nba/1610612765/primary/L/logo.svg
1629017,Khyri Thomas,khyri-thomas,13,G,6-3,210,"MAY 08, 1996",23.0,R,Creighton,2018-19,1610612765,DET,Detroit Pistons,75.0,https://cdn.nba.com/headshots/nba/latest/1040x760/1629017.png,https://cdn.nba.com/logos/nba/1610612765/primary/L/logo.svg
204038,Langston Galloway,langston-galloway,9,G,6-2,200,"DEC 09, 1991",27.0,4,St. Joseph's (PA),2018-19,1610612765,DET,Detroit Pistons,74.0,https://cdn.nba.com/headshots/nba/latest/1040x760/204038.png,https://cdn.nba.com/logos/nba/1610612765/primary/L/logo.svg
1628379,Luke Kennard,luke-kennard,5,G,6-5,206,"JUN 24, 1996",23.0,1,Duke,2018-19,1610612765,DET,Detroit Pistons,77.0,https://cdn.nba.com/headshots/nba/latest/1040x760/1628379.png,https://cdn.nba.com/logos/nba/1610612765/primary/L/logo.svg
202704,Reggie Jackson,reggie-jackson,1,G,6-3,208,"APR 16, 1990",29.0,7,Boston College,2018-19,1610612765,DET,Detroit Pistons,75.0,https://cdn.nba.com/headshots/nba/latest/1040x760/202704.png,https://cdn.nba.com/logos/nba/1610612765/primary/L/logo.svg
1629004,Svi Mykhailiuk,svi-mykhailiuk,19,G,6-8,205,"JUN 10, 1997",22.0,R,Kansas,2018-19,1610612765,DET,Detroit Pistons,80.0,https://cdn.nba.com/headshots/nba/latest/1040x760/1629004.png,https://cdn.nba.com/logos/nba/1610612765/primary/L/logo.svg
1627748,Thon Maker,thon-maker,7,F,7-1,221,"FEB 25, 1997",22.0,2,Athlete Institute Prep,2018-19,1610612765,DET,Detroit Pistons,85.0,https://cdn.nba.com/headshots/nba/latest/1040x760/1627748.png,https://cdn.nba.com/logos/nba/1610612765/primary/L/logo.svg
201961,Wayne Ellington,wayne-ellington,20,G,6-5,200,"NOV 29, 1987",31.0,9,North Carolina,2018-19,1610612765,DET,Detroit Pistons,77.0,https://cdn.nba.com/headshots/nba/latest/1040x760/201961.png,https://cdn.nba.com/logos/nba/1610612765/primary/L/logo.svg
2585,Zaza Pachulia,zaza-pachulia,27,C,6-11,270,"FEB 10, 1984",35.0,15,Ulkerspor,2018-19,1610612765,DET,Detroit Pistons,83.0,https://cdn.nba.com/headshots/nba/latest/1040x760/2585.png,https://cdn.nba.com/logos/nba/1610612765/primary/L/logo.svg
1628035,Alfonzo McKinnie,alfonzo-mckinnie,28,F,6-8,215,"SEP 17, 1992",26.0,1,Wisc.-Green Bay,2018-19,1610612744,GSW,Golden State Warriors,80.0,https://cdn.nba.com/headshots/nba/latest/1040x760/1628035.png,https://cdn.nba.com/logos/nba/1610612744/primary/L/logo.svg
2738,Andre Iguodala,andre-iguodala,9,F-G,6-6,215,"JAN 28, 1984",35.0,14,Arizona,2018-19,1610612744,GSW,Golden State Warriors,78.0,https://cdn.nba.com/headshots/nba/latest/1040x760/2738.png,https://cdn.nba.com/logos/nba/1610612744/primary/L/logo.svg
101106,Andrew Bogut,andrew-bogut,12,C,7-0,260,"NOV 28, 1984",34.0,13,Utah,2018-19,1610612744,GSW,Golden State Warriors,84.0,https://cdn.nba.com/headshots/nba/latest/1040x760/101106.png,https://cdn.nba.com/logos/nba/1610612744/primary/L/logo.svg
1627745,Damian Jones,damian-jones,15,C,7-0,245,"JUN 30, 1995",24.0,2,Vanderbilt,2018-19,1610612744,GSW,Golden State Warriors,84.0,https://cdn.nba.com/headshots/nba/latest/1040x760/1627745.png,https://cdn.nba.com/logos/nba/1610612744/primary/L/logo.svg
1627814,Damion Lee,damion-lee,1,G,6-6,210,"OCT 21, 1992",26.0,1,Drexel,2018-19,1610612744,GSW,Golden State Warriors,78.0,https://cdn.nba.com/headshots/nba/latest/1040x760/1627814.png,https://cdn.nba.com/logos/nba/1610612744/primary/L/logo.svg
202326,DeMarcus Cousins,demarcus-cousins,0,C,6-11,270,"AUG 13, 1990",28.0,8,Kentucky,2018-19,1610612744,GSW,Golden State Warriors,83.0,https://cdn.nba.com/headshots/nba/latest/1040x760/202326.png,https://cdn.nba.com/logos/nba/1610612744/primary/L/logo.svg
203110,Draymond Green,draymond-green,23,F,6-7,230,"MAR 04, 1990",29.0,6,Michigan State,2018-19,1610612744,GSW,Golden State Warriors,79.0,https://cdn.nba.com/headshots/nba/latest/1040x760/203110.png,https://cdn.nba.com/logos/nba/1610612744/primary/L/logo.svg
1628980,Jacob Evans,jacob-evans,10,G,6-6,210,"JUN 18, 1997",22.0,R,Cincinnati,2018-19,1610612744,GSW,Golden State Warriors,78.0,https://cdn.nba.com/headshots/nba/latest/1040x760/1628980.png,https://cdn.nba.com/logos/nba/1610612744/primary/L/logo.svg
201973,Jonas Jerebko,jonas-jerebko,21,F,6-10,231,"MAR 02, 1987",32.0,8,Angelico Biella,2018-19,1610612744,GSW,Golden State Warriors,82.0,https://cdn.nba.com/headshots/nba/latest/1040x760/201973.png,https://cdn.nba.com/logos/nba/1610612744/primary/L/logo.svg
1628395,Jordan Bell,jordan-bell,2,F,6-9,224,"JAN 07, 1995",24.0,1,Oregon,2018-19,1610612744,GSW,Golden State Warriors,81.0,https://cdn.nba.com/headshots/nba/latest/1040x760/1628395.png,https://cdn.nba.com/logos/nba/1610612744/primary/L/logo.svg
201142,Kevin Durant,kevin-durant,35,F,6-9,240,"SEP 29, 1988",30.0,11,Texas,2018-19,1610612744,GSW,Golden State Warriors,81.0,https://cdn.nba.com/headshots/nba/latest/1040x760/201142.png,https://cdn.nba.com/logos/nba/1610612744/primary/L/logo.svg
1626172,Kevon Looney,kevon-looney,5,C-F,6-9,220,"FEB 06, 1996",23.0,3,UCLA,2018-19,1610612744,GSW,Golden State Warriors,81.0,https://cdn.nba.com/headshots/nba/latest/1040x760/1626172.png,https://cdn.nba.com/logos/nba/1610612744/primary/L/logo.svg
202691,Klay Thompson,klay-thompson,11,G,6-7,215,"FEB 08, 1990",29.0,7,Washington State,2018-19,1610612744,GSW,Golden State Warriors,79.0,https://cdn.nba.com/headshots/nba/latest/1040x760/202691.png,https://cdn.nba.com/logos/nba/1610612744/primary/L/logo.svg
1629094,Marcus Derrickson,marcus-derrickson,32,F,6-7,249,"FEB 01, 1996",23.0,R,Georgetown,2018-19,1610612744,GSW,Golden State Warriors,79.0,https://cdn.nba.com/headshots/nba/latest/1040x760/1629094.png,https://cdn.nba.com/logos/nba/1610612744/primary/L/logo.svg
1626188,Quinn Cook,quinn-cook,4,G,6-2,179,"MAR 23, 1993",26.0,2,Duke,2018-19,1610612744,GSW,Golden State Warriors,74.0,https://cdn.nba.com/headshots/nba/latest/1040x760/1626188.png,https://cdn.nba.com/logos/nba/1610612744/primary/L/logo.svg
2733,Shaun Livingston,shaun-livingston,34,G,6-7,192,"SEP 11, 1985",33.0,13,Peoria Central HS (IL),2018-19,1610612744,GSW,Golden State Warriors,79.0,https://cdn.nba.com/headshots/nba/latest/1040x760/2733.png,https://cdn.nba.com/logos/nba/1610612744/primary/L/logo.svg
201939,Stephen Curry,stephen-curry,30,G,6-3,190,"MAR 14, 1988",31.0,9,Davidson,2018-19,1610612744,GSW,Golden State Warriors,75.0,https://cdn.nba.com/headshots/nba/latest/1040x760/201939.png,https://cdn.nba.com/logos/nba/1610612744/primary/L/logo.svg
203085,Austin Rivers,austin-rivers,25,G,6-4,200,"AUG 01, 1992",26.0,6,Duke,2018-19,1610612745,HOU,Houston Rockets,76.0,https://cdn.nba.com/headshots/nba/latest/1040x760/203085.png,https://cdn.nba.com/logos/nba/1610612745/primary/L/logo.svg
1629185,Chris Chiozza,chris-chiozza,2,G,6-0,175,"NOV 21, 1995",23.0,R,Florida,2018-19,1610612745,HOU,Houston Rockets,72.0,https://cdn.nba.com/headshots/nba/latest/1040x760/1629185.png,https://cdn.nba.com/logos/nba/1610612745/primary/L/logo.svg
101108,Chris Paul,chris-paul,3,G,6-0,175,"MAY 06, 1985",34.0,13,Wake Forest,2018-19,1610612745,HOU,Houston Rockets,72.0,https://cdn.nba.com/headshots/nba/latest/1040x760/101108.png,https://cdn.nba.com/logos/nba/1610612745/primary/L/logo.svg
203991,Clint Capela,clint-capela,15,C,6-10,240,"MAY 18, 1994",25.0,4,Elan Chalon,2018-19,1610612745,HOU,Houston Rockets,82.0,https://cdn.nba.com/headshots/nba/latest/1040x760/203991.png,https://cdn.nba.com/logos/nba/1610612745/primary/L/logo.svg
1627863,Danuel House Jr.,danuel-house-jr,4,F-G,6-7,220,"JUN 07, 1993",26.0,2,Texas A&M,2018-19,1610612745,HOU,Houston Rockets,79.0,https://cdn.nba.com/headshots/nba/latest/1040x760/1627863.png,https://cdn.nba.com/logos/nba/1610612745/primary/L/logo.svg
201569,Eric Gordon,eric-gordon,10,G,6-4,215,"DEC 25, 1988",30.0,10,Indiana,2018-19,1610612745,HOU,Houston Rockets,76.0,https://cdn.nba.com/headshots/nba/latest/1040x760/201569.png,https://cdn.nba.com/logos/nba/1610612745/primary/L/logo.svg
1629109,Gary Clark,gary-clark,6,F,6-8,225,"NOV 16, 1994",24.0,R,Cincinnati,2018-19,1610612745,HOU,Houston Rockets,80.0,https://cdn.nba.com/headshots/nba/latest/1040x760/1629109.png,https://cdn.nba.com/logos/nba/1610612745/primary/L/logo.svg
101123,Gerald Green,gerald-green,14,G-F,6-7,205,"JAN 26, 1986",33.0,11,No College,2018-19,1610612745,HOU,Houston Rockets,79.0,https://cdn.nba.com/headshots/nba/latest/1040x760/101123.png,https://cdn.nba.com/logos/nba/1610612745/primary/L/logo.svg
202697,Iman Shumpert,iman-shumpert,1,G,6-5,215,"JUN 26, 1990",29.0,7,Georgia Tech,2018-19,1610612745,HOU,Houston Rockets,77.0,https://cdn.nba.com/headshots/nba/latest/1040x760/202697.png,https://cdn.nba.com/logos/nba/1610612745/primary/L/logo.svg
1628392,Isaiah Hartenstein,isaiah-hartenstein,55,F-C,7-0,249,"MAY 05, 1998",21.0,R,Zalgiris,2018-19,1610612745,HOU,Houston Rockets,84.0,https://cdn.nba.com/headshots/nba/latest/1040x760/1628392.png,https://cdn.nba.com/logos/nba/1610612745/primary/L/logo.svg
201935,James Harden,james-harden,13,G,6-5,220,"AUG 26, 1989",29.0,9,Arizona State,2018-19,1610612745,HOU,Houston Rockets,77.0,https://cdn.nba.com/headshots/nba/latest/1040x760/201935.png,https://cdn.nba.com/logos/nba/1610612745/primary/L/logo.svg
202702,Kenneth Faried,kenneth-faried,35,F-C,6-8,220,"NOV 19, 1989",29.0,7,Morehead State,2018-19,1610612745,HOU,Houston Rockets,80.0,https://cdn.nba.com/headshots/nba/latest/1040x760/202702.png,https://cdn.nba.com/logos/nba/1610612745/primary/L/logo.svg
1626187,Michael Frazier II,michael-frazier-ii,21,G,6-4,200,"MAR 08, 1994",25.0,R,Florida,2018-19,1610612745,HOU,Houston Rockets,76.0,https://cdn.nba.com/headshots/nba/latest/1040x760/1626187.png,https://cdn.nba.com/logos/nba/1610612745/primary/L/logo.svg
2403,Nene,nene-hilario,42,C-F,6-11,250,"SEP 13, 1982",36.0,16,Vasco de Gama,2018-19,1610612745,HOU,Houston Rockets,83.0,https://cdn.nba.com/headshots/nba/latest/1040x760/2403.png,https://cdn.nba.com/logos/nba/1610612745/primary/L/logo.svg
200782,P.J. Tucker,pj-tucker,17,F,6-6,245,"MAY 05, 1985",34.0,7,Texas,2018-19,1610612745,HOU,Houston Rockets,78.0,https://cdn.nba.com/headshots/nba/latest/1040x760/200782.png,https://cdn.nba.com/logos/nba/1610612745/primary/L/logo.svg
1628979,Trevon Duval,trevon-duval,0,G,6-2,189,"AUG 03, 1998",20.0,R,Duke,2018-19,1610612745,HOU,Houston Rockets,74.0,https://cdn.nba.com/headshots/nba/latest/1040x760/1628979.png,https://cdn.nba.com/logos/nba/1610612745/primary/L/logo.svg
1629053,Vincent Edwards,vincent-edwards,12,F,6-8,225,"APR 05, 1996",23.0,R,Purdue,2018-19,1610612745,HOU,Houston Rockets,80.0,https://cdn.nba.com/headshots/nba/latest/1040x760/1629053.png,https://cdn.nba.com/logos/nba/1610612745/primary/L/logo.svg
1628988,Aaron Holiday,aaron-holiday,3,G,6-1,185,"SEP 30, 1996",22.0,R,UCLA,2018-19,1610612754,IND,Indiana Pacers,73.0,https://cdn.nba.com/headshots/nba/latest/1040x760/1628988.png,https://cdn.nba.com/logos/nba/1610612754/primary/L/logo.svg
1628993,Alize Johnson,alize-johnson,24,F,6-9,212,"APR 22, 1996",23.0,R,Missouri State,2018-19,1610612754,IND,Indiana Pacers,81.0,https://cdn.nba.com/headshots/nba/latest/1040x760/1628993.png,https://cdn.nba.com/logos/nba/1610612754/primary/L/logo.svg
202711,Bojan Bogdanovic,bojan-bogdanovic,44,F,6-8,216,"APR 18, 1989",30.0,4,Fenerbahce,2018-19,1610612754,IND,Indiana Pacers,80.0,https://cdn.nba.com/headshots/nba/latest/1040x760/202711.png,https://cdn.nba.com/logos/nba/1610612754/primary/L/logo.svg
202709,Cory Joseph,cory-joseph,6,G,6-3,193,"AUG 20, 1991",27.0,7,Texas,2018-19,1610612754,IND,Indiana Pacers,75.0,https://cdn.nba.com/headshots/nba/latest/1040x760/202709.png,https://cdn.nba.com/logos/nba/1610612754/primary/L/logo.svg
201954,Darren Collison,darren-collison,2,G,6-0,175,"AUG 23, 1987",31.0,9,UCLA,2018-19,1610612754,IND,Indiana Pacers,72.0,https://cdn.nba.com/headshots/nba/latest/1040x760/201954.png,https://cdn.nba.com/logos/nba/1610612754/primary/L/logo.svg
1628432,Davon Reed,davon-reed,32,G,6-5,208,"JUN 11, 1995",24.0,1,Miami,2018-19,1610612754,IND,Indiana Pacers,77.0,https://cdn.nba.com/headshots/nba/latest/1040x760/1628432.png,https://cdn.nba.com/logos/nba/1610612754/primary/L/logo.svg
1627734,Domantas Sabonis,domantas-sabonis,11,F,6-11,240,"MAY 03, 1996",23.0,2,Gonzaga,2018-19,1610612754,IND,Indiana Pacers,83.0,https://cdn.nba.com/headshots/nba/latest/1040x760/1627734.png,https://cdn.nba.com/logos/nba/1610612754/primary/L/logo.svg
203926,Doug McDermott,doug-mcdermott,20,F,6-8,225,"JAN 03, 1992",27.0,4,Creighton,2018-19,1610612754,IND,Indiana Pacers,80.0,https://cdn.nba.com/headshots/nba/latest/1040x760/203926.png,https://cdn.nba.com/logos/nba/1610612754/primary/L/logo.svg
1628410,Edmond Sumner,edmond-sumner,5,G,6-6,176,"DEC 31, 1995",23.0,1,Xavier,2018-19,1610612754,IND,Indiana Pacers,78.0,https://cdn.nba.com/headshots/nba/latest/1040x760/1628410.png,https://cdn.nba.com/logos/nba/1610612754/primary/L/logo.svg
203124,Kyle O'Quinn,kyle-oquinn,10,C,6-10,250,"MAR 26, 1990",29.0,6,Norfolk State,2018-19,1610612754,IND,Indiana Pacers,82.0,https://cdn.nba.com/headshots/nba/latest/1040x760/203124.png,https://cdn.nba.com/logos/nba/1610612754/primary/L/logo.svg
1626167,Myles Turner,myles-turner,33,C-F,6-11,250,"MAR 24, 1996",23.0,3,Texas,2018-19,1610612754,IND,Indiana Pacers,83.0,https://cdn.nba.com/headshots/nba/latest/1040x760/1626167.png,https://cdn.nba.com/logos/nba/1610612754/primary/L/logo.svg
1628388,T.J. Leaf,tj-leaf,22,F,6-10,225,"APR 30, 1997",22.0,1,UCLA,2018-19,1610612754,IND,Indiana Pacers,82.0,https://cdn.nba.com/headshots/nba/latest/1040x760/1628388.png,https://cdn.nba.com/logos/nba/1610612754/primary/L/logo.svg
201152,Thaddeus Young,thaddeus-young,21,F,6-8,221,"JUN 21, 1988",31.0,11,Georgia Tech,2018-19,1610612754,IND,Indiana Pacers,80.0,https://cdn.nba.com/headshots/nba/latest/1040x760/201152.png,https://cdn.nba.com/logos/nba/1610612754/primary/L/logo.svg
203506,Victor Oladipo,victor-oladipo,4,G,6-4,210,"MAY 04, 1992",27.0,5,Indiana,2018-19,1610612754,IND,Indiana Pacers,76.0,https://cdn.nba.com/headshots/nba/latest/1040x760/203506.png,https://cdn.nba.com/logos/nba/1610612754/primary/L/logo.svg
202083,Wesley Matthews,wesley-matthews,23,G-F,6-5,220,"OCT 14, 1986",32.0,9,Marquette,2018-19,1610612754,IND,Indiana Pacers,77.0,https://cdn.nba.com/headshots/nba/latest/1040x760/202083.png,https://cdn.nba.com/logos/nba/1610612754/primary/L/logo.svg
1629116,Angel Delgado,angel-delgado,31,C,6-10,245,"NOV 20, 1994",24.0,R,Seton Hall,2018-19,1610612746,LAC,Los Angeles Clippers,82.0,https://cdn.nba.com/headshots/nba/latest/1040x760/1629116.png,https://cdn.nba.com/logos/nba/1610612746/primary/L/logo.svg
201568,Danilo Gallinari,danilo-gallinari,8,F,6-10,225,"AUG 08, 1988",30.0,9,Olimpia Milano,2018-19,1610612746,LAC,Los Angeles Clippers,82.0,https://cdn.nba.com/headshots/nba/latest/1040x760/201568.png,https://cdn.nba.com/logos/nba/1610612746/primary/L/logo.svg
202066,Garrett Temple,garrett-temple,17,G-F,6-6,195,"MAY 08, 1986",33.0,8,Louisiana State,2018-19,1610612746,LAC,Los Angeles Clippers,78.0,https://cdn.nba.com/headshots/nba/latest/1040x760/202066.png,https://cdn.nba.com/logos/nba/1610612746/primary/L/logo.svg
1627826,Ivica Zubac,ivica-zubac,40,C,7-1,240,"MAR 18, 1997",22.0,2,Mega Basket,2018-19,1610612746,LAC,Los Angeles Clippers,85.0,https://cdn.nba.com/headshots/nba/latest/1040x760/1627826.png,https://cdn.nba.com/logos/nba/1610612746/primary/L/logo.svg
203210,JaMychal Green,jamychal-green,4,F,6-9,227,"JUN 21, 1990",29.0,4,Alabama,2018-19,1610612746,LAC,Los Angeles Clippers,81.0,https://cdn.nba.com/headshots/nba/latest/1040x760/203210.png,https://cdn.nba.com/logos/nba/1610612746/primary/L/logo.svg
1629010,Jerome Robinson,jerome-robinson,10,G,6-5,190,"FEB 22, 1997",22.0,R,Boston College,2018-19,1610612746,LAC,Los Angeles Clippers,77.0,https://cdn.nba.com/headshots/nba/latest/1040x760/1629010.png,https://cdn.nba.com/logos/nba/1610612746/primary/L/logo.svg
1628405,Johnathan Motley,johnathan-motley,15,F,6-10,230,"MAY 04, 1995",24.0,1,Baylor,2018-19,1610612746,LAC,Los Angeles Clippers,82.0,https://cdn.nba.com/headshots/nba/latest/1040x760/1628405.png,https://cdn.nba.com/logos/nba/1610612746/primary/L/logo.svg
1629013,Landry Shamet,landry-shamet,20,G,6-5,188,"MAR 13, 1997",22.0,R,Wichita State,2018-19,1610612746,LAC,Los Angeles Clippers,77.0,https://cdn.nba.com/headshots/nba/latest/1040x760/1629013.png,https://cdn.nba.com/logos/nba/1610612746/primary/L/logo.svg
101150,Lou Williams,lou-williams,23,G,6-1,175,"OCT 27, 1986",32.0,13,South Gwinnett HS (GA),2018-19,1610612746,LAC,Los Angeles Clippers,73.0,https://cdn.nba.com/headshots/nba/latest/1040x760/101150.png,https://cdn.nba.com/logos/nba/1610612746/primary/L/logo.svg
1626149,Montrezl Harrell,montrezl-harrell,5,F-C,6-8,240,"JAN 26, 1994",25.0,3,Louisville,2018-19,1610612746,LAC,Los Angeles Clippers,80.0,https://cdn.nba.com/headshots/nba/latest/1040x760/1626149.png,https://cdn.nba.com/logos/nba/1610612746/primary/L/logo.svg
201976,Patrick Beverley,patrick-beverley,21,G,6-1,185,"JUL 12, 1988",30.0,6,Arkansas,2018-19,1610612746,LAC,Los Angeles Clippers,73.0,https://cdn.nba.com/headshots/nba/latest/1040x760/201976.png,https://cdn.nba.com/logos/nba/1610612746/primary/L/logo.svg
203585,Rodney McGruder,rodney-mcgruder,19,F-G,6-4,200,"JUL 29, 1991",27.0,2,Kansas State,2018-19,1610612746,LAC,Los Angeles Clippers,76.0,https://cdn.nba.com/headshots/nba/latest/1040x760/203585.png,https://cdn.nba.com/logos/nba/1610612746/primary/L/logo.svg
1628983,Shai Gilgeous-Alexander,shai-gilgeous-alexander,2,G,6-6,181,"JUL 12, 1998",20.0,R,Kentucky,2018-19,1610612746,LAC,Los Angeles Clippers,78.0,https://cdn.nba.com/headshots/nba/latest/1040x760/1628983.png,https://cdn.nba.com/logos/nba/1610612746/primary/L/logo.svg
1628414,Sindarius Thornwell,sindarius-thornwell,0,G,6-5,215,"NOV 15, 1994",24.0,1,South Carolina,2018-19,1610612746,LAC,Los Angeles Clippers,77.0,https://cdn.nba.com/headshots/nba/latest/1040x760/1628414.png,https://cdn.nba.com/logos/nba/1610612746/primary/L/logo.svg
1627820,Tyrone Wallace,tyrone-wallace,9,G,6-5,198,"JUN 10, 1994",25.0,1,California,2018-19,1610612746,LAC,Los Angeles Clippers,77.0,https://cdn.nba.com/headshots/nba/latest/1040x760/1627820.png,https://cdn.nba.com/logos/nba/1610612746/primary/L/logo.svg
201163,Wilson Chandler,wilson-chandler,22,F,6-9,225,"MAY 10, 1987",32.0,10,DePaul,2018-19,1610612746,LAC,Los Angeles Clippers,81.0,https://cdn.nba.com/headshots/nba/latest/1040x760/201163.png,https://cdn.nba.com/logos/nba/1610612746/primary/L/logo.svg
1627936,Alex Caruso,alex-caruso,4,G,6-5,186,"FEB 28, 1994",25.0,1,Texas A&M,2018-19,1610612747,LAL,Los Angeles Lakers,77.0,https://cdn.nba.com/headshots/nba/latest/1040x760/1627936.png,https://cdn.nba.com/logos/nba/1610612747/primary/L/logo.svg
1627742,Brandon Ingram,brandon-ingram,14,F,6-9,190,"SEP 02, 1997",21.0,2,Duke,2018-19,1610612747,LAL,Los Angeles Lakers,81.0,https://cdn.nba.com/headshots/nba/latest/1040x760/1627742.png,https://cdn.nba.com/logos/nba/1610612747/primary/L/logo.svg
1629067,Isaac Bonga,isaac-bonga,17,G,6-8,180,"NOV 08, 1999",19.0,R,Skyliners Frankfurt,2018-19,1610612747,LAL,Los Angeles Lakers,80.0,https://cdn.nba.com/headshots/nba/latest/1040x760/1629067.png,https://cdn.nba.com/logos/nba/1610612747/primary/L/logo.svg
201580,JaVale McGee,javale-mcgee,7,C,7-0,270,"JAN 19, 1988",31.0,10,Nevada,2018-19,1610612747,LAL,Los Angeles Lakers,84.0,https://cdn.nba.com/headshots/nba/latest/1040x760/201580.png,https://cdn.nba.com/logos/nba/1610612747/primary/L/logo.svg
1629203,Jemerrio Jones,jemerrio-jones,10,F,6-5,174,"APR 09, 1995",24.0,R,New Mexico State,2018-19,1610612747,LAL,Los Angeles Lakers,77.0,https://cdn.nba.com/headshots/nba/latest/1040x760/1629203.png,https://cdn.nba.com/logos/nba/1610612747/primary/L/logo.svg
1629140,Johnathan Williams,johnathan-williams,19,F,6-9,228,"MAY 22, 1995",24.0,R,Gonzaga,2018-19,1610612747,LAL,Los Angeles Lakers,81.0,https://cdn.nba.com/headshots/nba/latest/1040x760/1629140.png,https://cdn.nba.com/logos/nba/1610612747/primary/L/logo.svg
1628404,Josh Hart,josh-hart,3,G,6-5,215,"MAR 06, 1995",24.0,1,Villanova,2018-19,1610612747,LAL,Los Angeles Lakers,77.0,https://cdn.nba.com/headshots/nba/latest/1040x760/1628404.png,https://cdn.nba.com/logos/nba/1610612747/primary/L/logo.svg
203484,Kentavious Caldwell-Pope,kentavious-caldwell-pope,1,G,6-5,205,"FEB 18, 1993",26.0,5,Georgia,2018-19,1610612747,LAL,Los Angeles Lakers,77.0,https://cdn.nba.com/headshots/nba/latest/1040x760/203484.png,https://cdn.nba.com/logos/nba/1610612747/primary/L/logo.svg
1628398,Kyle Kuzma,kyle-kuzma,0,F,6-9,220,"JUL 24, 1995",23.0,1,Utah,2018-19,1610612747,LAL,Los Angeles Lakers,81.0,https://cdn.nba.com/headshots/nba/latest/1040x760/1628398.png,https://cdn.nba.com/logos/nba/1610612747/primary/L/logo.svg
202362,Lance Stephenson,lance-stephenson,6,G,6-6,230,"SEP 05, 1990",28.0,8,Cincinnati,2018-19,1610612747,LAL,Los Angeles Lakers,78.0,https://cdn.nba.com/headshots/nba/latest/1040x760/202362.png,https://cdn.nba.com/logos/nba/1610612747/primary/L/logo.svg
2544,LeBron James,lebron-james,23,F,6-8,250,"DEC 30, 1984",34.0,15,St. Vincent-St. Mary HS (OH),2018-19,1610612747,LAL,Los Angeles Lakers,80.0,https://cdn.nba.com/headshots/nba/latest/1040x760/2544.png,https://cdn.nba.com/logos/nba/1610612747/primary/L/logo.svg
1628366,Lonzo Ball,lonzo-ball,2,G,6-6,190,"OCT 27, 1997",21.0,1,UCLA,2018-19,1610612747,LAL,Los Angeles Lakers,78.0,https://cdn.nba.com/headshots/nba/latest/1040x760/1628366.png,https://cdn.nba.com/logos/nba/1610612747/primary/L/logo.svg
203488,Mike Muscala,mike-muscala,31,F-C,6-11,240,"JUL 01, 1991",27.0,5,Bucknell,2018-19,1610612747,LAL,Los Angeles Lakers,83.0,https://cdn.nba.com/headshots/nba/latest/1040x760/203488.png,https://cdn.nba.com/logos/nba/1610612747/primary/L/logo.svg
1629021,Moritz Wagner,moritz-wagner,15,C,6-11,245,"APR 26, 1997",22.0,R,Michigan,2018-19,1610612747,LAL,Los Angeles Lakers,83.0,https://cdn.nba.com/headshots/nba/latest/1040x760/1629021.png,https://cdn.nba.com/logos/nba/1610612747/primary/L/logo.svg
200765,Rajon Rondo,rajon-rondo,9,G,6-1,186,"FEB 22, 1986",33.0,12,Kentucky,2018-19,1610612747,LAL,Los Angeles Lakers,73.0,https://cdn.nba.com/headshots/nba/latest/1040x760/200765.png,https://cdn.nba.com/logos/nba/1610612747/primary/L/logo.svg
203493,Reggie Bullock Jr.,reggie-bullock-jr,35,G-F,6-7,205,"MAR 16, 1991",28.0,5,North Carolina,2018-19,1610612747,LAL,Los Angeles Lakers,79.0,https://cdn.nba.com/headshots/nba/latest/1040x760/203493.png,https://cdn.nba.com/logos/nba/1610612747/primary/L/logo.svg
2199,Tyson Chandler,tyson-chandler,5,C,7-1,240,"OCT 02, 1982",36.0,17,Dominguez HS (CA),2018-19,1610612747,LAL,Los Angeles Lakers,85.0,https://cdn.nba.com/headshots/nba/latest/1040x760/2199.png,https://cdn.nba.com/logos/nba/1610612747/primary/L/logo.svg
202340,Avery Bradley,avery-bradley,0,G,6-2,180,"NOV 26, 1990",28.0,8,University of Texas at Austin,2018-19,1610612763,MEM,Memphis Grizzlies,74.0,https://cdn.nba.com/headshots/nba/latest/1040x760/202340.png,https://cdn.nba.com/logos/nba/1610612763/primary/L/logo.svg
203998,Bruno Caboclo,bruno-caboclo,5,F,6-9,218,"SEP 21, 1995",23.0,4,Pinheiros,2018-19,1610612763,MEM,Memphis Grizzlies,81.0,https://cdn.nba.com/headshots/nba/latest/1040x760/203998.png,https://cdn.nba.com/logos/nba/1610612763/primary/L/logo.svg
101139,CJ Miles,cj-miles,6,F-G,6-6,220,"MAR 18, 1987",32.0,13,Skyline HS (TX),2018-19,1610612763,MEM,Memphis Grizzlies,78.0,https://cdn.nba.com/headshots/nba/latest/1040x760/101139.png,https://cdn.nba.com/logos/nba/1610612763/primary/L/logo.svg
202718,Chandler Parsons,chandler-parsons,25,F,6-10,230,"OCT 25, 1988",30.0,7,Florida,2018-19,1610612763,MEM,Memphis Grizzlies,82.0,https://cdn.nba.com/headshots/nba/latest/1040x760/202718.png,https://cdn.nba.com/logos/nba/1610612763/primary/L/logo.svg
1626153,Delon Wright,delon-wright,2,G,6-5,183,"APR 26, 1992",27.0,3,Utah,2018-19,1610612763,MEM,Memphis Grizzlies,77.0,https://cdn.nba.com/headshots/nba/latest/1040x760/1626153.png,https://cdn.nba.com/logos/nba/1610612763/primary/L/logo.svg
1628415,Dillon Brooks,dillon-brooks,24,G-F,6-6,220,"JAN 22, 1996",23.0,1,Oregon,2018-19,1610612763,MEM,Memphis Grizzlies,78.0,https://cdn.nba.com/headshots/nba/latest/1040x760/1628415.png,https://cdn.nba.com/logos/nba/1610612763/primary/L/logo.svg
1628397,Ivan Rabb,ivan-rabb,10,F,6-10,220,"FEB 04, 1997",22.0,1,California,2018-19,1610612763,MEM,Memphis Grizzlies,82.0,https://cdn.nba.com/headshots/nba/latest/1040x760/1628397.png,https://cdn.nba.com/logos/nba/1610612763/primary/L/logo.svg
1628991,Jaren Jackson Jr.,jaren-jackson-jr,13,F-C,6-11,242,"SEP 15, 1999",19.0,R,Michigan State,2018-19,1610612763,MEM,Memphis Grizzlies,83.0,https://cdn.nba.com/headshots/nba/latest/1040x760/1628991.png,https://cdn.nba.com/logos/nba/1610612763/primary/L/logo.svg
1628975,Jevon Carter,jevon-carter,3,G,6-2,196,"SEP 14, 1995",23.0,R,West Virginia,2018-19,1610612763,MEM,Memphis Grizzlies,74.0,https://cdn.nba.com/headshots/nba/latest/1040x760/1628975.png,https://cdn.nba.com/logos/nba/1610612763/primary/L/logo.svg
201149,Joakim Noah,joakim-noah,55,C,6-11,230,"FEB 25, 1985",34.0,11,Florida,2018-19,1610612763,MEM,Memphis Grizzlies,83.0,https://cdn.nba.com/headshots/nba/latest/1040x760/201149.png,https://cdn.nba.com/logos/nba/1610612763/primary/L/logo.svg
202685,Jonas Valančiūnas,jonas-valančiūnas,17,C,7-0,265,"MAY 06, 1992",27.0,6,Lietuvos rytas Vilnius,2018-19,1610612763,MEM,Memphis Grizzlies,84.0,https://cdn.nba.com/headshots/nba/latest/1040x760/202685.png,https://cdn.nba.com/logos/nba/1610612763/primary/L/logo.svg
1627395,Julian Washburn,julian-washburn,4,F-G,6-8,209,"DEC 18, 1991",27.0,R,Texas-El Paso,2018-19,1610612763,MEM,Memphis Grizzlies,80.0,https://cdn.nba.com/headshots/nba/latest/1040x760/1627395.png,https://cdn.nba.com/logos/nba/1610612763/primary/L/logo.svg
203200,Justin Holiday,justin-holiday,7,F-G,6-6,181,"APR 05, 1989",30.0,5,Washington,2018-19,1610612763,MEM,Memphis Grizzlies,78.0,https://cdn.nba.com/headshots/nba/latest/1040x760/203200.png,https://cdn.nba.com/logos/nba/1610612763/primary/L/logo.svg
203937,Kyle Anderson,kyle-anderson,1,F,6-9,230,"SEP 20, 1993",25.0,4,UCLA,2018-19,1610612763,MEM,Memphis Grizzlies,81.0,https://cdn.nba.com/headshots/nba/latest/1040x760/203937.png,https://cdn.nba.com/logos/nba/1610612763/primary/L/logo.svg
201144,Mike Conley,mike-conley,11,G,6-1,175,"OCT 11, 1987",31.0,11,Ohio State,2018-19,1610612763,MEM,Memphis Grizzlies,73.0,https://cdn.nba.com/headshots/nba/latest/1040x760/201144.png,https://cdn.nba.com/logos/nba/1610612763/primary/L/logo.svg
1628416,Tyler Dorsey,tyler-dorsey,22,G,6-5,183,"FEB 18, 1996",23.0,1,Oregon,2018-19,1610612763,MEM,Memphis Grizzlies,77.0,https://cdn.nba.com/headshots/nba/latest/1040x760/1628416.png,https://cdn.nba.com/logos/nba/1610612763/primary/L/logo.svg
203092,Tyler Zeller,tyler-zeller,45,C,7-0,253,"JAN 17, 1990",29.0,6,North Carolina,2018-19,1610612763,MEM,Memphis Grizzlies,84.0,https://cdn.nba.com/headshots/nba/latest/1040x760/203092.png,https://cdn.nba.com/logos/nba/1610612763/primary/L/logo.svg
1629139,Yuta Watanabe,yuta-watanabe,12,G,6-9,205,"OCT 13, 1994",24.0,R,George Washington,2018-19,1610612763,MEM,Memphis Grizzlies,81.0,https://cdn.nba.com/headshots/nba/latest/1040x760/1629139.png,https://cdn.nba.com/logos/nba/1610612763/primary/L/logo.svg
1628389,Bam Adebayo,bam-adebayo,13,C-F,6-10,255,"JUL 18, 1997",21.0,1,Kentucky,2018-19,1610612748,MIA,Miami Heat,82.0,https://cdn.nba.com/headshots/nba/latest/1040x760/1628389.png,https://cdn.nba.com/logos/nba/1610612748/primary/L/logo.svg
1627884,Derrick Jones Jr.,derrick-jones-jr,5,F-G,6-7,200,"FEB 15, 1997",22.0,2,UNLV,2018-19,1610612748,MIA,Miami Heat,79.0,https://cdn.nba.com/headshots/nba/latest/1040x760/1627884.png,https://cdn.nba.com/logos/nba/1610612748/primary/L/logo.svg
203079,Dion Waiters,dion-waiters,11,G,6-4,215,"DEC 10, 1991",27.0,6,Syracuse,2018-19,1610612748,MIA,Miami Heat,76.0,https://cdn.nba.com/headshots/nba/latest/1040x760/203079.png,https://cdn.nba.com/logos/nba/1610612748/primary/L/logo.svg
1629130,Duncan Robinson,duncan-robinson,55,F,6-8,210,"APR 22, 1994",25.0,R,Michigan,2018-19,1610612748,MIA,Miami Heat,80.0,https://cdn.nba.com/headshots/nba/latest/1040x760/1629130.png,https://cdn.nba.com/logos/nba/1610612748/primary/L/logo.svg
2548,Dwyane Wade,dwyane-wade,3,G,6-4,220,"JAN 17, 1982",37.0,15,Marquette,2018-19,1610612748,MIA,Miami Heat,76.0,https://cdn.nba.com/headshots/nba/latest/1040x760/2548.png,https://cdn.nba.com/logos/nba/1610612748/primary/L/logo.svg
201609,Goran Dragic,goran-dragic,7,G,6-3,190,"MAY 06, 1986",33.0,10,Union Olimpija,2018-19,1610612748,MIA,Miami Heat,75.0,https://cdn.nba.com/headshots/nba/latest/1040x760/201609.png,https://cdn.nba.com/logos/nba/1610612748/primary/L/logo.svg
202355,Hassan Whiteside,hassan-whiteside,21,C,7-0,265,"JUN 13, 1989",30.0,6,Marshall,2018-19,1610612748,MIA,Miami Heat,84.0,https://cdn.nba.com/headshots/nba/latest/1040x760/202355.png,https://cdn.nba.com/logos/nba/1610612748/primary/L/logo.svg
201949,James Johnson,james-johnson,16,F,6-8,240,"FEB 20, 1987",32.0,9,Wake Forest,2018-19,1610612748,MIA,Miami Heat,80.0,https://cdn.nba.com/headshots/nba/latest/1040x760/201949.png,https://cdn.nba.com/logos/nba/1610612748/primary/L/logo.svg
1626196,Josh Richardson,josh-richardson,0,G-F,6-6,200,"SEP 15, 1993",25.0,3,Tennessee,2018-19,1610612748,MIA,Miami Heat,78.0,https://cdn.nba.com/headshots/nba/latest/1040x760/1626196.png,https://cdn.nba.com/logos/nba/1610612748/primary/L/logo.svg
1626159,Justise Winslow,justise-winslow,20,F-G,6-7,225,"MAR 26, 1996",23.0,3,Duke,2018-19,1610612748,MIA,Miami Heat,79.0,https://cdn.nba.com/headshots/nba/latest/1040x760/1626159.png,https://cdn.nba.com/logos/nba/1610612748/primary/L/logo.svg
203482,Kelly Olynyk,kelly-olynyk,9,F,7-0,240,"APR 19, 1991",28.0,5,Gonzaga,2018-19,1610612748,MIA,Miami Heat,84.0,https://cdn.nba.com/headshots/nba/latest/1040x760/203482.png,https://cdn.nba.com/logos/nba/1610612748/primary/L/logo.svg
1629134,Kendrick Nunn,kendrick-nunn,,G,6-3,184,"AUG 03, 1995",23.0,R,Oakland,2018-19,1610612748,MIA,Miami Heat,75.0,https://cdn.nba.com/headshots/nba/latest/1040x760/1629134.png,https://cdn.nba.com/logos/nba/1610612748/primary/L/logo.svg
201583,Ryan Anderson,ryan-anderson,31,F,6-10,240,"MAY 06, 1988",31.0,10,California,2018-19,1610612748,MIA,Miami Heat,82.0,https://cdn.nba.com/headshots/nba/latest/1040x760/201583.png,https://cdn.nba.com/logos/nba/1610612748/primary/L/logo.svg
2617,Udonis Haslem,udonis-haslem,40,F,6-8,235,"JUN 09, 1980",39.0,15,Florida,2018-19,1610612748,MIA,Miami Heat,80.0,https://cdn.nba.com/headshots/nba/latest/1040x760/2617.png,https://cdn.nba.com/logos/nba/1610612748/primary/L/logo.svg
1628999,Yante Maten,yante-maten,00,F,6-8,240,"AUG 14, 1996",22.0,R,Georgia,2018-19,1610612748,MIA,Miami Heat,80.0,https://cdn.nba.com/headshots/nba/latest/1040x760/1628999.png,https://cdn.nba.com/logos/nba/1610612748/primary/L/logo.svg
1629045,Bonzie Colson,bonzie-colson,50,F,6-6,225,"JAN 12, 1996",23.0,R,Notre Dame,2018-19,1610612749,MIL,Milwaukee Bucks,78.0,https://cdn.nba.com/headshots/nba/latest/1040x760/1629045.png,https://cdn.nba.com/logos/nba/1610612749/primary/L/logo.svg
201572,Brook Lopez,brook-lopez,11,C,7-0,270,"APR 01, 1988",31.0,10,Stanford,2018-19,1610612749,MIL,Milwaukee Bucks,84.0,https://cdn.nba.com/headshots/nba/latest/1040x760/201572.png,https://cdn.nba.com/logos/nba/1610612749/primary/L/logo.svg
1628391,D.J. Wilson,dj-wilson,5,F,6-10,231,"FEB 19, 1996",23.0,1,Michigan,2018-19,1610612749,MIL,Milwaukee Bucks,82.0,https://cdn.nba.com/headshots/nba/latest/1040x760/1628391.png,https://cdn.nba.com/logos/nba/1610612749/primary/L/logo.svg
1628978,Donte DiVincenzo,donte-divincenzo,9,G,6-4,203,"JAN 31, 1997",22.0,R,Villanova,2018-19,1610612749,MIL,Milwaukee Bucks,76.0,https://cdn.nba.com/headshots/nba/latest/1040x760/1628978.png,https://cdn.nba.com/logos/nba/1610612749/primary/L/logo.svg
202339,Eric Bledsoe,eric-bledsoe,6,G,6-1,205,"DEC 09, 1989",29.0,8,Kentucky,2018-19,1610612749,MIL,Milwaukee Bucks,73.0,https://cdn.nba.com/headshots/nba/latest/1040x760/202339.png,https://cdn.nba.com/logos/nba/1610612749/primary/L/logo.svg
101141,Ersan Ilyasova,ersan-ilyasova,77,F,6-10,235,"MAY 15, 1987",32.0,10,FC Barcelona,2018-19,1610612749,MIL,Milwaukee Bucks,82.0,https://cdn.nba.com/headshots/nba/latest/1040x760/101141.png,https://cdn.nba.com/logos/nba/1610612749/primary/L/logo.svg
201588,George Hill,george-hill,3,G,6-3,188,"MAY 04, 1986",33.0,10,Indiana-Purdue Indianapolis,2018-19,1610612749,MIL,Milwaukee Bucks,75.0,https://cdn.nba.com/headshots/nba/latest/1040x760/201588.png,https://cdn.nba.com/logos/nba/1610612749/primary/L/logo.svg
203507,Giannis Antetokounmpo,giannis-antetokounmpo,34,F,6-11,242,"DEC 06, 1994",24.0,5,Filathlitikos,2018-19,1610612749,MIL,Milwaukee Bucks,83.0,https://cdn.nba.com/headshots/nba/latest/1040x760/203507.png,https://cdn.nba.com/logos/nba/1610612749/primary/L/logo.svg
203114,Khris Middleton,khris-middleton,22,F,6-8,222,"AUG 12, 1991",27.0,6,Texas A&M,2018-19,1610612749,MIL,Milwaukee Bucks,80.0,https://cdn.nba.com/headshots/nba/latest/1040x760/203114.png,https://cdn.nba.com/logos/nba/1610612749/primary/L/logo.svg
1627763,Malcolm Brogdon,malcolm-brogdon,13,G,6-5,229,"DEC 11, 1992",26.0,2,Virginia,2018-19,1610612749,MIL,Milwaukee Bucks,77.0,https://cdn.nba.com/headshots/nba/latest/1040x760/1627763.png,https://cdn.nba.com/logos/nba/1610612749/primary/L/logo.svg
202703,Nikola Mirotic,nikola-mirotic,41,F,6-10,250,"FEB 11, 1991",28.0,4,Real Madrid,2018-19,1610612749,MIL,Milwaukee Bucks,82.0,https://cdn.nba.com/headshots/nba/latest/1040x760/202703.png,https://cdn.nba.com/logos/nba/1610612749/primary/L/logo.svg
1626192,Pat Connaughton,pat-connaughton,24,G,6-4,209,"JAN 06, 1993",26.0,3,Notre Dame,2018-19,1610612749,MIL,Milwaukee Bucks,76.0,https://cdn.nba.com/headshots/nba/latest/1040x760/1626192.png,https://cdn.nba.com/logos/nba/1610612749/primary/L/logo.svg
2200,Pau Gasol,pau-gasol,17,C-F,7-0,250,"JUL 06, 1980",38.0,17,FC Barcelona,2018-19,1610612749,MIL,Milwaukee Bucks,84.0,https://cdn.nba.com/headshots/nba/latest/1040x760/2200.png,https://cdn.nba.com/logos/nba/1610612749/primary/L/logo.svg
1628425,Sterling Brown,sterling-brown,23,G,6-6,232,"FEB 10, 1995",24.0,1,Southern Methodist,2018-19,1610612749,MIL,Milwaukee Bucks,78.0,https://cdn.nba.com/headshots/nba/latest/1040x760/1628425.png,https://cdn.nba.com/logos/nba/1610612749/primary/L/logo.svg
204025,Tim Frazier,tim-frazier,12,G,6-1,170,"NOV 01, 1990",28.0,4,Penn State,2018-19,1610612749,MIL,Milwaukee Bucks,73.0,https://cdn.nba.com/headshots/nba/latest/1040x760/204025.png,https://cdn.nba.com/logos/nba/1610612749/primary/L/logo.svg
203503,Tony Snell,tony-snell,21,G,6-7,213,"NOV 10, 1991",27.0,5,New Mexico,2018-19,1610612749,MIL,Milwaukee Bucks,79.0,https://cdn.nba.com/headshots/nba/latest/1040x760/203503.png,https://cdn.nba.com/logos/nba/1610612749/primary/L/logo.svg
203952,Andrew Wiggins,andrew-wiggins,22,F-G,6-8,194,"FEB 23, 1995",24.0,4,Kansas,2018-19,1610612750,MIN,Minnesota Timberwolves,80.0,https://cdn.nba.com/headshots/nba/latest/1040x760/203952.png,https://cdn.nba.com/logos/nba/1610612750/primary/L/logo.svg
201229,Anthony Tolliver,anthony-tolliver,43,F,6-8,250,"JUN 01, 1985",34.0,10,Creighton,2018-19,1610612750,MIN,Minnesota Timberwolves,80.0,https://cdn.nba.com/headshots/nba/latest/1040x760/201229.png,https://cdn.nba.com/logos/nba/1610612750/primary/L/logo.svg
203710,C.J. Williams,cj-williams,12,G,6-5,226,"FEB 06, 1990",29.0,1,North Carolina State,2018-19,1610612750,MIN,Minnesota Timberwolves,77.0,https://cdn.nba.com/headshots/nba/latest/1040x760/203710.png,https://cdn.nba.com/logos/nba/1610612750/primary/L/logo.svg
1629244,Cam Reynolds,cam-reynolds,13,G,6-8,225,"FEB 07, 1995",24.0,R,Tulane,2018-19,1610612750,MIN,Minnesota Timberwolves,80.0,https://cdn.nba.com/headshots/nba/latest/1040x760/1629244.png,https://cdn.nba.com/logos/nba/1610612750/primary/L/logo.svg
203967,Dario Šarić,dario-šarić,36,F,6-10,223,"APR 08, 1994",25.0,2,Anadolu Efes,2018-19,1610612750,MIN,Minnesota Timberwolves,82.0,https://cdn.nba.com/headshots/nba/latest/1040x760/203967.png,https://cdn.nba.com/logos/nba/1610612750/primary/L/logo.svg
201565,Derrick Rose,derrick-rose,25,G,6-3,200,"OCT 04, 1988",30.0,9,Memphis,2018-19,1610612750,MIN,Minnesota Timberwolves,75.0,https://cdn.nba.com/headshots/nba/latest/1040x760/201565.png,https://cdn.nba.com/logos/nba/1610612750/primary/L/logo.svg
203476,Gorgui Dieng,gorgui-dieng,5,C,6-11,252,"JAN 18, 1990",29.0,5,Louisville,2018-19,1610612750,MIN,Minnesota Timberwolves,83.0,https://cdn.nba.com/headshots/nba/latest/1040x760/203476.png,https://cdn.nba.com/logos/nba/1610612750/primary/L/logo.svg
1629123,Jared Terrell,jared-terrell,3,G,6-3,227,"FEB 10, 1995",24.0,R,Rhode Island,2018-19,1610612750,MIN,Minnesota Timberwolves,75.0,https://cdn.nba.com/headshots/nba/latest/1040x760/1629123.png,https://cdn.nba.com/logos/nba/1610612750/primary/L/logo.svg
201952,Jeff Teague,jeff-teague,0,G,6-2,195,"JUN 10, 1988",31.0,9,Wake Forest,2018-19,1610612750,MIN,Minnesota Timberwolves,74.0,https://cdn.nba.com/headshots/nba/latest/1040x760/201952.png,https://cdn.nba.com/logos/nba/1610612750/primary/L/logo.svg
201573,Jerryd Bayless,jerryd-bayless,8,G,6-3,200,"AUG 20, 1988",30.0,10,Arizona,2018-19,1610612750,MIN,Minnesota Timberwolves,75.0,https://cdn.nba.com/headshots/nba/latest/1040x760/201573.png,https://cdn.nba.com/logos/nba/1610612750/primary/L/logo.svg
1629006,Josh Okogie,josh-okogie,20,G,6-4,212,"SEP 01, 1998",20.0,R,Georgia Tech,2018-19,1610612750,MIN,Minnesota Timberwolves,76.0,https://cdn.nba.com/headshots/nba/latest/1040x760/1629006.png,https://cdn.nba.com/logos/nba/1610612750/primary/L/logo.svg
1626157,Karl-Anthony Towns,karl-anthony-towns,32,C,7-0,248,"NOV 15, 1995",23.0,3,Kentucky,2018-19,1610612750,MIN,Minnesota Timberwolves,84.0,https://cdn.nba.com/headshots/nba/latest/1040x760/1626157.png,https://cdn.nba.com/logos/nba/1610612750/primary/L/logo.svg
1628966,Keita Bates-Diop,keita-bates-diop,31,F,6-9,229,"JAN 23, 1996",23.0,R,Ohio State,2018-19,1610612750,MIN,Minnesota Timberwolves,81.0,https://cdn.nba.com/headshots/nba/latest/1040x760/1628966.png,https://cdn.nba.com/logos/nba/1610612750/primary/L/logo.svg
2736,Luol Deng,luol-deng,9,F,6-9,237,"APR 16, 1985",34.0,14,Duke,2018-19,1610612750,MIN,Minnesota Timberwolves,81.0,https://cdn.nba.com/headshots/nba/latest/1040x760/2736.png,https://cdn.nba.com/logos/nba/1610612750/primary/L/logo.svg
1628249,Mitchell Creek,mitchell-creek,55,F-G,6-6,225,"APR 27, 1992",27.0,R,Gottingen,2018-19,1610612750,MIN,Minnesota Timberwolves,78.0,https://cdn.nba.com/headshots/nba/latest/1040x760/1628249.png,https://cdn.nba.com/logos/nba/1610612750/primary/L/logo.svg
203496,Robert Covington,robert-covington,33,F,6-9,225,"DEC 14, 1990",28.0,5,Tennessee State,2018-19,1610612750,MIN,Minnesota Timberwolves,81.0,https://cdn.nba.com/headshots/nba/latest/1040x760/203496.png,https://cdn.nba.com/logos/nba/1610612750/primary/L/logo.svg
201959,Taj Gibson,taj-gibson,67,F,6-9,232,"JUN 24, 1985",34.0,9,Southern California,2018-19,1610612750,MIN,Minnesota Timberwolves,81.0,https://cdn.nba.com/headshots/nba/latest/1040x760/201959.png,https://cdn.nba.com/logos/nba/1610612750/primary/L/logo.svg
1626145,Tyus Jones,tyus-jones,1,G,6-2,196,"MAY 10, 1996",23.0,3,Duke,2018-19,1610612750,MIN,Minnesota Timberwolves,74.0,https://cdn.nba.com/headshots/nba/latest/1040x760/1626145.png,https://cdn.nba.com/logos/nba/1610612750/primary/L/logo.svg
203076,Anthony Davis,anthony-davis,23,F-C,6-10,253,"MAR 11, 1993",26.0,6,Kentucky,2018-19,1610612740,NOP,New Orleans Pelicans,82.0,https://cdn.nba.com/headshots/nba/latest/1040x760/203076.png,https://cdn.nba.com/logos/nba/1610612740/primary/L/logo.svg
1627767,Cheick Diallo,cheick-diallo,13,F,6-9,220,"SEP 13, 1996",22.0,2,Kansas,2018-19,1610612740,NOP,New Orleans Pelicans,81.0,https://cdn.nba.com/headshots/nba/latest/1040x760/1627767.png,https://cdn.nba.com/logos/nba/1610612740/primary/L/logo.svg
1626174,Christian Wood,christian-wood,35,F,6-10,214,"SEP 27, 1995",23.0,2,UNLV,2018-19,1610612740,NOP,New Orleans Pelicans,82.0,https://cdn.nba.com/headshots/nba/latest/1040x760/1626174.png,https://cdn.nba.com/logos/nba/1610612740/primary/L/logo.svg
1629541,Dairis Bertans,dairis-bertans,9,G,6-4,200,"SEP 09, 1989",29.0,R,Olimpia Milano,2018-19,1610612740,NOP,New Orleans Pelicans,76.0,https://cdn.nba.com/headshots/nba/latest/1040x760/1629541.png,https://cdn.nba.com/logos/nba/1610612740/primary/L/logo.svg
203121,Darius Miller,darius-miller,21,F,6-8,225,"MAR 21, 1990",29.0,4,Kentucky,2018-19,1610612740,NOP,New Orleans Pelicans,80.0,https://cdn.nba.com/headshots/nba/latest/1040x760/203121.png,https://cdn.nba.com/logos/nba/1610612740/primary/L/logo.svg
202734,E'Twaun Moore,etwaun-moore,55,G,6-4,191,"FEB 25, 1989",30.0,7,Purdue,2018-19,1610612740,NOP,New Orleans Pelicans,76.0,https://cdn.nba.com/headshots/nba/latest/1040x760/202734.png,https://cdn.nba.com/logos/nba/1610612740/primary/L/logo.svg
203901,Elfrid Payton,elfrid-payton,4,G,6-4,185,"FEB 22, 1994",25.0,4,Louisana-Lafayette,2018-19,1610612740,NOP,New Orleans Pelicans,76.0,https://cdn.nba.com/headshots/nba/latest/1040x760/203901.png,https://cdn.nba.com/logos/nba/1610612740/primary/L/logo.svg
1628402,Frank Jackson,frank-jackson,15,G,6-3,205,"MAY 04, 1998",21.0,R,Duke,2018-19,1610612740,NOP,New Orleans Pelicans,75.0,https://cdn.nba.com/headshots/nba/latest/1040x760/1628402.png,https://cdn.nba.com/logos/nba/1610612740/primary/L/logo.svg
203546,Ian Clark,ian-clark,2,G,6-3,175,"MAR 07, 1991",28.0,5,Belmont,2018-19,1610612740,NOP,New Orleans Pelicans,75.0,https://cdn.nba.com/headshots/nba/latest/1040x760/203546.png,https://cdn.nba.com/logos/nba/1610612740/primary/L/logo.svg
1626143,Jahlil Okafor,jahlil-okafor,8,C,6-11,275,"DEC 15, 1995",23.0,3,Duke,2018-19,1610612740,NOP,New Orleans Pelicans,83.0,https://cdn.nba.com/headshots/nba/latest/1040x760/1626143.png,https://cdn.nba.com/logos/nba/1610612740/primary/L/logo.svg
201950,Jrue Holiday,jrue-holiday,11,G,6-4,205,"JUN 12, 1990",29.0,9,UCLA,2018-19,1610612740,NOP,New Orleans Pelicans,76.0,https://cdn.nba.com/headshots/nba/latest/1040x760/201950.png,https://cdn.nba.com/logos/nba/1610612740/primary/L/logo.svg
203944,Julius Randle,julius-randle,30,C-F,6-9,250,"NOV 29, 1994",24.0,4,Kentucky,2018-19,1610612740,NOP,New Orleans Pelicans,81.0,https://cdn.nba.com/headshots/nba/latest/1040x760/203944.png,https://cdn.nba.com/logos/nba/1610612740/primary/L/logo.svg
1629026,Kenrich Williams,kenrich-williams,34,G-F,6-7,210,"DEC 02, 1994",24.0,R,TCU,2018-19,1610612740,NOP,New Orleans Pelicans,79.0,https://cdn.nba.com/headshots/nba/latest/1040x760/1629026.png,https://cdn.nba.com/logos/nba/1610612740/primary/L/logo.svg
203524,Solomon Hill,solomon-hill,44,F,6-7,225,"MAR 18, 1991",28.0,5,Arizona,2018-19,1610612740,NOP,New Orleans Pelicans,79.0,https://cdn.nba.com/headshots/nba/latest/1040x760/203524.png,https://cdn.nba.com/logos/nba/1610612740/primary/L/logo.svg
1626169,Stanley Johnson,stanley-johnson,3,F,6-7,245,"MAY 29, 1996",23.0,3,Arizona,2018-19,1610612740,NOP,New Orleans Pelicans,79.0,https://cdn.nba.com/headshots/nba/latest/1040x760/1626169.png,https://cdn.nba.com/logos/nba/1610612740/primary/L/logo.svg
1629129,Trevon Bluiett,trevon-bluiett,5,G-F,6-6,198,"NOV 04, 1994",24.0,R,Xavier,2018-19,1610612740,NOP,New Orleans Pelicans,78.0,https://cdn.nba.com/headshots/nba/latest/1040x760/1629129.png,https://cdn.nba.com/logos/nba/1610612740/primary/L/logo.svg
1629019,Allonzo Trier,allonzo-trier,14,G,6-5,200,"JAN 17, 1996",23.0,R,Arizona,2018-19,1610612752,NYK,New York Knicks,77.0,https://cdn.nba.com/headshots/nba/latest/1040x760/1629019.png,https://cdn.nba.com/logos/nba/1610612752/primary/L/logo.svg
1628656,Billy Garrett,billy-garrett,3,G-F,6-6,215,"OCT 16, 1994",24.0,R,DePaul,2018-19,1610612752,NYK,New York Knicks,78.0,https://cdn.nba.com/headshots/nba/latest/1040x760/1628656.png,https://cdn.nba.com/logos/nba/1610612752/primary/L/logo.svg
1628422,Damyean Dotson,damyean-dotson,21,G,6-6,210,"MAY 06, 1994",25.0,1,Houston,2018-19,1610612752,NYK,New York Knicks,78.0,https://cdn.nba.com/headshots/nba/latest/1040x760/1628422.png,https://cdn.nba.com/logos/nba/1610612752/primary/L/logo.svg
201599,DeAndre Jordan,deandre-jordan,6,C,6-11,265,"JUL 21, 1988",30.0,10,Texas A&M,2018-19,1610612752,NYK,New York Knicks,83.0,https://cdn.nba.com/headshots/nba/latest/1040x760/201599.png,https://cdn.nba.com/logos/nba/1610612752/primary/L/logo.svg
1628372,Dennis Smith Jr.,dennis-smith-jr,5,G,6-3,195,"NOV 25, 1997",21.0,1,North Carolina State,2018-19,1610612752,NYK,New York Knicks,75.0,https://cdn.nba.com/headshots/nba/latest/1040x760/1628372.png,https://cdn.nba.com/logos/nba/1610612752/primary/L/logo.svg
1626144,Emmanuel Mudiay,emmanuel-mudiay,1,G,6-5,200,"MAR 05, 1996",23.0,3,Guangdong,2018-19,1610612752,NYK,New York Knicks,77.0,https://cdn.nba.com/headshots/nba/latest/1040x760/1626144.png,https://cdn.nba.com/logos/nba/1610612752/primary/L/logo.svg
1628373,Frank Ntilikina,frank-ntilikina,11,G,6-6,200,"JUL 28, 1998",20.0,1,Strasbourg IG,2018-19,1610612752,NYK,New York Knicks,78.0,https://cdn.nba.com/headshots/nba/latest/1040x760/1628373.png,https://cdn.nba.com/logos/nba/1610612752/primary/L/logo.svg
1627740,Henry Ellenson,henry-ellenson,13,F,6-11,245,"JAN 13, 1997",22.0,2,Marquette,2018-19,1610612752,NYK,New York Knicks,83.0,https://cdn.nba.com/headshots/nba/latest/1040x760/1627740.png,https://cdn.nba.com/logos/nba/1610612752/primary/L/logo.svg
1628439,Isaiah Hicks,isaiah-hicks,4,F,6-9,230,"JUL 24, 1994",24.0,1,North Carolina,2018-19,1610612752,NYK,New York Knicks,81.0,https://cdn.nba.com/headshots/nba/latest/1040x760/1628439.png,https://cdn.nba.com/logos/nba/1610612752/primary/L/logo.svg
203098,John Jenkins,john-jenkins,30,G,6-4,215,"MAR 06, 1991",28.0,5,Vanderbilt,2018-19,1610612752,NYK,New York Knicks,76.0,https://cdn.nba.com/headshots/nba/latest/1040x760/203098.png,https://cdn.nba.com/logos/nba/1610612752/primary/L/logo.svg
1628443,Kadeem Allen,kadeem-allen,0,G,6-3,200,"JAN 15, 1993",26.0,1,Arizona,2018-19,1610612752,NYK,New York Knicks,75.0,https://cdn.nba.com/headshots/nba/latest/1040x760/1628443.png,https://cdn.nba.com/logos/nba/1610612752/primary/L/logo.svg
1628995,Kevin Knox II,kevin-knox-ii,20,F,6-9,215,"AUG 11, 1999",19.0,R,Kentucky,2018-19,1610612752,NYK,New York Knicks,81.0,https://cdn.nba.com/headshots/nba/latest/1040x760/1628995.png,https://cdn.nba.com/logos/nba/1610612752/primary/L/logo.svg
202498,Lance Thomas,lance-thomas,42,F,6-8,240,"APR 24, 1988",31.0,7,Duke,2018-19,1610612752,NYK,New York Knicks,80.0,https://cdn.nba.com/headshots/nba/latest/1040x760/202498.png,https://cdn.nba.com/logos/nba/1610612752/primary/L/logo.svg
1628436,Luke Kornet,luke-kornet,2,F-C,7-1,250,"JUL 15, 1995",23.0,1,Vanderbilt,2018-19,1610612752,NYK,New York Knicks,85.0,https://cdn.nba.com/headshots/nba/latest/1040x760/1628436.png,https://cdn.nba.com/logos/nba/1610612752/primary/L/logo.svg
1626209,Mario Hezonja,mario-hezonja,8,F,6-8,225,"FEB 25, 1995",24.0,3,FC Barcelona,2018-19,1610612752,NYK,New York Knicks,80.0,https://cdn.nba.com/headshots/nba/latest/1040x760/1626209.png,https://cdn.nba.com/logos/nba/1610612752/primary/L/logo.svg
1629011,Mitchell Robinson,mitchell-robinson,26,C,7-1,240,"APR 01, 1998",21.0,R,Western Kentucky,2018-19,1610612752,NYK,New York Knicks,85.0,https://cdn.nba.com/headshots/nba/latest/1040x760/1629011.png,https://cdn.nba.com/logos/nba/1610612752/primary/L/logo.svg
203943,Noah Vonleh,noah-vonleh,32,F,6-9,250,"AUG 24, 1995",23.0,4,Indiana,2018-19,1610612752,NYK,New York Knicks,81.0,https://cdn.nba.com/headshots/nba/latest/1040x760/203943.png,https://cdn.nba.com/logos/nba/1610612752/primary/L/logo.svg
1627846,Abdel Nader,abdel-nader,11,F,6-6,225,"SEP 25, 1993",25.0,1,Iowa State,2018-19,1610612760,OKC,Oklahoma City Thunder,78.0,https://cdn.nba.com/headshots/nba/latest/1040x760/1627846.png,https://cdn.nba.com/logos/nba/1610612760/primary/L/logo.svg
203460,Andre Roberson,andre-roberson,21,G-F,6-7,210,"DEC 04, 1991",27.0,5,Colorado,2018-19,1610612760,OKC,Oklahoma City Thunder,79.0,https://cdn.nba.com/headshots/nba/latest/1040x760/203460.png,https://cdn.nba.com/logos/nba/1610612760/primary/L/logo.svg
203471,Dennis Schröder,dennis-schröder,17,G,6-1,172,"SEP 15, 1993",25.0,5,Braunschweig,2018-19,1610612760,OKC,Oklahoma City Thunder,73.0,https://cdn.nba.com/headshots/nba/latest/1040x760/203471.png,https://cdn.nba.com/logos/nba/1610612760/primary/L/logo.svg
1629126,Deonte Burton,deonte-burton,30,G,6-5,245,"JAN 31, 1994",25.0,R,Iowa State,2018-19,1610612760,OKC,Oklahoma City Thunder,77.0,https://cdn.nba.com/headshots/nba/latest/1040x760/1629126.png,https://cdn.nba.com/logos/nba/1610612760/primary/L/logo.svg
1629055,Donte Grantham,donte-grantham,15,F,6-8,215,"MAR 19, 1995",24.0,R,Clemson,2018-19,1610612760,OKC,Oklahoma City Thunder,80.0,https://cdn.nba.com/headshots/nba/latest/1040x760/1629055.png,https://cdn.nba.com/logos/nba/1610612760/primary/L/logo.svg
1628977,Hamidou Diallo,hamidou-diallo,6,G,6-5,198,"JUL 31, 1998",20.0,R,Kentucky,2018-19,1610612760,OKC,Oklahoma City Thunder,77.0,https://cdn.nba.com/headshots/nba/latest/1040x760/1628977.png,https://cdn.nba.com/logos/nba/1610612760/primary/L/logo.svg
1628393,Jawun Evans,jawun-evans,8,G,6-0,190,"JUL 26, 1996",22.0,1,Oklahoma State,2018-19,1610612760,OKC,Oklahoma City Thunder,72.0,https://cdn.nba.com/headshots/nba/latest/1040x760/1628393.png,https://cdn.nba.com/logos/nba/1610612760/primary/L/logo.svg
203924,Jerami Grant,jerami-grant,9,F,6-9,220,"MAR 12, 1994",25.0,4,Syracuse,2018-19,1610612760,OKC,Oklahoma City Thunder,81.0,https://cdn.nba.com/headshots/nba/latest/1040x760/203924.png,https://cdn.nba.com/logos/nba/1610612760/primary/L/logo.svg
202693,Markieff Morris,markieff-morris,5,F,6-10,245,"SEP 02, 1989",29.0,7,Kansas,2018-19,1610612760,OKC,Oklahoma City Thunder,82.0,https://cdn.nba.com/headshots/nba/latest/1040x760/202693.png,https://cdn.nba.com/logos/nba/1610612760/primary/L/logo.svg
203457,Nerlens Noel,nerlens-noel,3,F-C,6-11,220,"APR 10, 1994",25.0,4,Kentucky,2018-19,1610612760,OKC,Oklahoma City Thunder,83.0,https://cdn.nba.com/headshots/nba/latest/1040x760/203457.png,https://cdn.nba.com/logos/nba/1610612760/primary/L/logo.svg
202335,Patrick Patterson,patrick-patterson,54,F,6-9,230,"MAR 14, 1989",30.0,8,Kentucky,2018-19,1610612760,OKC,Oklahoma City Thunder,81.0,https://cdn.nba.com/headshots/nba/latest/1040x760/202335.png,https://cdn.nba.com/logos/nba/1610612760/primary/L/logo.svg
202331,Paul George,paul-george,13,F,6-9,220,"MAY 02, 1990",29.0,8,Fresno State,2018-19,1610612760,OKC,Oklahoma City Thunder,81.0,https://cdn.nba.com/headshots/nba/latest/1040x760/202331.png,https://cdn.nba.com/logos/nba/1610612760/primary/L/logo.svg
101109,Raymond Felton,raymond-felton,2,G,6-1,205,"JUN 26, 1984",35.0,13,North Carolina,2018-19,1610612760,OKC,Oklahoma City Thunder,73.0,https://cdn.nba.com/headshots/nba/latest/1040x760/101109.png,https://cdn.nba.com/logos/nba/1610612760/primary/L/logo.svg
201566,Russell Westbrook,russell-westbrook,0,G,6-3,200,"NOV 12, 1988",30.0,10,UCLA,2018-19,1610612760,OKC,Oklahoma City Thunder,75.0,https://cdn.nba.com/headshots/nba/latest/1040x760/201566.png,https://cdn.nba.com/logos/nba/1610612760/primary/L/logo.svg
203500,Steven Adams,steven-adams,12,C,7-0,265,"JUL 20, 1993",25.0,5,Pittsburgh,2018-19,1610612760,OKC,Oklahoma City Thunder,84.0,https://cdn.nba.com/headshots/nba/latest/1040x760/203500.png,https://cdn.nba.com/logos/nba/1610612760/primary/L/logo.svg
1628390,Terrance Ferguson,terrance-ferguson,23,G,6-7,190,"MAY 17, 1998",21.0,1,Adelaide,2018-19,1610612760,OKC,Oklahoma City Thunder,79.0,https://cdn.nba.com/headshots/nba/latest/1040x760/1628390.png,https://cdn.nba.com/logos/nba/1610612760/primary/L/logo.svg
203932,Aaron Gordon,aaron-gordon,00,F,6-9,220,"SEP 16, 1995",23.0,4,Arizona,2018-19,1610612753,ORL,Orlando Magic,81.0,https://cdn.nba.com/headshots/nba/latest/1040x760/203932.png,https://cdn.nba.com/logos/nba/1610612753/primary/L/logo.svg
1628518,Amile Jefferson,amile-jefferson,11,F,6-9,222,"MAY 07, 1993",26.0,R,Duke,2018-19,1610612753,ORL,Orlando Magic,81.0,https://cdn.nba.com/headshots/nba/latest/1040x760/1628518.png,https://cdn.nba.com/logos/nba/1610612753/primary/L/logo.svg
201571,D.J. Augustin,dj-augustin,14,G,6-0,183,"NOV 10, 1987",31.0,10,Texas,2018-19,1610612753,ORL,Orlando Magic,72.0,https://cdn.nba.com/headshots/nba/latest/1040x760/201571.png,https://cdn.nba.com/logos/nba/1610612753/primary/L/logo.svg
203095,Evan Fournier,evan-fournier,10,G-F,6-7,205,"OCT 29, 1992",26.0,6,Poitiers Basket 86,2018-19,1610612753,ORL,Orlando Magic,79.0,https://cdn.nba.com/headshots/nba/latest/1040x760/203095.png,https://cdn.nba.com/logos/nba/1610612753/primary/L/logo.svg
1626185,Jarell Martin,jarell-martin,2,F,6-10,239,"MAY 24, 1994",25.0,3,Louisiana State,2018-19,1610612753,ORL,Orlando Magic,82.0,https://cdn.nba.com/headshots/nba/latest/1040x760/1626185.png,https://cdn.nba.com/logos/nba/1610612753/primary/L/logo.svg
1626170,Jerian Grant,jerian-grant,22,G,6-4,205,"OCT 09, 1992",26.0,3,Notre Dame,2018-19,1610612753,ORL,Orlando Magic,76.0,https://cdn.nba.com/headshots/nba/latest/1040x760/1626170.png,https://cdn.nba.com/logos/nba/1610612753/primary/L/logo.svg
1628371,Jonathan Isaac,jonathan-isaac,1,F,6-10,210,"OCT 03, 1997",21.0,1,Florida State,2018-19,1610612753,ORL,Orlando Magic,82.0,https://cdn.nba.com/headshots/nba/latest/1040x760/1628371.png,https://cdn.nba.com/logos/nba/1610612753/primary/L/logo.svg
203920,Khem Birch,khem-birch,24,C,6-9,233,"SEP 28, 1992",26.0,1,UNLV,2018-19,1610612753,ORL,Orlando Magic,81.0,https://cdn.nba.com/headshots/nba/latest/1040x760/203920.png,https://cdn.nba.com/logos/nba/1610612753/primary/L/logo.svg
1628365,Markelle Fultz,markelle-fultz,20,G,6-4,200,"MAY 29, 1998",21.0,1,Washington,2018-19,1610612753,ORL,Orlando Magic,76.0,https://cdn.nba.com/headshots/nba/latest/1040x760/1628365.png,https://cdn.nba.com/logos/nba/1610612753/primary/L/logo.svg
1628982,Melvin Frazier Jr.,melvin-frazier-jr,35,G-F,6-6,200,"AUG 30, 1996",22.0,R,Tulane,2018-19,1610612753,ORL,Orlando Magic,78.0,https://cdn.nba.com/headshots/nba/latest/1040x760/1628982.png,https://cdn.nba.com/logos/nba/1610612753/primary/L/logo.svg
203487,Michael Carter-Williams,michael-carter-williams,7,G,6-6,190,"OCT 10, 1991",27.0,5,Syracuse,2018-19,1610612753,ORL,Orlando Magic,78.0,https://cdn.nba.com/headshots/nba/latest/1040x760/203487.png,https://cdn.nba.com/logos/nba/1610612753/primary/L/logo.svg
1628964,Mo Bamba,mo-bamba,5,C,7-0,221,"MAY 12, 1998",21.0,R,Texas,2018-19,1610612753,ORL,Orlando Magic,84.0,https://cdn.nba.com/headshots/nba/latest/1040x760/1628964.png,https://cdn.nba.com/logos/nba/1610612753/primary/L/logo.svg
202696,Nikola Vučević,nikola-vučević,9,C,7-0,260,"OCT 24, 1990",28.0,7,Southern California,2018-19,1610612753,ORL,Orlando Magic,84.0,https://cdn.nba.com/headshots/nba/latest/1040x760/202696.png,https://cdn.nba.com/logos/nba/1610612753/primary/L/logo.svg
203082,Terrence Ross,terrence-ross,31,G-F,6-7,206,"FEB 05, 1991",28.0,6,Washington,2018-19,1610612753,ORL,Orlando Magic,79.0,https://cdn.nba.com/headshots/nba/latest/1040x760/203082.png,https://cdn.nba.com/logos/nba/1610612753/primary/L/logo.svg
202389,Timofey Mozgov,timofey-mozgov,21,C,7-1,275,"JUL 16, 1986",32.0,8,Khimki,2018-19,1610612753,ORL,Orlando Magic,85.0,https://cdn.nba.com/headshots/nba/latest/1040x760/202389.png,https://cdn.nba.com/logos/nba/1610612753/primary/L/logo.svg
1628505,Troy Caupain,troy-caupain,3,G,6-4,210,"NOV 29, 1995",23.0,R,Cincinnati,2018-19,1610612753,ORL,Orlando Magic,76.0,https://cdn.nba.com/headshots/nba/latest/1040x760/1628505.png,https://cdn.nba.com/logos/nba/1610612753/primary/L/logo.svg
1628411,Wes Iwundu,wes-iwundu,25,F,6-7,195,"DEC 20, 1994",24.0,1,Kansas State,2018-19,1610612753,ORL,Orlando Magic,79.0,https://cdn.nba.com/headshots/nba/latest/1040x760/1628411.png,https://cdn.nba.com/logos/nba/1610612753/primary/L/logo.svg
101161,Amir Johnson,amir-johnson,5,C-F,6-9,240,"MAY 01, 1987",32.0,13,Westchester HS (CA),2018-19,1610612755,PHI,Philadelphia 76ers,81.0,https://cdn.nba.com/headshots/nba/latest/1040x760/101161.png,https://cdn.nba.com/logos/nba/1610612755/primary/L/logo.svg
1627732,Ben Simmons,ben-simmons,25,G-F,6-10,230,"JUL 20, 1996",22.0,1,Louisiana State,2018-19,1610612755,PHI,Philadelphia 76ers,82.0,https://cdn.nba.com/headshots/nba/latest/1040x760/1627732.png,https://cdn.nba.com/logos/nba/1610612755/primary/L/logo.svg
1626246,Boban Marjanovic,boban-marjanovic,51,C,7-3,290,"AUG 15, 1988",30.0,3,Crvena zvezda,2018-19,1610612755,PHI,Philadelphia 76ers,87.0,https://cdn.nba.com/headshots/nba/latest/1040x760/1626246.png,https://cdn.nba.com/logos/nba/1610612755/primary/L/logo.svg
1627788,Furkan Korkmaz,furkan-korkmaz,30,G-F,6-7,190,"JUL 24, 1997",21.0,1,Anadolu Efes,2018-19,1610612755,PHI,Philadelphia 76ers,79.0,https://cdn.nba.com/headshots/nba/latest/1040x760/1627788.png,https://cdn.nba.com/logos/nba/1610612755/primary/L/logo.svg
202328,Greg Monroe,greg-monroe,55,C,6-11,265,"JUN 04, 1990",29.0,8,Georgetown,2018-19,1610612755,PHI,Philadelphia 76ers,83.0,https://cdn.nba.com/headshots/nba/latest/1040x760/202328.png,https://cdn.nba.com/logos/nba/1610612755/primary/L/logo.svg
1629312,Haywood Highsmith,haywood-highsmith,7,F,6-7,220,"DEC 09, 1996",22.0,R,Wheeling Jesuit,2018-19,1610612755,PHI,Philadelphia 76ers,79.0,https://cdn.nba.com/headshots/nba/latest/1040x760/1629312.png,https://cdn.nba.com/logos/nba/1610612755/primary/L/logo.svg
200755,JJ Redick,jj-redick,17,G,6-4,200,"JUN 24, 1984",35.0,12,Duke,2018-19,1610612755,PHI,Philadelphia 76ers,76.0,https://cdn.nba.com/headshots/nba/latest/1040x760/200755.png,https://cdn.nba.com/logos/nba/1610612755/primary/L/logo.svg
203516,James Ennis III,james-ennis-iii,11,F,6-7,210,"JUL 01, 1990",28.0,4,Cal State-Long Beach,2018-19,1610612755,PHI,Philadelphia 76ers,79.0,https://cdn.nba.com/headshots/nba/latest/1040x760/203516.png,https://cdn.nba.com/logos/nba/1610612755/primary/L/logo.svg
202710,Jimmy Butler III,jimmy-butler-iii,23,G-F,6-8,232,"SEP 14, 1989",29.0,7,Marquette,2018-19,1610612755,PHI,Philadelphia 76ers,80.0,https://cdn.nba.com/headshots/nba/latest/1040x760/202710.png,https://cdn.nba.com/logos/nba/1610612755/primary/L/logo.svg
203954,Joel Embiid,joel-embiid,21,F-C,7-0,250,"MAR 16, 1994",25.0,2,Kansas,2018-19,1610612755,PHI,Philadelphia 76ers,84.0,https://cdn.nba.com/headshots/nba/latest/1040x760/203954.png,https://cdn.nba.com/logos/nba/1610612755/primary/L/logo.svg
1628413,Jonah Bolden,jonah-bolden,43,F,6-10,220,"JAN 02, 1996",23.0,R,UCLA,2018-19,1610612755,PHI,Philadelphia 76ers,82.0,https://cdn.nba.com/headshots/nba/latest/1040x760/1628413.png,https://cdn.nba.com/logos/nba/1610612755/primary/L/logo.svg
203613,Jonathon Simmons,jonathon-simmons,14,F,6-6,195,"SEP 14, 1989",29.0,3,Houston,2018-19,1610612755,PHI,Philadelphia 76ers,78.0,https://cdn.nba.com/headshots/nba/latest/1040x760/203613.png,https://cdn.nba.com/logos/nba/1610612755/primary/L/logo.svg
203118,Mike Scott,mike-scott,1,F,6-8,237,"JUL 16, 1988",30.0,6,Virginia,2018-19,1610612755,PHI,Philadelphia 76ers,80.0,https://cdn.nba.com/headshots/nba/latest/1040x760/203118.png,https://cdn.nba.com/logos/nba/1610612755/primary/L/logo.svg
1629003,Shake Milton,shake-milton,18,G,6-6,207,"SEP 26, 1996",22.0,R,Southern Methodist,2018-19,1610612755,PHI,Philadelphia 76ers,78.0,https://cdn.nba.com/headshots/nba/latest/1040x760/1629003.png,https://cdn.nba.com/logos/nba/1610612755/primary/L/logo.svg
204456,T.J. McConnell,tj-mcconnell,12,G,6-2,190,"MAR 25, 1992",27.0,3,Arizona,2018-19,1610612755,PHI,Philadelphia 76ers,74.0,https://cdn.nba.com/headshots/nba/latest/1040x760/204456.png,https://cdn.nba.com/logos/nba/1610612755/primary/L/logo.svg
202699,Tobias Harris,tobias-harris,33,F,6-9,235,"JUL 15, 1992",26.0,7,Tennessee,2018-19,1610612755,PHI,Philadelphia 76ers,81.0,https://cdn.nba.com/headshots/nba/latest/1040x760/202699.png,https://cdn.nba.com/logos/nba/1610612755/primary/L/logo.svg
1629015,Zhaire Smith,zhaire-smith,8,G,6-4,199,"JUN 04, 1999",20.0,R,Texas Tech,2018-19,1610612755,PHI,Philadelphia 76ers,76.0,https://cdn.nba.com/headshots/nba/latest/1040x760/1629015.png,https://cdn.nba.com/logos/nba/1610612755/primary/L/logo.svg
1629001,De'Anthony Melton,deanthony-melton,14,G,6-4,200,"MAY 28, 1998",21.0,R,Southern California,2018-19,1610612756,PHX,Phoenix Suns,76.0,https://cdn.nba.com/headshots/nba/latest/1040x760/1629001.png,https://cdn.nba.com/logos/nba/1610612756/primary/L/logo.svg
1629028,Deandre Ayton,deandre-ayton,22,C,7-1,250,"JUL 23, 1998",20.0,R,Arizona,2018-19,1610612756,PHX,Phoenix Suns,85.0,https://cdn.nba.com/headshots/nba/latest/1040x760/1629028.png,https://cdn.nba.com/logos/nba/1610612756/primary/L/logo.svg
1626164,Devin Booker,devin-booker,1,G,6-6,210,"OCT 30, 1996",22.0,3,Kentucky,2018-19,1610612756,PHX,Phoenix Suns,78.0,https://cdn.nba.com/headshots/nba/latest/1040x760/1626164.png,https://cdn.nba.com/logos/nba/1610612756/primary/L/logo.svg
1627733,Dragan Bender,dragan-bender,35,F,7-1,225,"NOV 17, 1997",21.0,2,Maccabi Tel Aviv,2018-19,1610612756,PHX,Phoenix Suns,85.0,https://cdn.nba.com/headshots/nba/latest/1040x760/1627733.png,https://cdn.nba.com/logos/nba/1610612756/primary/L/logo.svg
1629059,Elie Okobo,elie-okobo,2,G,6-3,190,"OCT 23, 1997",21.0,R,Elan Bearnais,2018-19,1610612756,PHX,Phoenix Suns,75.0,https://cdn.nba.com/headshots/nba/latest/1040x760/1629059.png,https://cdn.nba.com/logos/nba/1610612756/primary/L/logo.svg
1628994,George King,george-king,8,F,6-6,220,"JAN 15, 1994",25.0,R,University of Colorado Boulder,2018-19,1610612756,PHX,Phoenix Suns,78.0,https://cdn.nba.com/headshots/nba/latest/1040x760/1628994.png,https://cdn.nba.com/logos/nba/1610612756/primary/L/logo.svg
2037,Jamal Crawford,jamal-crawford,11,G,6-5,185,"MAR 20, 1980",39.0,18,Michigan,2018-19,1610612756,PHX,Phoenix Suns,77.0,https://cdn.nba.com/headshots/nba/latest/1040x760/2037.png,https://cdn.nba.com/logos/nba/1610612756/primary/L/logo.svg
202690,Jimmer Fredette,jimmer-fredette,32,G,6-2,195,"FEB 25, 1989",30.0,5,Brigham Young,2018-19,1610612756,PHX,Phoenix Suns,74.0,https://cdn.nba.com/headshots/nba/latest/1040x760/202690.png,https://cdn.nba.com/logos/nba/1610612756/primary/L/logo.svg
1628367,Josh Jackson,josh-jackson,20,F,6-8,200,"FEB 10, 1997",22.0,1,Kansas,2018-19,1610612756,PHX,Phoenix Suns,80.0,https://cdn.nba.com/headshots/nba/latest/1040x760/1628367.png,https://cdn.nba.com/logos/nba/1610612756/primary/L/logo.svg
1626162,Kelly Oubre Jr.,kelly-oubre-jr,3,F,6-7,205,"DEC 09, 1995",23.0,3,Kansas,2018-19,1610612756,PHX,Phoenix Suns,79.0,https://cdn.nba.com/headshots/nba/latest/1040x760/1626162.png,https://cdn.nba.com/logos/nba/1610612756/primary/L/logo.svg
1628969,Mikal Bridges,mikal-bridges,25,F,6-7,210,"AUG 30, 1996",22.0,R,Villanova,2018-19,1610612756,PHX,Phoenix Suns,79.0,https://cdn.nba.com/headshots/nba/latest/1040x760/1628969.png,https://cdn.nba.com/logos/nba/1610612756/primary/L/logo.svg
1629034,Ray Spalding,ray-spalding,26,F,6-10,215,"MAR 11, 1997",22.0,R,Louisville,2018-19,1610612756,PHX,Phoenix Suns,82.0,https://cdn.nba.com/headshots/nba/latest/1040x760/1629034.png,https://cdn.nba.com/logos/nba/1610612756/primary/L/logo.svg
1626158,Richaun Holmes,richaun-holmes,21,F-C,6-10,235,"OCT 15, 1993",25.0,3,Bowling Green,2018-19,1610612756,PHX,Phoenix Suns,82.0,https://cdn.nba.com/headshots/nba/latest/1040x760/1626158.png,https://cdn.nba.com/logos/nba/1610612756/primary/L/logo.svg
203933,T.J. Warren,tj-warren,12,F,6-8,215,"SEP 05, 1993",25.0,4,North Carolina State,2018-19,1610612756,PHX,Phoenix Suns,80.0,https://cdn.nba.com/headshots/nba/latest/1040x760/203933.png,https://cdn.nba.com/logos/nba/1610612756/primary/L/logo.svg
203584,Troy Daniels,troy-daniels,30,G,6-4,205,"JUL 15, 1991",27.0,5,Va Commonwealth,2018-19,1610612756,PHX,Phoenix Suns,76.0,https://cdn.nba.com/headshots/nba/latest/1040x760/203584.png,https://cdn.nba.com/logos/nba/1610612756/primary/L/logo.svg
204020,Tyler Johnson,tyler-johnson,16,G,6-4,190,"MAY 07, 1992",27.0,4,Fresno State,2018-19,1610612756,PHX,Phoenix Suns,76.0,https://cdn.nba.com/headshots/nba/latest/1040x760/204020.png,https://cdn.nba.com/logos/nba/1610612756/primary/L/logo.svg
202329,Al-Farouq Aminu,al-farouq-aminu,8,F,6-9,220,"SEP 21, 1990",28.0,8,Wake Forest,2018-19,1610612757,POR,Portland Trail Blazers,81.0,https://cdn.nba.com/headshots/nba/latest/1040x760/202329.png,https://cdn.nba.com/logos/nba/1610612757/primary/L/logo.svg
1629014,Anfernee Simons,anfernee-simons,24,G,6-4,185,"JUN 08, 1999",20.0,R,Edgewater HS (FL),2018-19,1610612757,POR,Portland Trail Blazers,76.0,https://cdn.nba.com/headshots/nba/latest/1040x760/1629014.png,https://cdn.nba.com/logos/nba/1610612757/primary/L/logo.svg
203468,CJ McCollum,cj-mccollum,3,G,6-3,190,"SEP 19, 1991",27.0,5,Lehigh,2018-19,1610612757,POR,Portland Trail Blazers,75.0,https://cdn.nba.com/headshots/nba/latest/1040x760/203468.png,https://cdn.nba.com/logos/nba/1610612757/primary/L/logo.svg
203081,Damian Lillard,damian-lillard,0,G,6-3,195,"JUL 15, 1990",28.0,6,Weber State,2018-19,1610612757,POR,Portland Trail Blazers,75.0,https://cdn.nba.com/headshots/nba/latest/1040x760/203081.png,https://cdn.nba.com/logos/nba/1610612757/primary/L/logo.svg
202683,Enes Freedom,enes-freedom,00,C,6-11,250,"MAY 20, 1992",27.0,7,Fenerbahce,2018-19,1610612757,POR,Portland Trail Blazers,83.0,https://cdn.nba.com/headshots/nba/latest/1040x760/202683.png,https://cdn.nba.com/logos/nba/1610612757/primary/L/logo.svg
202323,Evan Turner,evan-turner,1,G-F,6-7,220,"OCT 27, 1988",30.0,8,Ohio State,2018-19,1610612757,POR,Portland Trail Blazers,79.0,https://cdn.nba.com/headshots/nba/latest/1040x760/202323.png,https://cdn.nba.com/logos/nba/1610612757/primary/L/logo.svg
1629018,Gary Trent Jr.,gary-trent-jr,9,G,6-6,205,"JAN 18, 1999",20.0,R,Duke,2018-19,1610612757,POR,Portland Trail Blazers,78.0,https://cdn.nba.com/headshots/nba/latest/1040x760/1629018.png,https://cdn.nba.com/logos/nba/1610612757/primary/L/logo.svg
1627774,Jake Layman,jake-layman,10,F,6-9,215,"MAR 07, 1994",25.0,2,Maryland,2018-19,1610612757,POR,Portland Trail Blazers,81.0,https://cdn.nba.com/headshots/nba/latest/1040x760/1627774.png,https://cdn.nba.com/logos/nba/1610612757/primary/L/logo.svg
203994,Jusuf Nurkić,jusuf-nurkić,27,C,7-0,275,"AUG 23, 1994",24.0,4,Cedevita,2018-19,1610612757,POR,Portland Trail Blazers,84.0,https://cdn.nba.com/headshots/nba/latest/1040x760/203994.png,https://cdn.nba.com/logos/nba/1610612757/primary/L/logo.svg
203090,Maurice Harkless,maurice-harkless,4,F,6-9,220,"MAY 11, 1993",26.0,6,"St. John's, N.Y.",2018-19,1610612757,POR,Portland Trail Blazers,81.0,https://cdn.nba.com/headshots/nba/latest/1040x760/203090.png,https://cdn.nba.com/logos/nba/1610612757/primary/L/logo.svg
203086,Meyers Leonard,meyers-leonard,11,F-C,7-1,255,"FEB 27, 1992",27.0,6,Illinois,2018-19,1610612757,POR,Portland Trail Blazers,85.0,https://cdn.nba.com/headshots/nba/latest/1040x760/203086.png,https://cdn.nba.com/logos/nba/1610612757/primary/L/logo.svg
203918,Rodney Hood,rodney-hood,5,G,6-8,206,"OCT 20, 1992",26.0,4,Duke,2018-19,1610612757,POR,Portland Trail Blazers,80.0,https://cdn.nba.com/headshots/nba/latest/1040x760/203918.png,https://cdn.nba.com/logos/nba/1610612757/primary/L/logo.svg
203552,Seth Curry,seth-curry,31,G,6-2,185,"AUG 23, 1990",28.0,5,Duke,2018-19,1610612757,POR,Portland Trail Blazers,74.0,https://cdn.nba.com/headshots/nba/latest/1040x760/203552.png,https://cdn.nba.com/logos/nba/1610612757/primary/L/logo.svg
1627746,Skal Labissiere,skal-labissiere,17,F,6-11,235,"MAR 18, 1996",23.0,2,Kentucky,2018-19,1610612757,POR,Portland Trail Blazers,83.0,https://cdn.nba.com/headshots/nba/latest/1040x760/1627746.png,https://cdn.nba.com/logos/nba/1610612757/primary/L/logo.svg
1628380,Zach Collins,zach-collins,33,F-C,7-0,235,"NOV 19, 1997",21.0,1,Gonzaga,2018-19,1610612757,POR,Portland Trail Blazers,84.0,https://cdn.nba.com/headshots/nba/latest/1040x760/1628380.png,https://cdn.nba.com/logos/nba/1610612757/primary/L/logo.svg
202692,Alec Burks,alec-burks,13,G,6-6,214,"JUL 20, 1991",27.0,7,Colorado,2018-19,1610612758,SAC,Sacramento Kings,78.0,https://cdn.nba.com/headshots/nba/latest/1040x760/202692.png,https://cdn.nba.com/logos/nba/1610612758/primary/L/logo.svg
1629168,BJ Johnson,bj-johnson,9,F,6-7,200,"DEC 21, 1995",23.0,R,La Salle,2018-19,1610612758,SAC,Sacramento Kings,79.0,https://cdn.nba.com/headshots/nba/latest/1040x760/1629168.png,https://cdn.nba.com/logos/nba/1610612758/primary/L/logo.svg
203992,Bogdan Bogdanović,bogdan-bogdanović,8,G,6-6,205,"AUG 18, 1992",26.0,1,Fenerbahce,2018-19,1610612758,SAC,Sacramento Kings,78.0,https://cdn.nba.com/headshots/nba/latest/1040x760/203992.png,https://cdn.nba.com/logos/nba/1610612758/primary/L/logo.svg
1627741,Buddy Hield,buddy-hield,24,G,6-4,214,"DEC 17, 1992",26.0,2,Oklahoma,2018-19,1610612758,SAC,Sacramento Kings,76.0,https://cdn.nba.com/headshots/nba/latest/1040x760/1627741.png,https://cdn.nba.com/logos/nba/1610612758/primary/L/logo.svg
1628403,Caleb Swanigan,caleb-swanigan,50,F,6-9,250,"APR 18, 1997",22.0,1,Purdue,2018-19,1610612758,SAC,Sacramento Kings,81.0,https://cdn.nba.com/headshots/nba/latest/1040x760/1628403.png,https://cdn.nba.com/logos/nba/1610612758/primary/L/logo.svg
201147,Corey Brewer,corey-brewer,33,G-F,6-9,186,"MAR 05, 1986",33.0,11,Florida,2018-19,1610612758,SAC,Sacramento Kings,81.0,https://cdn.nba.com/headshots/nba/latest/1040x760/201147.png,https://cdn.nba.com/logos/nba/1610612758/primary/L/logo.svg
1628368,De'Aaron Fox,deaaron-fox,5,G,6-3,175,"DEC 20, 1997",21.0,1,Kentucky,2018-19,1610612758,SAC,Sacramento Kings,75.0,https://cdn.nba.com/headshots/nba/latest/1040x760/1628368.png,https://cdn.nba.com/logos/nba/1610612758/primary/L/logo.svg
1628412,Frank Mason III,frank-mason-iii,10,G,5-11,190,"APR 03, 1994",25.0,1,Kansas,2018-19,1610612758,SAC,Sacramento Kings,71.0,https://cdn.nba.com/headshots/nba/latest/1040x760/1628412.png,https://cdn.nba.com/logos/nba/1610612758/primary/L/logo.svg
203084,Harrison Barnes,harrison-barnes,40,F,6-8,225,"MAY 30, 1992",27.0,6,North Carolina,2018-19,1610612758,SAC,Sacramento Kings,80.0,https://cdn.nba.com/headshots/nba/latest/1040x760/203084.png,https://cdn.nba.com/logos/nba/1610612758/primary/L/logo.svg
1628385,Harry Giles III,harry-giles-iii,20,F-C,6-10,240,"APR 22, 1998",21.0,R,Duke,2018-19,1610612758,SAC,Sacramento Kings,82.0,https://cdn.nba.com/headshots/nba/latest/1040x760/1628385.png,https://cdn.nba.com/logos/nba/1610612758/primary/L/logo.svg
201585,Kosta Koufos,kosta-koufos,41,C,7-0,245,"FEB 24, 1989",30.0,10,Ohio State,2018-19,1610612758,SAC,Sacramento Kings,84.0,https://cdn.nba.com/headshots/nba/latest/1040x760/201585.png,https://cdn.nba.com/logos/nba/1610612758/primary/L/logo.svg
1628963,Marvin Bagley III,marvin-bagley-iii,35,F,6-11,234,"MAR 14, 1999",20.0,R,Duke,2018-19,1610612758,SAC,Sacramento Kings,83.0,https://cdn.nba.com/headshots/nba/latest/1040x760/1628963.png,https://cdn.nba.com/logos/nba/1610612758/primary/L/logo.svg
202357,Nemanja Bjelica,nemanja-bjelica,88,F,6-10,234,"MAY 09, 1988",31.0,3,Fenerbahce,2018-19,1610612758,SAC,Sacramento Kings,82.0,https://cdn.nba.com/headshots/nba/latest/1040x760/202357.png,https://cdn.nba.com/logos/nba/1610612758/primary/L/logo.svg
1627786,Troy Williams,troy-williams,19,F,6-7,218,"DEC 30, 1994",24.0,2,Indiana,2018-19,1610612758,SAC,Sacramento Kings,79.0,https://cdn.nba.com/headshots/nba/latest/1040x760/1627786.png,https://cdn.nba.com/logos/nba/1610612758/primary/L/logo.svg
1629117,Wenyen Gabriel,wenyen-gabriel,32,F,6-9,205,"MAR 26, 1997",22.0,R,Kentucky,2018-19,1610612758,SAC,Sacramento Kings,81.0,https://cdn.nba.com/headshots/nba/latest/1040x760/1629117.png,https://cdn.nba.com/logos/nba/1610612758/primary/L/logo.svg
1626161,Willie Cauley-Stein,willie-cauley-stein,00,C,7-0,240,"AUG 18, 1993",25.0,3,Kentucky,2018-19,1610612758,SAC,Sacramento Kings,84.0,https://cdn.nba.com/headshots/nba/latest/1040x760/1626161.png,https://cdn.nba.com/logos/nba/1610612758/primary/L/logo.svg
1627812,Yogi Ferrell,yogi-ferrell,3,G,6-0,180,"MAY 09, 1993",26.0,2,Indiana,2018-19,1610612758,SAC,Sacramento Kings,72.0,https://cdn.nba.com/headshots/nba/latest/1040x760/1627812.png,https://cdn.nba.com/logos/nba/1610612758/primary/L/logo.svg
1628500,Ben Moore,ben-moore,26,F,6-8,220,"MAY 13, 1995",24.0,1,Southern Methodist,2018-19,1610612759,SAS,San Antonio Spurs,80.0,https://cdn.nba.com/headshots/nba/latest/1040x760/1628500.png,https://cdn.nba.com/logos/nba/1610612759/primary/L/logo.svg
1627854,Bryn Forbes,bryn-forbes,11,G,6-3,190,"JUL 23, 1993",25.0,2,Michigan State,2018-19,1610612759,SAS,San Antonio Spurs,75.0,https://cdn.nba.com/headshots/nba/latest/1040x760/1627854.png,https://cdn.nba.com/logos/nba/1610612759/primary/L/logo.svg
1629002,Chimezie Metu,chimezie-metu,7,F,6-10,225,"MAR 22, 1997",22.0,R,USC,2018-19,1610612759,SAS,San Antonio Spurs,82.0,https://cdn.nba.com/headshots/nba/latest/1040x760/1629002.png,https://cdn.nba.com/logos/nba/1610612759/primary/L/logo.svg
201967,Dante Cunningham,dante-cunningham,33,F,6-8,230,"APR 22, 1987",32.0,9,Villanova,2018-19,1610612759,SAS,San Antonio Spurs,80.0,https://cdn.nba.com/headshots/nba/latest/1040x760/201967.png,https://cdn.nba.com/logos/nba/1610612759/primary/L/logo.svg
202722,Davis Bertans,davis-bertans,42,F,6-10,225,"NOV 12, 1992",26.0,2,Baskonia,2018-19,1610612759,SAS,San Antonio Spurs,82.0,https://cdn.nba.com/headshots/nba/latest/1040x760/202722.png,https://cdn.nba.com/logos/nba/1610612759/primary/L/logo.svg
201942,DeMar DeRozan,demar-derozan,10,G,6-7,220,"AUG 07, 1989",29.0,9,Southern California,2018-19,1610612759,SAS,San Antonio Spurs,79.0,https://cdn.nba.com/headshots/nba/latest/1040x760/201942.png,https://cdn.nba.com/logos/nba/1610612759/primary/L/logo.svg
1627749,Dejounte Murray,dejounte-murray,5,G,6-5,170,"SEP 19, 1996",22.0,2,Washington,2018-19,1610612759,SAS,San Antonio Spurs,77.0,https://cdn.nba.com/headshots/nba/latest/1040x760/1627749.png,https://cdn.nba.com/logos/nba/1610612759/primary/L/logo.svg
1628401,Derrick White,derrick-white,4,G,6-4,190,"JUL 02, 1994",24.0,1,Colorado,2018-19,1610612759,SAS,San Antonio Spurs,76.0,https://cdn.nba.com/headshots/nba/latest/1040x760/1628401.png,https://cdn.nba.com/logos/nba/1610612759/primary/L/logo.svg
202700,Donatas Motiejunas,donatas-motiejunas,28,F-C,7-0,220,"SEP 20, 1990",28.0,5,Lithuania,2018-19,1610612759,SAS,San Antonio Spurs,84.0,https://cdn.nba.com/headshots/nba/latest/1040x760/202700.png,https://cdn.nba.com/logos/nba/1610612759/primary/L/logo.svg
1629234,Drew Eubanks,drew-eubanks,14,F,6-10,245,"FEB 01, 1997",22.0,R,Oregon State,2018-19,1610612759,SAS,San Antonio Spurs,82.0,https://cdn.nba.com/headshots/nba/latest/1040x760/1629234.png,https://cdn.nba.com/logos/nba/1610612759/primary/L/logo.svg
1627751,Jakob Poeltl,jakob-poeltl,25,C,7-0,230,"OCT 15, 1995",23.0,2,Utah,2018-19,1610612759,SAS,San Antonio Spurs,84.0,https://cdn.nba.com/headshots/nba/latest/1040x760/1627751.png,https://cdn.nba.com/logos/nba/1610612759/primary/L/logo.svg
200746,LaMarcus Aldridge,lamarcus-aldridge,12,C-F,6-11,260,"JUL 19, 1985",33.0,12,University of Texas at Austin,2018-19,1610612759,SAS,San Antonio Spurs,83.0,https://cdn.nba.com/headshots/nba/latest/1040x760/200746.png,https://cdn.nba.com/logos/nba/1610612759/primary/L/logo.svg
1629022,Lonnie Walker IV,lonnie-walker-iv,1,G,6-5,205,"DEC 14, 1998",20.0,R,Miami,2018-19,1610612759,SAS,San Antonio Spurs,77.0,https://cdn.nba.com/headshots/nba/latest/1040x760/1629022.png,https://cdn.nba.com/logos/nba/1610612759/primary/L/logo.svg
201158,Marco Belinelli,marco-belinelli,18,G-F,6-5,210,"MAR 25, 1986",33.0,11,Fortitudo Bologna,2018-19,1610612759,SAS,San Antonio Spurs,77.0,https://cdn.nba.com/headshots/nba/latest/1040x760/201158.png,https://cdn.nba.com/logos/nba/1610612759/primary/L/logo.svg
201988,Patty Mills,patty-mills,8,G,6-0,180,"AUG 11, 1988",30.0,9,St. Mary's,2018-19,1610612759,SAS,San Antonio Spurs,72.0,https://cdn.nba.com/headshots/nba/latest/1040x760/201988.png,https://cdn.nba.com/logos/nba/1610612759/primary/L/logo.svg
202347,Quincy Pondexter,quincy-pondexter,3,F,6-7,230,"MAR 10, 1988",31.0,6,Washington,2018-19,1610612759,SAS,San Antonio Spurs,79.0,https://cdn.nba.com/headshots/nba/latest/1040x760/202347.png,https://cdn.nba.com/logos/nba/1610612759/primary/L/logo.svg
200752,Rudy Gay,rudy-gay,22,F,6-8,230,"AUG 17, 1986",32.0,12,Connecticut,2018-19,1610612759,SAS,San Antonio Spurs,80.0,https://cdn.nba.com/headshots/nba/latest/1040x760/200752.png,https://cdn.nba.com/logos/nba/1610612759/primary/L/logo.svg
1628449,Chris Boucher,chris-boucher,25,F,6-10,200,"JAN 11, 1993",26.0,1,Oregon,2018-19,1610612761,TOR,Toronto Raptors,82.0,https://cdn.nba.com/headshots/nba/latest/1040x760/1628449.png,https://cdn.nba.com/logos/nba/1610612761/primary/L/logo.svg
201980,Danny Green,danny-green,14,G-F,6-6,215,"JUN 22, 1987",32.0,9,North Carolina,2018-19,1610612761,TOR,Toronto Raptors,78.0,https://cdn.nba.com/headshots/nba/latest/1040x760/201980.png,https://cdn.nba.com/logos/nba/1610612761/primary/L/logo.svg
203961,Eric Moreland,eric-moreland,15,F-C,6-10,238,"DEC 24, 1991",27.0,3,Oregon State,2018-19,1610612761,TOR,Toronto Raptors,82.0,https://cdn.nba.com/headshots/nba/latest/1040x760/203961.png,https://cdn.nba.com/logos/nba/1610612761/primary/L/logo.svg
1627832,Fred VanVleet,fred-vanvleet,23,G,6-0,195,"FEB 25, 1994",25.0,2,Wichita State,2018-19,1610612761,TOR,Toronto Raptors,72.0,https://cdn.nba.com/headshots/nba/latest/1040x760/1627832.png,https://cdn.nba.com/logos/nba/1610612761/primary/L/logo.svg
202391,Jeremy Lin,jeremy-lin,17,G,6-3,200,"AUG 23, 1988",30.0,8,Harvard,2018-19,1610612761,TOR,Toronto Raptors,75.0,https://cdn.nba.com/headshots/nba/latest/1040x760/202391.png,https://cdn.nba.com/logos/nba/1610612761/primary/L/logo.svg
201975,Jodie Meeks,jodie-meeks,20,G,6-4,210,"AUG 21, 1987",31.0,9,Kentucky,2018-19,1610612761,TOR,Toronto Raptors,76.0,https://cdn.nba.com/headshots/nba/latest/1040x760/201975.png,https://cdn.nba.com/logos/nba/1610612761/primary/L/logo.svg
1628070,Jordan Loyd,jordan-loyd,8,G,6-4,210,"JUL 27, 1993",25.0,R,Indianapolis,2018-19,1610612761,TOR,Toronto Raptors,76.0,https://cdn.nba.com/headshots/nba/latest/1040x760/1628070.png,https://cdn.nba.com/logos/nba/1610612761/primary/L/logo.svg
202695,Kawhi Leonard,kawhi-leonard,2,F,6-7,230,"JUN 29, 1991",28.0,7,San Diego State,2018-19,1610612761,TOR,Toronto Raptors,79.0,https://cdn.nba.com/headshots/nba/latest/1040x760/202695.png,https://cdn.nba.com/logos/nba/1610612761/primary/L/logo.svg
200768,Kyle Lowry,kyle-lowry,7,G,6-1,196,"MAR 25, 1986",33.0,12,Villanova,2018-19,1610612761,TOR,Toronto Raptors,73.0,https://cdn.nba.com/headshots/nba/latest/1040x760/200768.png,https://cdn.nba.com/logos/nba/1610612761/primary/L/logo.svg
1626259,Malcolm Miller,malcolm-miller,13,F,6-7,210,"MAR 06, 1993",26.0,1,Holy Cross,2018-19,1610612761,TOR,Toronto Raptors,79.0,https://cdn.nba.com/headshots/nba/latest/1040x760/1626259.png,https://cdn.nba.com/logos/nba/1610612761/primary/L/logo.svg
201188,Marc Gasol,marc-gasol,33,C,7-1,255,"JAN 29, 1985",34.0,10,FC Barcelona,2018-19,1610612761,TOR,Toronto Raptors,85.0,https://cdn.nba.com/headshots/nba/latest/1040x760/201188.png,https://cdn.nba.com/logos/nba/1610612761/primary/L/logo.svg
1626181,Norman Powell,norman-powell,24,F-G,6-4,215,"MAY 25, 1993",26.0,3,UCLA,2018-19,1610612761,TOR,Toronto Raptors,76.0,https://cdn.nba.com/headshots/nba/latest/1040x760/1626181.png,https://cdn.nba.com/logos/nba/1610612761/primary/L/logo.svg
1628384,OG Anunoby,og-anunoby,3,F,6-8,232,"JUL 17, 1997",21.0,1,Indiana,2018-19,1610612761,TOR,Toronto Raptors,80.0,https://cdn.nba.com/headshots/nba/latest/1040x760/1628384.png,https://cdn.nba.com/logos/nba/1610612761/primary/L/logo.svg
1627783,Pascal Siakam,pascal-siakam,43,F,6-9,230,"APR 02, 1994",25.0,2,New Mexico State,2018-19,1610612761,TOR,Toronto Raptors,81.0,https://cdn.nba.com/headshots/nba/latest/1040x760/1627783.png,https://cdn.nba.com/logos/nba/1610612761/primary/L/logo.svg
1627775,Patrick McCaw,patrick-mccaw,1,G,6-7,185,"OCT 25, 1995",23.0,2,UNLV,2018-19,1610612761,TOR,Toronto Raptors,79.0,https://cdn.nba.com/headshots/nba/latest/1040x760/1627775.png,https://cdn.nba.com/logos/nba/1610612761/primary/L/logo.svg
201586,Serge Ibaka,serge-ibaka,9,C-F,6-10,235,"SEP 18, 1989",29.0,9,Ricoh Manresa,2018-19,1610612761,TOR,Toronto Raptors,82.0,https://cdn.nba.com/headshots/nba/latest/1040x760/201586.png,https://cdn.nba.com/logos/nba/1610612761/primary/L/logo.svg
203957,Danté Exum,danté-exum,11,G,6-6,190,"JUL 13, 1995",23.0,4,Australian Institute of Sport,2018-19,1610612762,UTA,Utah Jazz,78.0,https://cdn.nba.com/headshots/nba/latest/1040x760/203957.png,https://cdn.nba.com/logos/nba/1610612762/primary/L/logo.svg
202324,Derrick Favors,derrick-favors,15,F-C,6-10,265,"JUL 15, 1991",27.0,8,Georgia Tech,2018-19,1610612762,UTA,Utah Jazz,82.0,https://cdn.nba.com/headshots/nba/latest/1040x760/202324.png,https://cdn.nba.com/logos/nba/1610612762/primary/L/logo.svg
1628378,Donovan Mitchell,donovan-mitchell,45,G,6-3,215,"SEP 07, 1996",22.0,1,Louisville,2018-19,1610612762,UTA,Utah Jazz,75.0,https://cdn.nba.com/headshots/nba/latest/1040x760/1628378.png,https://cdn.nba.com/logos/nba/1610612762/primary/L/logo.svg
202327,Ekpe Udoh,ekpe-udoh,33,C-F,6-10,245,"MAY 20, 1987",32.0,6,Baylor,2018-19,1610612762,UTA,Utah Jazz,82.0,https://cdn.nba.com/headshots/nba/latest/1040x760/202327.png,https://cdn.nba.com/logos/nba/1610612762/primary/L/logo.svg
1627777,Georges Niang,georges-niang,31,F,6-8,230,"JUN 17, 1993",26.0,2,Iowa State,2018-19,1610612762,UTA,Utah Jazz,80.0,https://cdn.nba.com/headshots/nba/latest/1040x760/1627777.png,https://cdn.nba.com/logos/nba/1610612762/primary/L/logo.svg
1628960,Grayson Allen,grayson-allen,24,G,6-5,198,"OCT 08, 1995",23.0,R,Duke,2018-19,1610612762,UTA,Utah Jazz,77.0,https://cdn.nba.com/headshots/nba/latest/1040x760/1628960.png,https://cdn.nba.com/logos/nba/1610612762/primary/L/logo.svg
203109,Jae Crowder,jae-crowder,99,F,6-6,235,"JUL 06, 1990",28.0,6,Marquette,2018-19,1610612762,UTA,Utah Jazz,78.0,https://cdn.nba.com/headshots/nba/latest/1040x760/203109.png,https://cdn.nba.com/logos/nba/1610612762/primary/L/logo.svg
204060,Joe Ingles,joe-ingles,2,F,6-8,226,"OCT 02, 1987",31.0,4,Maccabi Tel Aviv,2018-19,1610612762,UTA,Utah Jazz,80.0,https://cdn.nba.com/headshots/nba/latest/1040x760/204060.png,https://cdn.nba.com/logos/nba/1610612762/primary/L/logo.svg
2594,Kyle Korver,kyle-korver,26,G-F,6-7,212,"MAR 17, 1981",38.0,15,Creighton,2018-19,1610612762,UTA,Utah Jazz,79.0,https://cdn.nba.com/headshots/nba/latest/1040x760/2594.png,https://cdn.nba.com/logos/nba/1610612762/primary/L/logo.svg
1628513,Naz Mitrou-Long,naz-mitrou-long,30,G,6-4,218,"AUG 03, 1993",25.0,1,Iowa State,2018-19,1610612762,UTA,Utah Jazz,76.0,https://cdn.nba.com/headshots/nba/latest/1040x760/1628513.png,https://cdn.nba.com/logos/nba/1610612762/primary/L/logo.svg
203526,Raul Neto,raul-neto,25,G,6-1,179,"MAY 19, 1992",27.0,3,Murcia,2018-19,1610612762,UTA,Utah Jazz,73.0,https://cdn.nba.com/headshots/nba/latest/1040x760/203526.png,https://cdn.nba.com/logos/nba/1610612762/primary/L/logo.svg
201937,Ricky Rubio,ricky-rubio,3,G,6-4,190,"OCT 21, 1990",28.0,7,FC Barcelona,2018-19,1610612762,UTA,Utah Jazz,76.0,https://cdn.nba.com/headshots/nba/latest/1040x760/201937.png,https://cdn.nba.com/logos/nba/1610612762/primary/L/logo.svg
1626220,Royce O'Neale,royce-oneale,23,F,6-6,226,"JUN 05, 1993",26.0,1,Baylor,2018-19,1610612762,UTA,Utah Jazz,78.0,https://cdn.nba.com/headshots/nba/latest/1040x760/1626220.png,https://cdn.nba.com/logos/nba/1610612762/primary/L/logo.svg
203497,Rudy Gobert,rudy-gobert,27,C,7-1,245,"JUN 26, 1992",27.0,5,Cholet,2018-19,1610612762,UTA,Utah Jazz,85.0,https://cdn.nba.com/headshots/nba/latest/1040x760/203497.png,https://cdn.nba.com/logos/nba/1610612762/primary/L/logo.svg
200757,Thabo Sefolosha,thabo-sefolosha,22,F,6-7,220,"MAY 02, 1984",35.0,12,Angelico Biella,2018-19,1610612762,UTA,Utah Jazz,79.0,https://cdn.nba.com/headshots/nba/latest/1040x760/200757.png,https://cdn.nba.com/logos/nba/1610612762/primary/L/logo.svg
1628396,Tony Bradley,tony-bradley,13,C,6-10,248,"JAN 08, 1998",21.0,1,North Carolina,2018-19,1610612762,UTA,Utah Jazz,82.0,https://cdn.nba.com/headshots/nba/latest/1040x760/1628396.png,https://cdn.nba.com/logos/nba/1610612762/primary/L/logo.svg
1628463,Tyler Cavanaugh,tyler-cavanaugh,34,F,6-9,238,"FEB 09, 1994",25.0,1,George Washington,2018-19,1610612762,UTA,Utah Jazz,81.0,https://cdn.nba.com/headshots/nba/latest/1040x760/1628463.png,https://cdn.nba.com/logos/nba/1610612762/primary/L/logo.svg
1626171,Bobby Portis,bobby-portis,5,F,6-11,250,"FEB 10, 1995",24.0,3,Arkansas,2018-19,1610612764,WAS,Washington Wizards,83.0,https://cdn.nba.com/headshots/nba/latest/1040x760/1626171.png,https://cdn.nba.com/logos/nba/1610612764/primary/L/logo.svg
203078,Bradley Beal,bradley-beal,3,G,6-5,207,"JUN 28, 1993",26.0,6,Florida,2018-19,1610612764,WAS,Washington Wizards,77.0,https://cdn.nba.com/headshots/nba/latest/1040x760/203078.png,https://cdn.nba.com/logos/nba/1610612764/primary/L/logo.svg
1626184,Chasson Randle,chasson-randle,9,G,6-2,185,"FEB 05, 1993",26.0,1,Stanford,2018-19,1610612764,WAS,Washington Wizards,74.0,https://cdn.nba.com/headshots/nba/latest/1040x760/1626184.png,https://cdn.nba.com/logos/nba/1610612764/primary/L/logo.svg
1628421,Devin Robinson,devin-robinson,7,F,6-8,200,"MAR 07, 1995",24.0,1,Florida,2018-19,1610612764,WAS,Washington Wizards,80.0,https://cdn.nba.com/headshots/nba/latest/1040x760/1628421.png,https://cdn.nba.com/logos/nba/1610612764/primary/L/logo.svg
2730,Dwight Howard,dwight-howard,21,C,6-11,265,"DEC 08, 1985",33.0,14,SW Atlanta Christian Academy (GA),2018-19,1610612764,WAS,Washington Wizards,83.0,https://cdn.nba.com/headshots/nba/latest/1040x760/2730.png,https://cdn.nba.com/logos/nba/1610612764/primary/L/logo.svg
101133,Ian Mahinmi,ian-mahinmi,28,C,6-11,262,"NOV 05, 1986",32.0,10,Pau Orthez,2018-19,1610612764,WAS,Washington Wizards,83.0,https://cdn.nba.com/headshots/nba/latest/1040x760/101133.png,https://cdn.nba.com/logos/nba/1610612764/primary/L/logo.svg
203953,Jabari Parker,jabari-parker,12,F,6-8,245,"MAR 15, 1995",24.0,4,Duke,2018-19,1610612764,WAS,Washington Wizards,80.0,https://cdn.nba.com/headshots/nba/latest/1040x760/203953.png,https://cdn.nba.com/logos/nba/1610612764/primary/L/logo.svg
201145,Jeff Green,jeff-green,32,F,6-9,235,"AUG 28, 1986",32.0,11,Georgetown,2018-19,1610612764,WAS,Washington Wizards,81.0,https://cdn.nba.com/headshots/nba/latest/1040x760/201145.png,https://cdn.nba.com/logos/nba/1610612764/primary/L/logo.svg
202322,John Wall,john-wall,2,G,6-4,210,"SEP 06, 1990",28.0,8,Kentucky,2018-19,1610612764,WAS,Washington Wizards,76.0,https://cdn.nba.com/headshots/nba/latest/1040x760/202322.png,https://cdn.nba.com/logos/nba/1610612764/primary/L/logo.svg
203895,Jordan McRae,jordan-mcrae,52,G,6-5,179,"MAR 28, 1991",28.0,2,Tennessee,2018-19,1610612764,WAS,Washington Wizards,77.0,https://cdn.nba.com/headshots/nba/latest/1040x760/203895.png,https://cdn.nba.com/logos/nba/1610612764/primary/L/logo.svg
1626155,Sam Dekker,sam-dekker,8,F,6-9,230,"MAY 06, 1994",25.0,3,Wisconsin,2018-19,1610612764,WAS,Washington Wizards,81.0,https://cdn.nba.com/headshots/nba/latest/1040x760/1626155.png,https://cdn.nba.com/logos/nba/1610612764/primary/L/logo.svg
1629341,Tarik Phillip,tarik-phillip,22,G,6-3,195,"AUG 10, 1993",25.0,R,West Virginia,2018-19,1610612764,WAS,Washington Wizards,75.0,https://cdn.nba.com/headshots/nba/latest/1040x760/1629341.png,https://cdn.nba.com/logos/nba/1610612764/primary/L/logo.svg
1628418,Thomas Bryant,thomas-bryant,13,C,6-11,248,"JUL 31, 1997",21.0,1,Indiana,2018-19,1610612764,WAS,Washington Wizards,83.0,https://cdn.nba.com/headshots/nba/latest/1040x760/1628418.png,https://cdn.nba.com/logos/nba/1610612764/primary/L/logo.svg
203107,Tomas Satoransky,tomas-satoransky,31,G-F,6-7,210,"OCT 30, 1991",27.0,2,FC Barcelona,2018-19,1610612764,WAS,Washington Wizards,79.0,https://cdn.nba.com/headshots/nba/latest/1040x760/203107.png,https://cdn.nba.com/logos/nba/1610612764/primary/L/logo.svg
2772,Trevor Ariza,trevor-ariza,1,F,6-8,215,"JUN 30, 1985",33.0,14,UCLA,2018-19,1610612764,WAS,Washington Wizards,80.0,https://cdn.nba.com/headshots/nba/latest/1040x760/2772.png,https://cdn.nba.com/logos/nba/1610612764/primary/L/logo.svg
1628972,Troy Brown Jr.,troy-brown-jr,6,F,6-7,215,"JUL 28, 1999",19.0,R,Oregon,2018-19,1610612764,WAS,Washington Wizards,79.0,https://cdn.nba.com/headshots/nba/latest/1040x760/1628972.png,https://cdn.nba.com/logos/nba/1610612764/primary/L/logo.svg
202325,Wesley Johnson,wesley-johnson,4,F-G,6-7,215,"JUL 11, 1987",31.0,8,Syracuse,2018-19,1610612764,WAS,Washington Wizards,79.0,https://cdn.nba.com/headshots/nba/latest/1040x760/202325.png,https://cdn.nba.com/logos/nba/1610612764/primary/L/logo.svg
1629164,Brandon Goodwin,brandon-goodwin,0,G,6-0,180,"OCT 02, 1995",24.0,1,Florida Gulf Coast,2019-20,1610612737,ATL,Atlanta Hawks,72.0,https://cdn.nba.com/headshots/nba/latest/1040x760/1629164.png,https://cdn.nba.com/logos/nba/1610612737/primary/L/logo.svg
1628981,Bruno Fernando,bruno-fernando,24,F-C,6-9,240,"AUG 15, 1998",21.0,R,Maryland,2019-20,1610612737,ATL,Atlanta Hawks,81.0,https://cdn.nba.com/headshots/nba/latest/1040x760/1628981.png,https://cdn.nba.com/logos/nba/1610612737/primary/L/logo.svg
1629629,Cam Reddish,cam-reddish,22,F-G,6-8,218,"SEP 01, 1999",20.0,R,Duke,2019-20,1610612737,ATL,Atlanta Hawks,80.0,https://cdn.nba.com/headshots/nba/latest/1040x760/1629629.png,https://cdn.nba.com/logos/nba/1610612737/primary/L/logo.svg
1629718,Charlie Brown Jr.,charlie-brown-jr,4,G,6-6,199,"FEB 02, 1997",23.0,R,St. Joseph's (PA),2019-20,1610612737,ATL,Atlanta Hawks,78.0,https://cdn.nba.com/headshots/nba/latest/1040x760/1629718.png,https://cdn.nba.com/logos/nba/1610612737/primary/L/logo.svg
203991,Clint Capela,clint-capela,15,C,6-10,240,"MAY 18, 1994",26.0,5,Elan Chalon,2019-20,1610612737,ATL,Atlanta Hawks,82.0,https://cdn.nba.com/headshots/nba/latest/1040x760/203991.png,https://cdn.nba.com/logos/nba/1610612737/primary/L/logo.svg
1627745,Damian Jones,damian-jones,30,C,6-11,245,"JUN 30, 1995",25.0,3,Vanderbilt,2019-20,1610612737,ATL,Atlanta Hawks,83.0,https://cdn.nba.com/headshots/nba/latest/1040x760/1627745.png,https://cdn.nba.com/logos/nba/1610612737/primary/L/logo.svg
1629631,De'Andre Hunter,deandre-hunter,12,F-G,6-7,225,"DEC 02, 1997",22.0,R,Virginia,2019-20,1610612737,ATL,Atlanta Hawks,79.0,https://cdn.nba.com/headshots/nba/latest/1040x760/1629631.png,https://cdn.nba.com/logos/nba/1610612737/primary/L/logo.svg
1627761,DeAndre' Bembry,deandre-bembry,95,G-F,6-5,210,"JUL 04, 1994",25.0,3,St. Joseph's (PA),2019-20,1610612737,ATL,Atlanta Hawks,77.0,https://cdn.nba.com/headshots/nba/latest/1040x760/1627761.png,https://cdn.nba.com/logos/nba/1610612737/primary/L/logo.svg
203473,Dewayne Dedmon,dewayne-dedmon,14,C,7-0,245,"AUG 12, 1989",30.0,6,USC,2019-20,1610612737,ATL,Atlanta Hawks,84.0,https://cdn.nba.com/headshots/nba/latest/1040x760/203473.png,https://cdn.nba.com/logos/nba/1610612737/primary/L/logo.svg
201952,Jeff Teague,jeff-teague,00,G,6-3,195,"JUN 10, 1988",32.0,10,Wake Forest,2019-20,1610612737,ATL,Atlanta Hawks,75.0,https://cdn.nba.com/headshots/nba/latest/1040x760/201952.png,https://cdn.nba.com/logos/nba/1610612737/primary/L/logo.svg
1628381,John Collins,john-collins,20,F,6-9,235,"SEP 23, 1997",22.0,2,Wake Forest,2019-20,1610612737,ATL,Atlanta Hawks,81.0,https://cdn.nba.com/headshots/nba/latest/1040x760/1628381.png,https://cdn.nba.com/logos/nba/1610612737/primary/L/logo.svg
1628989,Kevin Huerter,kevin-huerter,3,G-F,6-7,190,"AUG 27, 1998",21.0,1,Maryland,2019-20,1610612737,ATL,Atlanta Hawks,79.0,https://cdn.nba.com/headshots/nba/latest/1040x760/1628989.png,https://cdn.nba.com/logos/nba/1610612737/primary/L/logo.svg
1627746,Skal Labissiere,skal-labissiere,7,F-C,6-10,235,"MAR 18, 1996",24.0,3,Kentucky,2019-20,1610612737,ATL,Atlanta Hawks,82.0,https://cdn.nba.com/headshots/nba/latest/1040x760/1627746.png,https://cdn.nba.com/logos/nba/1610612737/primary/L/logo.svg
1629027,Trae Young,trae-young,11,G,6-1,180,"SEP 19, 1998",21.0,1,Oklahoma,2019-20,1610612737,ATL,Atlanta Hawks,73.0,https://cdn.nba.com/headshots/nba/latest/1040x760/1629027.png,https://cdn.nba.com/logos/nba/1610612737/primary/L/logo.svg
1626203,Treveon Graham,treveon-graham,2,G-F,6-5,219,"OCT 28, 1993",26.0,3,Va Commonwealth,2019-20,1610612737,ATL,Atlanta Hawks,77.0,https://cdn.nba.com/headshots/nba/latest/1040x760/1626203.png,https://cdn.nba.com/logos/nba/1610612737/primary/L/logo.svg
1713,Vince Carter,vince-carter,15,G-F,6-6,220,"JAN 26, 1977",43.0,21,North Carolina,2019-20,1610612737,ATL,Atlanta Hawks,78.0,https://cdn.nba.com/headshots/nba/latest/1040x760/1713.png,https://cdn.nba.com/logos/nba/1610612737/primary/L/logo.svg
1627747,Caris LeVert,caris-levert,22,G,6-6,205,"AUG 25, 1994",25.0,3,Michigan,2019-20,1610612751,BKN,Brooklyn Nets,78.0,https://cdn.nba.com/headshots/nba/latest/1040x760/1627747.png,https://cdn.nba.com/logos/nba/1610612751/primary/L/logo.svg
1629185,Chris Chiozza,chris-chiozza,4,G,5-11,175,"NOV 21, 1995",24.0,1,Florida,2019-20,1610612751,BKN,Brooklyn Nets,71.0,https://cdn.nba.com/headshots/nba/latest/1040x760/1629185.png,https://cdn.nba.com/logos/nba/1610612751/primary/L/logo.svg
201599,DeAndre Jordan,deandre-jordan,6,C,6-11,265,"JUL 21, 1988",31.0,11,Texas A&M,2019-20,1610612751,BKN,Brooklyn Nets,83.0,https://cdn.nba.com/headshots/nba/latest/1040x760/201599.png,https://cdn.nba.com/logos/nba/1610612751/primary/L/logo.svg
1629743,Donta Hall,donta-hall,45,F,6-9,229,"AUG 07, 1997",22.0,R,Alabama,2019-20,1610612751,BKN,Brooklyn Nets,81.0,https://cdn.nba.com/headshots/nba/latest/1040x760/1629743.png,https://cdn.nba.com/logos/nba/1610612751/primary/L/logo.svg
1629058,Dzanan Musa,dzanan-musa,13,G-F,6-9,217,"MAY 08, 1999",21.0,1,Cedevita,2019-20,1610612751,BKN,Brooklyn Nets,81.0,https://cdn.nba.com/headshots/nba/latest/1040x760/1629058.png,https://cdn.nba.com/logos/nba/1610612751/primary/L/logo.svg
202066,Garrett Temple,garrett-temple,17,G-F,6-5,195,"MAY 08, 1986",34.0,9,Louisiana State,2019-20,1610612751,BKN,Brooklyn Nets,77.0,https://cdn.nba.com/headshots/nba/latest/1040x760/202066.png,https://cdn.nba.com/logos/nba/1610612751/primary/L/logo.svg
2037,Jamal Crawford,jamal-crawford,1,G,6-5,200,"MAR 20, 1980",40.0,19,Michigan,2019-20,1610612751,BKN,Brooklyn Nets,77.0,https://cdn.nba.com/headshots/nba/latest/1040x760/2037.png,https://cdn.nba.com/logos/nba/1610612751/primary/L/logo.svg
1628386,Jarrett Allen,jarrett-allen,31,C,6-11,243,"APR 21, 1998",22.0,2,Texas,2019-20,1610612751,BKN,Brooklyn Nets,83.0,https://cdn.nba.com/headshots/nba/latest/1040x760/1628386.png,https://cdn.nba.com/logos/nba/1610612751/primary/L/logo.svg
1629725,Jeremiah Martin,jeremiah-martin,0,G,6-2,185,"JUN 19, 1996",24.0,R,Memphis,2019-20,1610612751,BKN,Brooklyn Nets,74.0,https://cdn.nba.com/headshots/nba/latest/1040x760/1629725.png,https://cdn.nba.com/logos/nba/1610612751/primary/L/logo.svg
203925,Joe Harris,joe-harris,12,G-F,6-6,220,"SEP 06, 1991",28.0,5,Virginia,2019-20,1610612751,BKN,Brooklyn Nets,78.0,https://cdn.nba.com/headshots/nba/latest/1040x760/203925.png,https://cdn.nba.com/logos/nba/1610612751/primary/L/logo.svg
1626147,Justin Anderson,justin-anderson,10,F-G,6-5,231,"NOV 19, 1993",26.0,4,Virginia,2019-20,1610612751,BKN,Brooklyn Nets,77.0,https://cdn.nba.com/headshots/nba/latest/1040x760/1626147.png,https://cdn.nba.com/logos/nba/1610612751/primary/L/logo.svg
201142,Kevin Durant,kevin-durant,7,F,6-10,240,"SEP 29, 1988",31.0,12,Texas,2019-20,1610612751,BKN,Brooklyn Nets,82.0,https://cdn.nba.com/headshots/nba/latest/1040x760/201142.png,https://cdn.nba.com/logos/nba/1610612751/primary/L/logo.svg
202681,Kyrie Irving,kyrie-irving,11,G,6-2,195,"MAR 23, 1992",28.0,8,Duke,2019-20,1610612751,BKN,Brooklyn Nets,74.0,https://cdn.nba.com/headshots/nba/latest/1040x760/202681.png,https://cdn.nba.com/logos/nba/1610612751/primary/L/logo.svg
202498,Lance Thomas,lance-thomas,42,F,6-8,225,"APR 24, 1988",32.0,8,Duke,2019-20,1610612751,BKN,Brooklyn Nets,80.0,https://cdn.nba.com/headshots/nba/latest/1040x760/202498.png,https://cdn.nba.com/logos/nba/1610612751/primary/L/logo.svg
1629651,Nic Claxton,nic-claxton,33,F-C,6-11,215,"APR 17, 1999",21.0,R,Georgia,2019-20,1610612751,BKN,Brooklyn Nets,83.0,https://cdn.nba.com/headshots/nba/latest/1040x760/1629651.png,https://cdn.nba.com/logos/nba/1610612751/primary/L/logo.svg
1629066,Rodions Kurucs,rodions-kurucs,00,F,6-9,228,"FEB 05, 1998",22.0,1,FC Barcelona,2019-20,1610612751,BKN,Brooklyn Nets,81.0,https://cdn.nba.com/headshots/nba/latest/1040x760/1629066.png,https://cdn.nba.com/logos/nba/1610612751/primary/L/logo.svg
203915,Spencer Dinwiddie,spencer-dinwiddie,26,G,6-5,215,"APR 06, 1993",27.0,5,Colorado,2019-20,1610612751,BKN,Brooklyn Nets,77.0,https://cdn.nba.com/headshots/nba/latest/1040x760/203915.png,https://cdn.nba.com/logos/nba/1610612751/primary/L/logo.svg
1627752,Taurean Prince,taurean-prince,2,F,6-7,218,"MAR 22, 1994",26.0,3,Baylor,2019-20,1610612751,BKN,Brooklyn Nets,79.0,https://cdn.nba.com/headshots/nba/latest/1040x760/1627752.png,https://cdn.nba.com/logos/nba/1610612751/primary/L/logo.svg
1627789,Timothe Luwawu-Cabarrot,timothe-luwawu-cabarrot,9,G-F,6-7,220,"MAY 09, 1995",25.0,3,Mega Basket,2019-20,1610612751,BKN,Brooklyn Nets,79.0,https://cdn.nba.com/headshots/nba/latest/1040x760/1627789.png,https://cdn.nba.com/logos/nba/1610612751/primary/L/logo.svg
204020,Tyler Johnson,tyler-johnson,8,G,6-3,186,"MAY 07, 1992",28.0,5,Fresno State,2019-20,1610612751,BKN,Brooklyn Nets,75.0,https://cdn.nba.com/headshots/nba/latest/1040x760/204020.png,https://cdn.nba.com/logos/nba/1610612751/primary/L/logo.svg
201163,Wilson Chandler,wilson-chandler,21,F,6-8,235,"MAY 10, 1987",33.0,11,DePaul,2019-20,1610612751,BKN,Brooklyn Nets,80.0,https://cdn.nba.com/headshots/nba/latest/1040x760/201163.png,https://cdn.nba.com/logos/nba/1610612751/primary/L/logo.svg
202954,Brad Wanamaker,brad-wanamaker,9,G,6-3,210,"JUL 25, 1989",30.0,1,Pittsburgh,2019-20,1610612738,BOS,Boston Celtics,75.0,https://cdn.nba.com/headshots/nba/latest/1040x760/202954.png,https://cdn.nba.com/logos/nba/1610612738/primary/L/logo.svg
1629035,Carsen Edwards,carsen-edwards,4,G,5-11,200,"MAR 12, 1998",22.0,R,Purdue,2019-20,1610612738,BOS,Boston Celtics,71.0,https://cdn.nba.com/headshots/nba/latest/1040x760/1629035.png,https://cdn.nba.com/logos/nba/1610612738/primary/L/logo.svg
1628464,Daniel Theis,daniel-theis,27,F-C,6-8,245,"APR 04, 1992",28.0,2,Brose Bamberg,2019-20,1610612738,BOS,Boston Celtics,80.0,https://cdn.nba.com/headshots/nba/latest/1040x760/1628464.png,https://cdn.nba.com/logos/nba/1610612738/primary/L/logo.svg
202683,Enes Freedom,enes-freedom,11,C,6-10,250,"MAY 20, 1992",28.0,8,Fenerbahce,2019-20,1610612738,BOS,Boston Celtics,82.0,https://cdn.nba.com/headshots/nba/latest/1040x760/202683.png,https://cdn.nba.com/logos/nba/1610612738/primary/L/logo.svg
202330,Gordon Hayward,gordon-hayward,20,F,6-7,225,"MAR 23, 1990",30.0,9,Butler,2019-20,1610612738,BOS,Boston Celtics,79.0,https://cdn.nba.com/headshots/nba/latest/1040x760/202330.png,https://cdn.nba.com/logos/nba/1610612738/primary/L/logo.svg
1629684,Grant Williams,grant-williams,12,F,6-6,236,"NOV 30, 1998",21.0,R,Tennessee,2019-20,1610612738,BOS,Boston Celtics,78.0,https://cdn.nba.com/headshots/nba/latest/1040x760/1629684.png,https://cdn.nba.com/logos/nba/1610612738/primary/L/logo.svg
1629750,Javonte Green,javonte-green,43,G-F,6-4,205,"JUL 23, 1993",26.0,R,Radford,2019-20,1610612738,BOS,Boston Celtics,76.0,https://cdn.nba.com/headshots/nba/latest/1040x760/1629750.png,https://cdn.nba.com/logos/nba/1610612738/primary/L/logo.svg
1627759,Jaylen Brown,jaylen-brown,7,G-F,6-6,223,"OCT 24, 1996",23.0,3,California,2019-20,1610612738,BOS,Boston Celtics,78.0,https://cdn.nba.com/headshots/nba/latest/1040x760/1627759.png,https://cdn.nba.com/logos/nba/1610612738/primary/L/logo.svg
1628369,Jayson Tatum,jayson-tatum,0,F-G,6-8,210,"MAR 03, 1998",22.0,2,Duke,2019-20,1610612738,BOS,Boston Celtics,80.0,https://cdn.nba.com/headshots/nba/latest/1040x760/1628369.png,https://cdn.nba.com/logos/nba/1610612738/primary/L/logo.svg
202689,Kemba Walker,kemba-walker,8,G,6-0,184,"MAY 08, 1990",30.0,8,Connecticut,2019-20,1610612738,BOS,Boston Celtics,72.0,https://cdn.nba.com/headshots/nba/latest/1040x760/202689.png,https://cdn.nba.com/logos/nba/1610612738/primary/L/logo.svg
203935,Marcus Smart,marcus-smart,36,G,6-3,220,"MAR 06, 1994",26.0,5,Oklahoma State,2019-20,1610612738,BOS,Boston Celtics,75.0,https://cdn.nba.com/headshots/nba/latest/1040x760/203935.png,https://cdn.nba.com/logos/nba/1610612738/primary/L/logo.svg
1629057,Robert Williams III,robert-williams-iii,44,C-F,6-8,237,"OCT 17, 1997",22.0,1,Texas A&M,2019-20,1610612738,BOS,Boston Celtics,80.0,https://cdn.nba.com/headshots/nba/latest/1040x760/1629057.png,https://cdn.nba.com/logos/nba/1610612738/primary/L/logo.svg
1629641,Romeo Langford,romeo-langford,45,G-F,6-4,216,"OCT 25, 1999",20.0,R,Indiana,2019-20,1610612738,BOS,Boston Celtics,76.0,https://cdn.nba.com/headshots/nba/latest/1040x760/1629641.png,https://cdn.nba.com/logos/nba/1610612738/primary/L/logo.svg
1628400,Semi Ojeleye,semi-ojeleye,37,F,6-6,240,"DEC 05, 1994",25.0,2,Southern Methodist,2019-20,1610612738,BOS,Boston Celtics,78.0,https://cdn.nba.com/headshots/nba/latest/1040x760/1628400.png,https://cdn.nba.com/logos/nba/1610612738/primary/L/logo.svg
1629605,Tacko Fall,tacko-fall,99,C,7-5,311,"DEC 10, 1995",24.0,R,UCF,2019-20,1610612738,BOS,Boston Celtics,89.0,https://cdn.nba.com/headshots/nba/latest/1040x760/1629605.png,https://cdn.nba.com/logos/nba/1610612738/primary/L/logo.svg
1629682,Tremont Waters,tremont-waters,51,G,5-10,175,"JAN 10, 1998",22.0,R,Louisiana State,2019-20,1610612738,BOS,Boston Celtics,70.0,https://cdn.nba.com/headshots/nba/latest/1040x760/1629682.png,https://cdn.nba.com/logos/nba/1610612738/primary/L/logo.svg
1629738,Vincent Poirier,vincent-poirier,77,C-F,7-0,235,"OCT 17, 1993",26.0,R,Baskonia,2019-20,1610612738,BOS,Boston Celtics,84.0,https://cdn.nba.com/headshots/nba/latest/1040x760/1629738.png,https://cdn.nba.com/logos/nba/1610612738/primary/L/logo.svg
202687,Bismack Biyombo,bismack-biyombo,8,C,6-8,255,"AUG 28, 1992",27.0,8,Baloncesto Fuenlabrada,2019-20,1610612766,CHA,Charlotte Hornets,80.0,https://cdn.nba.com/headshots/nba/latest/1040x760/202687.png,https://cdn.nba.com/logos/nba/1610612766/primary/L/logo.svg
1628997,Caleb Martin,caleb-martin,10,F,6-5,205,"SEP 28, 1995",24.0,R,Nevada,2019-20,1610612766,CHA,Charlotte Hornets,77.0,https://cdn.nba.com/headshots/nba/latest/1040x760/1628997.png,https://cdn.nba.com/logos/nba/1610612766/primary/L/logo.svg
1628998,Cody Martin,cody-martin,11,F,6-5,205,"SEP 28, 1995",24.0,R,Nevada,2019-20,1610612766,CHA,Charlotte Hornets,77.0,https://cdn.nba.com/headshots/nba/latest/1040x760/1628998.png,https://cdn.nba.com/logos/nba/1610612766/primary/L/logo.svg
203469,Cody Zeller,cody-zeller,40,F-C,7-0,240,"OCT 05, 1992",27.0,6,Indiana,2019-20,1610612766,CHA,Charlotte Hornets,84.0,https://cdn.nba.com/headshots/nba/latest/1040x760/203469.png,https://cdn.nba.com/logos/nba/1610612766/primary/L/logo.svg
1628984,Devonte' Graham,devonte-graham,4,G,6-1,195,"FEB 22, 1995",25.0,1,Kansas,2019-20,1610612766,CHA,Charlotte Hornets,73.0,https://cdn.nba.com/headshots/nba/latest/1040x760/1628984.png,https://cdn.nba.com/logos/nba/1610612766/primary/L/logo.svg
1628407,Dwayne Bacon,dwayne-bacon,7,G-F,6-6,221,"AUG 30, 1995",24.0,2,Florida State,2019-20,1610612766,CHA,Charlotte Hornets,78.0,https://cdn.nba.com/headshots/nba/latest/1040x760/1628407.png,https://cdn.nba.com/logos/nba/1610612766/primary/L/logo.svg
1629667,Jalen McDaniels,jalen-mcdaniels,6,F-C,6-10,205,"JAN 31, 1998",22.0,R,San Diego State,2019-20,1610612766,CHA,Charlotte Hornets,82.0,https://cdn.nba.com/headshots/nba/latest/1040x760/1629667.png,https://cdn.nba.com/logos/nba/1610612766/primary/L/logo.svg
1628424,Kobi Simmons,kobi-simmons,23,G,6-5,180,"JUL 04, 1997",22.0,2,Arizona,2019-20,1610612766,CHA,Charlotte Hornets,77.0,https://cdn.nba.com/headshots/nba/latest/1040x760/1628424.png,https://cdn.nba.com/logos/nba/1610612766/primary/L/logo.svg
1628370,Malik Monk,malik-monk,1,G,6-3,200,"FEB 04, 1998",22.0,2,Kentucky,2019-20,1610612766,CHA,Charlotte Hornets,75.0,https://cdn.nba.com/headshots/nba/latest/1040x760/1628370.png,https://cdn.nba.com/logos/nba/1610612766/primary/L/logo.svg
1628970,Miles Bridges,miles-bridges,0,F,6-6,225,"MAR 21, 1998",22.0,1,Michigan State,2019-20,1610612766,CHA,Charlotte Hornets,78.0,https://cdn.nba.com/headshots/nba/latest/1040x760/1628970.png,https://cdn.nba.com/logos/nba/1610612766/primary/L/logo.svg
201587,Nicolas Batum,nicolas-batum,5,G-F,6-9,230,"DEC 14, 1988",31.0,11,Le Mans,2019-20,1610612766,CHA,Charlotte Hornets,81.0,https://cdn.nba.com/headshots/nba/latest/1040x760/201587.png,https://cdn.nba.com/logos/nba/1610612766/primary/L/logo.svg
1629023,P.J. Washington,pj-washington,25,F,6-7,230,"AUG 23, 1998",21.0,R,Kentucky,2019-20,1610612766,CHA,Charlotte Hornets,79.0,https://cdn.nba.com/headshots/nba/latest/1040x760/1629023.png,https://cdn.nba.com/logos/nba/1610612766/primary/L/logo.svg
1629034,Ray Spalding,ray-spalding,26,F,6-9,225,"MAR 11, 1997",23.0,1,Louisville,2019-20,1610612766,CHA,Charlotte Hornets,81.0,https://cdn.nba.com/headshots/nba/latest/1040x760/1629034.png,https://cdn.nba.com/logos/nba/1610612766/primary/L/logo.svg
1626179,Terry Rozier,terry-rozier,3,G,6-1,190,"MAR 17, 1994",26.0,4,Louisville,2019-20,1610612766,CHA,Charlotte Hornets,73.0,https://cdn.nba.com/headshots/nba/latest/1040x760/1626179.png,https://cdn.nba.com/logos/nba/1610612766/primary/L/logo.svg
1626195,Willy Hernangomez,willy-hernangomez,9,C-F,6-11,250,"MAY 27, 1994",26.0,3,Cajasol Sevilla,2019-20,1610612766,CHA,Charlotte Hornets,83.0,https://cdn.nba.com/headshots/nba/latest/1040x760/1626195.png,https://cdn.nba.com/logos/nba/1610612766/primary/L/logo.svg
1629690,Adam Mokoka,adam-mokoka,20,G,6-5,190,"JUL 18, 1998",21.0,R,Mega Basket,2019-20,1610612741,CHI,Chicago Bulls,77.0,https://cdn.nba.com/headshots/nba/latest/1040x760/1629690.png,https://cdn.nba.com/logos/nba/1610612741/primary/L/logo.svg
1628990,Chandler Hutchison,chandler-hutchison,15,F-G,6-7,210,"APR 26, 1996",24.0,1,Boise State,2019-20,1610612741,CHI,Chicago Bulls,79.0,https://cdn.nba.com/headshots/nba/latest/1040x760/1628990.png,https://cdn.nba.com/logos/nba/1610612741/primary/L/logo.svg
1629632,Coby White,coby-white,0,G,6-4,195,"FEB 16, 2000",20.0,R,North Carolina,2019-20,1610612741,CHI,Chicago Bulls,76.0,https://cdn.nba.com/headshots/nba/latest/1040x760/1629632.png,https://cdn.nba.com/logos/nba/1610612741/primary/L/logo.svg
1626245,Cristiano Felicio,cristiano-felicio,6,F-C,6-10,270,"JUL 07, 1992",27.0,4,Flamengo,2019-20,1610612741,CHI,Chicago Bulls,82.0,https://cdn.nba.com/headshots/nba/latest/1040x760/1626245.png,https://cdn.nba.com/logos/nba/1610612741/primary/L/logo.svg
1629655,Daniel Gafford,daniel-gafford,12,F-C,6-10,234,"OCT 01, 1998",21.0,R,Arkansas,2019-20,1610612741,CHI,Chicago Bulls,82.0,https://cdn.nba.com/headshots/nba/latest/1040x760/1629655.png,https://cdn.nba.com/logos/nba/1610612741/primary/L/logo.svg
1627756,Denzel Valentine,denzel-valentine,45,G,6-4,220,"NOV 16, 1993",26.0,2,Michigan State,2019-20,1610612741,CHI,Chicago Bulls,76.0,https://cdn.nba.com/headshots/nba/latest/1040x760/1627756.png,https://cdn.nba.com/logos/nba/1610612741/primary/L/logo.svg
1627739,Kris Dunn,kris-dunn,32,G,6-3,205,"MAR 18, 1994",26.0,3,Providence,2019-20,1610612741,CHI,Chicago Bulls,75.0,https://cdn.nba.com/headshots/nba/latest/1040x760/1627739.png,https://cdn.nba.com/logos/nba/1610612741/primary/L/logo.svg
1628374,Lauri Markkanen,lauri-markkanen,24,F-C,7-0,240,"MAY 22, 1997",23.0,2,Arizona,2019-20,1610612741,CHI,Chicago Bulls,84.0,https://cdn.nba.com/headshots/nba/latest/1040x760/1628374.png,https://cdn.nba.com/logos/nba/1610612741/primary/L/logo.svg
1628436,Luke Kornet,luke-kornet,2,F-C,7-2,250,"JUL 15, 1995",24.0,2,Vanderbilt,2019-20,1610612741,CHI,Chicago Bulls,86.0,https://cdn.nba.com/headshots/nba/latest/1040x760/1628436.png,https://cdn.nba.com/logos/nba/1610612741/primary/L/logo.svg
1629622,Max Strus,max-strus,28,G-F,6-5,215,"MAR 28, 1996",24.0,R,DePaul,2019-20,1610612741,CHI,Chicago Bulls,77.0,https://cdn.nba.com/headshots/nba/latest/1040x760/1629622.png,https://cdn.nba.com/logos/nba/1610612741/primary/L/logo.svg
203490,Otto Porter Jr.,otto-porter-jr,22,F,6-8,198,"JUN 03, 1993",27.0,6,Georgetown,2019-20,1610612741,CHI,Chicago Bulls,80.0,https://cdn.nba.com/headshots/nba/latest/1040x760/203490.png,https://cdn.nba.com/logos/nba/1610612741/primary/L/logo.svg
1627853,Ryan Arcidiacono,ryan-arcidiacono,51,G,6-3,195,"MAR 26, 1994",26.0,2,Villanova,2019-20,1610612741,CHI,Chicago Bulls,75.0,https://cdn.nba.com/headshots/nba/latest/1040x760/1627853.png,https://cdn.nba.com/logos/nba/1610612741/primary/L/logo.svg
1627885,Shaquille Harrison,shaquille-harrison,3,G,6-7,190,"OCT 06, 1993",26.0,2,Tulsa,2019-20,1610612741,CHI,Chicago Bulls,79.0,https://cdn.nba.com/headshots/nba/latest/1040x760/1627885.png,https://cdn.nba.com/logos/nba/1610612741/primary/L/logo.svg
201152,Thaddeus Young,thaddeus-young,21,F,6-8,235,"JUN 21, 1988",32.0,12,Georgia Tech,2019-20,1610612741,CHI,Chicago Bulls,80.0,https://cdn.nba.com/headshots/nba/latest/1040x760/201152.png,https://cdn.nba.com/logos/nba/1610612741/primary/L/logo.svg
203107,Tomas Satoransky,tomas-satoransky,31,G,6-7,210,"OCT 30, 1991",28.0,3,FC Barcelona,2019-20,1610612741,CHI,Chicago Bulls,79.0,https://cdn.nba.com/headshots/nba/latest/1040x760/203107.png,https://cdn.nba.com/logos/nba/1610612741/primary/L/logo.svg
1628976,Wendell Carter Jr.,wendell-carter-jr,34,C-F,6-9,270,"APR 16, 1999",21.0,1,Duke,2019-20,1610612741,CHI,Chicago Bulls,81.0,https://cdn.nba.com/headshots/nba/latest/1040x760/1628976.png,https://cdn.nba.com/logos/nba/1610612741/primary/L/logo.svg
203897,Zach LaVine,zach-lavine,8,G-F,6-6,200,"MAR 10, 1995",25.0,5,UCLA,2019-20,1610612741,CHI,Chicago Bulls,78.0,https://cdn.nba.com/headshots/nba/latest/1040x760/203897.png,https://cdn.nba.com/logos/nba/1610612741/primary/L/logo.svg
1628035,Alfonzo McKinnie,alfonzo-mckinnie,28,F,6-7,215,"SEP 17, 1992",27.0,2,Wisc.-Green Bay,2019-20,1610612739,CLE,Cleveland Cavaliers,79.0,https://cdn.nba.com/headshots/nba/latest/1040x760/1628035.png,https://cdn.nba.com/logos/nba/1610612739/primary/L/logo.svg
203083,Andre Drummond,andre-drummond,3,C,6-10,279,"AUG 10, 1993",26.0,7,Connecticut,2019-20,1610612739,CLE,Cleveland Cavaliers,82.0,https://cdn.nba.com/headshots/nba/latest/1040x760/203083.png,https://cdn.nba.com/logos/nba/1610612739/primary/L/logo.svg
1627790,Ante Zizic,ante-zizic,41,C,6-10,266,"JAN 04, 1997",23.0,2,Darussafaka,2019-20,1610612739,CLE,Cleveland Cavaliers,82.0,https://cdn.nba.com/headshots/nba/latest/1040x760/1627790.png,https://cdn.nba.com/logos/nba/1610612739/primary/L/logo.svg
1626224,Cedi Osman,cedi-osman,16,F,6-7,230,"APR 08, 1995",25.0,2,Anadolu Efes,2019-20,1610612739,CLE,Cleveland Cavaliers,79.0,https://cdn.nba.com/headshots/nba/latest/1040x760/1626224.png,https://cdn.nba.com/logos/nba/1610612739/primary/L/logo.svg
1629012,Collin Sexton,collin-sexton,2,G,6-1,190,"JAN 04, 1999",21.0,1,Alabama,2019-20,1610612739,CLE,Cleveland Cavaliers,73.0,https://cdn.nba.com/headshots/nba/latest/1040x760/1629012.png,https://cdn.nba.com/logos/nba/1610612739/primary/L/logo.svg
203957,Danté Exum,danté-exum,1,G,6-5,214,"JUL 13, 1995",24.0,6,Australian Institute of Sport,2019-20,1610612739,CLE,Cleveland Cavaliers,77.0,https://cdn.nba.com/headshots/nba/latest/1040x760/203957.png,https://cdn.nba.com/logos/nba/1610612739/primary/L/logo.svg
1629636,Darius Garland,darius-garland,10,G,6-1,192,"JAN 26, 2000",20.0,R,Vanderbilt,2019-20,1610612739,CLE,Cleveland Cavaliers,73.0,https://cdn.nba.com/headshots/nba/latest/1040x760/1629636.png,https://cdn.nba.com/logos/nba/1610612739/primary/L/logo.svg
1629731,Dean Wade,dean-wade,32,F-C,6-9,228,"NOV 20, 1996",23.0,R,Kansas State,2019-20,1610612739,CLE,Cleveland Cavaliers,81.0,https://cdn.nba.com/headshots/nba/latest/1040x760/1629731.png,https://cdn.nba.com/logos/nba/1610612739/primary/L/logo.svg
1629685,Dylan Windler,dylan-windler,9,G-F,6-6,196,"SEP 22, 1996",23.0,R,Belmont,2019-20,1610612739,CLE,Cleveland Cavaliers,78.0,https://cdn.nba.com/headshots/nba/latest/1040x760/1629685.png,https://cdn.nba.com/logos/nba/1610612739/primary/L/logo.svg
1628395,Jordan Bell,jordan-bell,5,F,6-8,216,"JAN 07, 1995",25.0,2,Oregon,2019-20,1610612739,CLE,Cleveland Cavaliers,80.0,https://cdn.nba.com/headshots/nba/latest/1040x760/1628395.png,https://cdn.nba.com/logos/nba/1610612739/primary/L/logo.svg
201567,Kevin Love,kevin-love,0,F-C,6-8,251,"SEP 07, 1988",31.0,11,UCLA,2019-20,1610612739,CLE,Cleveland Cavaliers,80.0,https://cdn.nba.com/headshots/nba/latest/1040x760/201567.png,https://cdn.nba.com/logos/nba/1610612739/primary/L/logo.svg
1629645,Kevin Porter Jr.,kevin-porter-jr,4,G-F,6-4,203,"MAY 04, 2000",20.0,R,Southern California,2019-20,1610612739,CLE,Cleveland Cavaliers,76.0,https://cdn.nba.com/headshots/nba/latest/1040x760/1629645.png,https://cdn.nba.com/logos/nba/1610612739/primary/L/logo.svg
1626204,Larry Nance Jr.,larry-nance-jr,22,F-C,6-7,245,"JAN 01, 1993",27.0,4,Wyoming,2019-20,1610612739,CLE,Cleveland Cavaliers,79.0,https://cdn.nba.com/headshots/nba/latest/1040x760/1626204.png,https://cdn.nba.com/logos/nba/1610612739/primary/L/logo.svg
1629760,Matt Mooney,matt-mooney,31,G,6-2,199,"FEB 07, 1995",25.0,R,Texas Tech,2019-20,1610612739,CLE,Cleveland Cavaliers,74.0,https://cdn.nba.com/headshots/nba/latest/1040x760/1629760.png,https://cdn.nba.com/logos/nba/1610612739/primary/L/logo.svg
203521,Matthew Dellavedova,matthew-dellavedova,18,G,6-3,200,"SEP 08, 1990",29.0,6,Saint Mary's,2019-20,1610612739,CLE,Cleveland Cavaliers,75.0,https://cdn.nba.com/headshots/nba/latest/1040x760/203521.png,https://cdn.nba.com/logos/nba/1610612739/primary/L/logo.svg
202684,Tristan Thompson,tristan-thompson,13,C-F,6-9,254,"MAR 13, 1991",29.0,8,Texas-Austin,2019-20,1610612739,CLE,Cleveland Cavaliers,81.0,https://cdn.nba.com/headshots/nba/latest/1040x760/202684.png,https://cdn.nba.com/logos/nba/1610612739/primary/L/logo.svg
1628499,Antonius Cleveland,antonius-cleveland,3,G,6-5,195,"FEB 02, 1994",26.0,1,S.E. Missouri,2019-20,1610612742,DAL,Dallas Mavericks,77.0,https://cdn.nba.com/headshots/nba/latest/1040x760/1628499.png,https://cdn.nba.com/logos/nba/1610612742/primary/L/logo.svg
1626246,Boban Marjanovic,boban-marjanovic,51,C,7-4,290,"AUG 15, 1988",31.0,4,Crvena zvezda,2019-20,1610612742,DAL,Dallas Mavericks,88.0,https://cdn.nba.com/headshots/nba/latest/1040x760/1626246.png,https://cdn.nba.com/logos/nba/1610612742/primary/L/logo.svg
201584,Courtney Lee,courtney-lee,1,G,6-5,215,"OCT 03, 1985",34.0,11,Western Kentucky,2019-20,1610612742,DAL,Dallas Mavericks,77.0,https://cdn.nba.com/headshots/nba/latest/1040x760/201584.png,https://cdn.nba.com/logos/nba/1610612742/primary/L/logo.svg
1626153,Delon Wright,delon-wright,55,G,6-5,185,"APR 26, 1992",28.0,4,Utah,2019-20,1610612742,DAL,Dallas Mavericks,77.0,https://cdn.nba.com/headshots/nba/latest/1040x760/1626153.png,https://cdn.nba.com/logos/nba/1610612742/primary/L/logo.svg
1627827,Dorian Finney-Smith,dorian-finney-smith,10,F,6-7,220,"MAY 04, 1993",27.0,3,Florida,2019-20,1610612742,DAL,Dallas Mavericks,79.0,https://cdn.nba.com/headshots/nba/latest/1040x760/1627827.png,https://cdn.nba.com/logos/nba/1610612742/primary/L/logo.svg
203939,Dwight Powell,dwight-powell,7,F-C,6-10,240,"JUL 20, 1991",28.0,5,Stanford,2019-20,1610612742,DAL,Dallas Mavericks,82.0,https://cdn.nba.com/headshots/nba/latest/1040x760/203939.png,https://cdn.nba.com/logos/nba/1610612742/primary/L/logo.svg
200826,J.J. Barea,jj-barea,5,G,5-10,180,"JUN 26, 1984",36.0,13,Northeastern,2019-20,1610612742,DAL,Dallas Mavericks,70.0,https://cdn.nba.com/headshots/nba/latest/1040x760/200826.png,https://cdn.nba.com/logos/nba/1610612742/primary/L/logo.svg
1628973,Jalen Brunson,jalen-brunson,13,G,6-1,190,"AUG 31, 1996",23.0,1,Villanova,2019-20,1610612742,DAL,Dallas Mavericks,73.0,https://cdn.nba.com/headshots/nba/latest/1040x760/1628973.png,https://cdn.nba.com/logos/nba/1610612742/primary/L/logo.svg
1629729,Josh Reaves,josh-reaves,23,G-F,6-4,214,"JUN 04, 1997",23.0,R,Penn State,2019-20,1610612742,DAL,Dallas Mavericks,76.0,https://cdn.nba.com/headshots/nba/latest/1040x760/1629729.png,https://cdn.nba.com/logos/nba/1610612742/primary/L/logo.svg
1628382,Justin Jackson,justin-jackson,44,F,6-7,220,"MAR 28, 1995",25.0,2,North Carolina,2019-20,1610612742,DAL,Dallas Mavericks,79.0,https://cdn.nba.com/headshots/nba/latest/1040x760/1628382.png,https://cdn.nba.com/logos/nba/1610612742/primary/L/logo.svg
204001,Kristaps Porziņģis,kristaps-porziņģis,6,F-C,7-3,240,"AUG 02, 1995",24.0,4,Cajasol Sevilla,2019-20,1610612742,DAL,Dallas Mavericks,87.0,https://cdn.nba.com/headshots/nba/latest/1040x760/204001.png,https://cdn.nba.com/logos/nba/1610612742/primary/L/logo.svg
1629029,Luka Dončić,luka-dončić,77,F-G,6-7,230,"FEB 28, 1999",21.0,1,Real Madrid,2019-20,1610612742,DAL,Dallas Mavericks,79.0,https://cdn.nba.com/headshots/nba/latest/1040x760/1629029.png,https://cdn.nba.com/logos/nba/1610612742/primary/L/logo.svg
1628467,Maxi Kleber,maxi-kleber,42,F,6-10,240,"JAN 29, 1992",28.0,2,Bayern Munich,2019-20,1610612742,DAL,Dallas Mavericks,82.0,https://cdn.nba.com/headshots/nba/latest/1040x760/1628467.png,https://cdn.nba.com/logos/nba/1610612742/primary/L/logo.svg
203077,Michael Kidd-Gilchrist,michael-kidd-gilchrist,9,F,6-6,232,"SEP 26, 1993",26.0,7,Kentucky,2019-20,1610612742,DAL,Dallas Mavericks,78.0,https://cdn.nba.com/headshots/nba/latest/1040x760/203077.png,https://cdn.nba.com/logos/nba/1610612742/primary/L/logo.svg
203552,Seth Curry,seth-curry,30,G,6-2,185,"AUG 23, 1990",29.0,6,Duke,2019-20,1610612742,DAL,Dallas Mavericks,74.0,https://cdn.nba.com/headshots/nba/latest/1040x760/203552.png,https://cdn.nba.com/logos/nba/1610612742/primary/L/logo.svg
203501,Tim Hardaway Jr.,tim-hardaway-jr,11,G-F,6-5,205,"MAR 16, 1992",28.0,6,Michigan,2019-20,1610612742,DAL,Dallas Mavericks,77.0,https://cdn.nba.com/headshots/nba/latest/1040x760/203501.png,https://cdn.nba.com/logos/nba/1610612742/primary/L/logo.svg
203504,Trey Burke,trey-burke,32,G,6-0,185,"NOV 12, 1992",27.0,6,Michigan,2019-20,1610612742,DAL,Dallas Mavericks,72.0,https://cdn.nba.com/headshots/nba/latest/1040x760/203504.png,https://cdn.nba.com/logos/nba/1610612742/primary/L/logo.svg
1626161,Willie Cauley-Stein,willie-cauley-stein,33,C,7-0,240,"AUG 18, 1993",26.0,4,Kentucky,2019-20,1610612742,DAL,Dallas Mavericks,84.0,https://cdn.nba.com/headshots/nba/latest/1040x760/1626161.png,https://cdn.nba.com/logos/nba/1610612742/primary/L/logo.svg
1629626,Bol Bol,bol-bol,10,C-F,7-2,220,"NOV 16, 1999",20.0,R,Oregon,2019-20,1610612743,DEN,Denver Nuggets,86.0,https://cdn.nba.com/headshots/nba/latest/1040x760/1629626.png,https://cdn.nba.com/logos/nba/1610612743/primary/L/logo.svg
203914,Gary Harris,gary-harris,14,G,6-4,210,"SEP 14, 1994",25.0,5,Michigan State,2019-20,1610612743,DEN,Denver Nuggets,76.0,https://cdn.nba.com/headshots/nba/latest/1040x760/203914.png,https://cdn.nba.com/logos/nba/1610612743/primary/L/logo.svg
1627750,Jamal Murray,jamal-murray,27,G,6-4,215,"FEB 23, 1997",23.0,3,Kentucky,2019-20,1610612743,DEN,Denver Nuggets,76.0,https://cdn.nba.com/headshots/nba/latest/1040x760/1627750.png,https://cdn.nba.com/logos/nba/1610612743/primary/L/logo.svg
203924,Jerami Grant,jerami-grant,9,F,6-8,210,"MAR 12, 1994",26.0,5,Syracuse,2019-20,1610612743,DEN,Denver Nuggets,80.0,https://cdn.nba.com/headshots/nba/latest/1040x760/203924.png,https://cdn.nba.com/logos/nba/1610612743/primary/L/logo.svg
1628966,Keita Bates-Diop,keita-bates-diop,6,F,6-8,229,"JAN 23, 1996",24.0,1,Ohio State,2019-20,1610612743,DEN,Denver Nuggets,80.0,https://cdn.nba.com/headshots/nba/latest/1040x760/1628966.png,https://cdn.nba.com/logos/nba/1610612743/primary/L/logo.svg
203486,Mason Plumlee,mason-plumlee,7,F-C,6-11,254,"MAR 05, 1990",30.0,6,Duke,2019-20,1610612743,DEN,Denver Nuggets,83.0,https://cdn.nba.com/headshots/nba/latest/1040x760/203486.png,https://cdn.nba.com/logos/nba/1610612743/primary/L/logo.svg
1629008,Michael Porter Jr.,michael-porter-jr,1,F,6-10,218,"JUN 29, 1998",22.0,R,Missouri,2019-20,1610612743,DEN,Denver Nuggets,82.0,https://cdn.nba.com/headshots/nba/latest/1040x760/1629008.png,https://cdn.nba.com/logos/nba/1610612743/primary/L/logo.svg
1628420,Monté Morris,monté-morris,11,G,6-2,183,"JUN 27, 1995",25.0,2,Iowa State,2019-20,1610612743,DEN,Denver Nuggets,74.0,https://cdn.nba.com/headshots/nba/latest/1040x760/1628420.png,https://cdn.nba.com/logos/nba/1610612743/primary/L/logo.svg
203999,Nikola Jokić,nikola-jokić,15,C,7-0,284,"FEB 19, 1995",25.0,4,Mega Basket,2019-20,1610612743,DEN,Denver Nuggets,84.0,https://cdn.nba.com/headshots/nba/latest/1040x760/203999.png,https://cdn.nba.com/logos/nba/1610612743/primary/L/logo.svg
203943,Noah Vonleh,noah-vonleh,32,F,6-10,257,"AUG 24, 1995",24.0,5,Indiana,2019-20,1610612743,DEN,Denver Nuggets,82.0,https://cdn.nba.com/headshots/nba/latest/1040x760/203943.png,https://cdn.nba.com/logos/nba/1610612743/primary/L/logo.svg
1628408,PJ Dozier,pj-dozier,35,G-F,6-6,205,"OCT 25, 1996",23.0,2,South Carolina,2019-20,1610612743,DEN,Denver Nuggets,78.0,https://cdn.nba.com/headshots/nba/latest/1040x760/1628408.png,https://cdn.nba.com/logos/nba/1610612743/primary/L/logo.svg
200794,Paul Millsap,paul-millsap,4,F,6-7,257,"FEB 10, 1985",35.0,13,Louisiana Tech,2019-20,1610612743,DEN,Denver Nuggets,79.0,https://cdn.nba.com/headshots/nba/latest/1040x760/200794.png,https://cdn.nba.com/logos/nba/1610612743/primary/L/logo.svg
1628470,Torrey Craig,torrey-craig,3,F,6-7,221,"DEC 19, 1990",29.0,2,South Carolina Upstate,2019-20,1610612743,DEN,Denver Nuggets,79.0,https://cdn.nba.com/headshots/nba/latest/1040x760/1628470.png,https://cdn.nba.com/logos/nba/1610612743/primary/L/logo.svg
203584,Troy Daniels,troy-daniels,30,G,6-4,200,"JUL 15, 1991",28.0,6,Va Commonwealth,2019-20,1610612743,DEN,Denver Nuggets,76.0,https://cdn.nba.com/headshots/nba/latest/1040x760/203584.png,https://cdn.nba.com/logos/nba/1610612743/primary/L/logo.svg
1629076,Tyler Cook,tyler-cook,25,F,6-8,255,"SEP 23, 1997",22.0,R,Iowa,2019-20,1610612743,DEN,Denver Nuggets,80.0,https://cdn.nba.com/headshots/nba/latest/1040x760/1629076.png,https://cdn.nba.com/logos/nba/1610612743/primary/L/logo.svg
1628427,Vlatko Čančar,vlatko-čančar,31,F,6-8,236,"APR 10, 1997",23.0,R,San Pablo Burgos,2019-20,1610612743,DEN,Denver Nuggets,80.0,https://cdn.nba.com/headshots/nba/latest/1040x760/1628427.png,https://cdn.nba.com/logos/nba/1610612743/primary/L/logo.svg
203115,Will Barton,will-barton,5,G,6-5,181,"JAN 06, 1991",29.0,7,Memphis,2019-20,1610612743,DEN,Denver Nuggets,77.0,https://cdn.nba.com/headshots/nba/latest/1040x760/203115.png,https://cdn.nba.com/logos/nba/1610612743/primary/L/logo.svg
201933,Blake Griffin,blake-griffin,23,F,6-9,250,"MAR 16, 1989",31.0,9,Oklahoma,2019-20,1610612765,DET,Detroit Pistons,81.0,https://cdn.nba.com/headshots/nba/latest/1040x760/201933.png,https://cdn.nba.com/logos/nba/1610612765/primary/L/logo.svg
202688,Brandon Knight,brandon-knight,20,G,6-2,182,"DEC 02, 1991",28.0,7,Kentucky,2019-20,1610612765,DET,Detroit Pistons,74.0,https://cdn.nba.com/headshots/nba/latest/1040x760/202688.png,https://cdn.nba.com/logos/nba/1610612765/primary/L/logo.svg
1628971,Bruce Brown,bruce-brown,6,G-F,6-4,202,"AUG 15, 1996",23.0,1,Miami,2019-20,1610612765,DET,Detroit Pistons,76.0,https://cdn.nba.com/headshots/nba/latest/1040x760/1628971.png,https://cdn.nba.com/logos/nba/1610612765/primary/L/logo.svg
1626174,Christian Wood,christian-wood,35,F,6-10,214,"SEP 27, 1995",24.0,3,UNLV,2019-20,1610612765,DET,Detroit Pistons,82.0,https://cdn.nba.com/headshots/nba/latest/1040x760/1626174.png,https://cdn.nba.com/logos/nba/1610612765/primary/L/logo.svg
201565,Derrick Rose,derrick-rose,25,G,6-2,200,"OCT 04, 1988",31.0,10,Memphis,2019-20,1610612765,DET,Detroit Pistons,74.0,https://cdn.nba.com/headshots/nba/latest/1040x760/201565.png,https://cdn.nba.com/logos/nba/1610612765/primary/L/logo.svg
203089,John Henson,john-henson,31,F-C,6-9,219,"DEC 28, 1990",29.0,7,North Carolina,2019-20,1610612765,DET,Detroit Pistons,81.0,https://cdn.nba.com/headshots/nba/latest/1040x760/203089.png,https://cdn.nba.com/logos/nba/1610612765/primary/L/logo.svg
1629648,Jordan Bone,jordan-bone,18,G,6-3,180,"NOV 05, 1997",22.0,R,Tennessee,2019-20,1610612765,DET,Detroit Pistons,75.0,https://cdn.nba.com/headshots/nba/latest/1040x760/1629648.png,https://cdn.nba.com/logos/nba/1610612765/primary/L/logo.svg
203895,Jordan McRae,jordan-mcrae,52,G,6-5,179,"MAR 28, 1991",29.0,3,Tennessee,2019-20,1610612765,DET,Detroit Pistons,77.0,https://cdn.nba.com/headshots/nba/latest/1040x760/203895.png,https://cdn.nba.com/logos/nba/1610612765/primary/L/logo.svg
1628383,Justin Patton,justin-patton,12,C,6-11,241,"JUN 14, 1997",23.0,2,Creighton,2019-20,1610612765,DET,Detroit Pistons,83.0,https://cdn.nba.com/headshots/nba/latest/1040x760/1628383.png,https://cdn.nba.com/logos/nba/1610612765/primary/L/logo.svg
1629017,Khyri Thomas,khyri-thomas,13,G,6-3,210,"MAY 08, 1996",24.0,1,Creighton,2019-20,1610612765,DET,Detroit Pistons,75.0,https://cdn.nba.com/headshots/nba/latest/1040x760/1629017.png,https://cdn.nba.com/logos/nba/1610612765/primary/L/logo.svg
204038,Langston Galloway,langston-galloway,9,G,6-1,200,"DEC 09, 1991",28.0,5,St. Joseph's (PA),2019-20,1610612765,DET,Detroit Pistons,73.0,https://cdn.nba.com/headshots/nba/latest/1040x760/204038.png,https://cdn.nba.com/logos/nba/1610612765/primary/L/logo.svg
1629663,Louis King,louis-king,14,F,6-7,205,"APR 06, 1999",21.0,R,Oregon,2019-20,1610612765,DET,Detroit Pistons,79.0,https://cdn.nba.com/headshots/nba/latest/1040x760/1629663.png,https://cdn.nba.com/logos/nba/1610612765/primary/L/logo.svg
1628379,Luke Kennard,luke-kennard,5,G,6-5,206,"JUN 24, 1996",24.0,2,Duke,2019-20,1610612765,DET,Detroit Pistons,77.0,https://cdn.nba.com/headshots/nba/latest/1040x760/1628379.png,https://cdn.nba.com/logos/nba/1610612765/primary/L/logo.svg
1629635,Sekou Doumbouya,sekou-doumbouya,45,F,6-8,230,"DEC 23, 2000",19.0,R,                                   ,2019-20,1610612765,DET,Detroit Pistons,80.0,https://cdn.nba.com/headshots/nba/latest/1040x760/1629635.png,https://cdn.nba.com/logos/nba/1610612765/primary/L/logo.svg
1629004,Svi Mykhailiuk,svi-mykhailiuk,19,G-F,6-7,205,"JUN 10, 1997",23.0,1,Kansas,2019-20,1610612765,DET,Detroit Pistons,79.0,https://cdn.nba.com/headshots/nba/latest/1040x760/1629004.png,https://cdn.nba.com/logos/nba/1610612765/primary/L/logo.svg
1627748,Thon Maker,thon-maker,7,F-C,7-0,221,"FEB 25, 1997",23.0,3,Athlete Institute Prep,2019-20,1610612765,DET,Detroit Pistons,84.0,https://cdn.nba.com/headshots/nba/latest/1040x760/1627748.png,https://cdn.nba.com/logos/nba/1610612765/primary/L/logo.svg
203503,Tony Snell,tony-snell,17,G,6-6,213,"NOV 10, 1991",28.0,6,New Mexico,2019-20,1610612765,DET,Detroit Pistons,78.0,https://cdn.nba.com/headshots/nba/latest/1040x760/203503.png,https://cdn.nba.com/logos/nba/1610612765/primary/L/logo.svg
1629346,Alen Smailagic,alen-smailagic,6,F,6-10,215,"AUG 18, 2000",19.0,R,Beko,2019-20,1610612744,GSW,Golden State Warriors,82.0,https://cdn.nba.com/headshots/nba/latest/1040x760/1629346.png,https://cdn.nba.com/logos/nba/1610612744/primary/L/logo.svg
203952,Andrew Wiggins,andrew-wiggins,22,F,6-7,197,"FEB 23, 1995",25.0,5,Kansas,2019-20,1610612744,GSW,Golden State Warriors,79.0,https://cdn.nba.com/headshots/nba/latest/1040x760/203952.png,https://cdn.nba.com/logos/nba/1610612744/primary/L/logo.svg
1627814,Damion Lee,damion-lee,1,G-F,6-5,210,"OCT 21, 1992",27.0,2,Drexel,2019-20,1610612744,GSW,Golden State Warriors,77.0,https://cdn.nba.com/headshots/nba/latest/1040x760/1627814.png,https://cdn.nba.com/logos/nba/1610612744/primary/L/logo.svg
203110,Draymond Green,draymond-green,23,F,6-6,230,"MAR 04, 1990",30.0,7,Michigan State,2019-20,1610612744,GSW,Golden State Warriors,78.0,https://cdn.nba.com/headshots/nba/latest/1040x760/203110.png,https://cdn.nba.com/logos/nba/1610612744/primary/L/logo.svg
1629672,Eric Paschall,eric-paschall,7,F,6-6,255,"NOV 04, 1996",23.0,R,Villanova,2019-20,1610612744,GSW,Golden State Warriors,78.0,https://cdn.nba.com/headshots/nba/latest/1040x760/1629672.png,https://cdn.nba.com/logos/nba/1610612744/primary/L/logo.svg
1629673,Jordan Poole,jordan-poole,3,G,6-4,194,"JUN 19, 1999",21.0,R,Michigan,2019-20,1610612744,GSW,Golden State Warriors,76.0,https://cdn.nba.com/headshots/nba/latest/1040x760/1629673.png,https://cdn.nba.com/logos/nba/1610612744/primary/L/logo.svg
1629308,Juan Toscano-Anderson,juan-toscano-anderson,95,F,6-6,209,"APR 10, 1993",27.0,R,Marquette,2019-20,1610612744,GSW,Golden State Warriors,78.0,https://cdn.nba.com/headshots/nba/latest/1040x760/1629308.png,https://cdn.nba.com/logos/nba/1610612744/primary/L/logo.svg
1626172,Kevon Looney,kevon-looney,5,F,6-9,222,"FEB 06, 1996",24.0,4,UCLA,2019-20,1610612744,GSW,Golden State Warriors,81.0,https://cdn.nba.com/headshots/nba/latest/1040x760/1626172.png,https://cdn.nba.com/logos/nba/1610612744/primary/L/logo.svg
202691,Klay Thompson,klay-thompson,11,G,6-6,215,"FEB 08, 1990",30.0,8,Washington State,2019-20,1610612744,GSW,Golden State Warriors,78.0,https://cdn.nba.com/headshots/nba/latest/1040x760/202691.png,https://cdn.nba.com/logos/nba/1610612744/primary/L/logo.svg
1629065,Ky Bowman,ky-bowman,12,G,6-1,187,"JUN 16, 1997",23.0,R,Boston College,2019-20,1610612744,GSW,Golden State Warriors,73.0,https://cdn.nba.com/headshots/nba/latest/1040x760/1629065.png,https://cdn.nba.com/logos/nba/1610612744/primary/L/logo.svg
1627737,Marquese Chriss,marquese-chriss,32,F,6-9,240,"JUL 02, 1997",22.0,3,Washington,2019-20,1610612744,GSW,Golden State Warriors,81.0,https://cdn.nba.com/headshots/nba/latest/1040x760/1627737.png,https://cdn.nba.com/logos/nba/1610612744/primary/L/logo.svg
1628539,Mychal Mulder,mychal-mulder,12,G,6-3,184,"JUN 12, 1994",26.0,R,Kentucky,2019-20,1610612744,GSW,Golden State Warriors,75.0,https://cdn.nba.com/headshots/nba/latest/1040x760/1628539.png,https://cdn.nba.com/logos/nba/1610612744/primary/L/logo.svg
201939,Stephen Curry,stephen-curry,30,G,6-3,185,"MAR 14, 1988",32.0,10,Davidson,2019-20,1610612744,GSW,Golden State Warriors,75.0,https://cdn.nba.com/headshots/nba/latest/1040x760/201939.png,https://cdn.nba.com/logos/nba/1610612744/primary/L/logo.svg
203085,Austin Rivers,austin-rivers,25,G,6-3,200,"AUG 01, 1992",27.0,7,Duke,2019-20,1610612745,HOU,Houston Rockets,75.0,https://cdn.nba.com/headshots/nba/latest/1040x760/203085.png,https://cdn.nba.com/logos/nba/1610612745/primary/L/logo.svg
203463,Ben McLemore,ben-mclemore,16,G,6-3,195,"FEB 11, 1993",27.0,6,Kansas,2019-20,1610612745,HOU,Houston Rockets,75.0,https://cdn.nba.com/headshots/nba/latest/1040x760/203463.png,https://cdn.nba.com/logos/nba/1610612745/primary/L/logo.svg
203998,Bruno Caboclo,bruno-caboclo,5,F,6-9,218,"SEP 21, 1995",24.0,5,Pinheiros,2019-20,1610612745,HOU,Houston Rockets,81.0,https://cdn.nba.com/headshots/nba/latest/1040x760/203998.png,https://cdn.nba.com/logos/nba/1610612745/primary/L/logo.svg
1629598,Chris Clemons,chris-clemons,3,G,5-9,180,"JUL 23, 1997",22.0,R,Campbell University,2019-20,1610612745,HOU,Houston Rockets,69.0,https://cdn.nba.com/headshots/nba/latest/1040x760/1629598.png,https://cdn.nba.com/logos/nba/1610612745/primary/L/logo.svg
1627863,Danuel House Jr.,danuel-house-jr,4,F-G,6-6,220,"JUN 07, 1993",27.0,3,Texas A&M,2019-20,1610612745,HOU,Houston Rockets,78.0,https://cdn.nba.com/headshots/nba/latest/1040x760/1627863.png,https://cdn.nba.com/logos/nba/1610612745/primary/L/logo.svg
1628021,David Nwaba,david-nwaba,0,G-F,6-5,219,"JAN 14, 1993",27.0,3,Cal Poly-Obispo,2019-20,1610612745,HOU,Houston Rockets,77.0,https://cdn.nba.com/headshots/nba/latest/1040x760/1628021.png,https://cdn.nba.com/logos/nba/1610612745/primary/L/logo.svg
201960,DeMarre Carroll,demarre-carroll,9,F,6-6,215,"JUL 27, 1986",33.0,10,Missouri,2019-20,1610612745,HOU,Houston Rockets,78.0,https://cdn.nba.com/headshots/nba/latest/1040x760/201960.png,https://cdn.nba.com/logos/nba/1610612745/primary/L/logo.svg
201569,Eric Gordon,eric-gordon,10,G,6-3,215,"DEC 25, 1988",31.0,11,Indiana,2019-20,1610612745,HOU,Houston Rockets,75.0,https://cdn.nba.com/headshots/nba/latest/1040x760/201569.png,https://cdn.nba.com/logos/nba/1610612745/primary/L/logo.svg
201935,James Harden,james-harden,13,G,6-5,220,"AUG 26, 1989",30.0,10,Arizona State,2019-20,1610612745,HOU,Houston Rockets,77.0,https://cdn.nba.com/headshots/nba/latest/1040x760/201935.png,https://cdn.nba.com/logos/nba/1610612745/primary/L/logo.svg
201145,Jeff Green,jeff-green,32,F,6-8,235,"AUG 28, 1986",33.0,12,Georgetown,2019-20,1610612745,HOU,Houston Rockets,80.0,https://cdn.nba.com/headshots/nba/latest/1040x760/201145.png,https://cdn.nba.com/logos/nba/1610612745/primary/L/logo.svg
201601,Luc Mbah a Moute,luc-mbah-a-moute,12,F,6-8,230,"SEP 09, 1986",33.0,11,UCLA,2019-20,1610612745,HOU,Houston Rockets,80.0,https://cdn.nba.com/headshots/nba/latest/1040x760/201601.png,https://cdn.nba.com/logos/nba/1610612745/primary/L/logo.svg
1626187,Michael Frazier II,michael-frazier-ii,21,G,6-3,200,"MAR 08, 1994",26.0,R,Florida,2019-20,1610612745,HOU,Houston Rockets,75.0,https://cdn.nba.com/headshots/nba/latest/1040x760/1626187.png,https://cdn.nba.com/logos/nba/1610612745/primary/L/logo.svg
200782,P.J. Tucker,pj-tucker,17,F,6-5,245,"MAY 05, 1985",35.0,8,Texas,2019-20,1610612745,HOU,Houston Rockets,77.0,https://cdn.nba.com/headshots/nba/latest/1040x760/200782.png,https://cdn.nba.com/logos/nba/1610612745/primary/L/logo.svg
203496,Robert Covington,robert-covington,33,F,6-7,209,"DEC 14, 1990",29.0,6,Tennessee State,2019-20,1610612745,HOU,Houston Rockets,79.0,https://cdn.nba.com/headshots/nba/latest/1040x760/203496.png,https://cdn.nba.com/logos/nba/1610612745/primary/L/logo.svg
201566,Russell Westbrook,russell-westbrook,0,G,6-3,200,"NOV 12, 1988",31.0,11,UCLA,2019-20,1610612745,HOU,Houston Rockets,75.0,https://cdn.nba.com/headshots/nba/latest/1040x760/201566.png,https://cdn.nba.com/logos/nba/1610612745/primary/L/logo.svg
200757,Thabo Sefolosha,thabo-sefolosha,18,F-G,6-6,215,"MAY 02, 1984",36.0,13,Angelico Biella,2019-20,1610612745,HOU,Houston Rockets,78.0,https://cdn.nba.com/headshots/nba/latest/1040x760/200757.png,https://cdn.nba.com/logos/nba/1610612745/primary/L/logo.svg
2199,Tyson Chandler,tyson-chandler,19,C,7-0,235,"OCT 02, 1982",37.0,18,Dominguez HS (CA),2019-20,1610612745,HOU,Houston Rockets,84.0,https://cdn.nba.com/headshots/nba/latest/1040x760/2199.png,https://cdn.nba.com/logos/nba/1610612745/primary/L/logo.svg
1629739,William Howard,william-howard,52,F-G,6-8,207,"OCT 25, 1993",26.0,R,Limoges,2019-20,1610612745,HOU,Houston Rockets,80.0,https://cdn.nba.com/headshots/nba/latest/1040x760/1629739.png,https://cdn.nba.com/logos/nba/1610612745/primary/L/logo.svg
1628988,Aaron Holiday,aaron-holiday,3,G,6-0,185,"SEP 30, 1996",23.0,1,UCLA,2019-20,1610612754,IND,Indiana Pacers,72.0,https://cdn.nba.com/headshots/nba/latest/1040x760/1628988.png,https://cdn.nba.com/logos/nba/1610612754/primary/L/logo.svg
1628993,Alize Johnson,alize-johnson,24,F,6-7,212,"APR 22, 1996",24.0,1,Missouri State,2019-20,1610612754,IND,Indiana Pacers,79.0,https://cdn.nba.com/headshots/nba/latest/1040x760/1628993.png,https://cdn.nba.com/logos/nba/1610612754/primary/L/logo.svg
1628968,Brian Bowen II,brian-bowen-ii,10,F-G,6-6,190,"OCT 02, 1998",21.0,R,Sydney Kings,2019-20,1610612754,IND,Indiana Pacers,78.0,https://cdn.nba.com/headshots/nba/latest/1040x760/1628968.png,https://cdn.nba.com/logos/nba/1610612754/primary/L/logo.svg
1627734,Domantas Sabonis,domantas-sabonis,11,F-C,6-11,240,"MAY 03, 1996",24.0,3,Gonzaga,2019-20,1610612754,IND,Indiana Pacers,83.0,https://cdn.nba.com/headshots/nba/latest/1040x760/1627734.png,https://cdn.nba.com/logos/nba/1610612754/primary/L/logo.svg
203926,Doug McDermott,doug-mcdermott,20,F,6-7,225,"JAN 03, 1992",28.0,5,Creighton,2019-20,1610612754,IND,Indiana Pacers,79.0,https://cdn.nba.com/headshots/nba/latest/1040x760/203926.png,https://cdn.nba.com/logos/nba/1610612754/primary/L/logo.svg
1628410,Edmond Sumner,edmond-sumner,5,G,6-4,196,"DEC 31, 1995",24.0,2,Xavier,2019-20,1610612754,IND,Indiana Pacers,76.0,https://cdn.nba.com/headshots/nba/latest/1040x760/1628410.png,https://cdn.nba.com/logos/nba/1610612754/primary/L/logo.svg
1629048,Goga Bitadze,goga-bitadze,88,C-F,6-11,250,"JUL 20, 1999",20.0,R,Mega Basket,2019-20,1610612754,IND,Indiana Pacers,83.0,https://cdn.nba.com/headshots/nba/latest/1040x760/1629048.png,https://cdn.nba.com/logos/nba/1610612754/primary/L/logo.svg
203960,JaKarr Sampson,jakarr-sampson,14,F,6-7,214,"MAR 20, 1993",27.0,4,St. John's (NY),2019-20,1610612754,IND,Indiana Pacers,79.0,https://cdn.nba.com/headshots/nba/latest/1040x760/203960.png,https://cdn.nba.com/logos/nba/1610612754/primary/L/logo.svg
203087,Jeremy Lamb,jeremy-lamb,26,G-F,6-5,180,"MAY 30, 1992",28.0,7,Connecticut,2019-20,1610612754,IND,Indiana Pacers,77.0,https://cdn.nba.com/headshots/nba/latest/1040x760/203087.png,https://cdn.nba.com/logos/nba/1610612754/primary/L/logo.svg
203200,Justin Holiday,justin-holiday,8,F-G,6-6,180,"APR 05, 1989",31.0,6,Washington,2019-20,1610612754,IND,Indiana Pacers,78.0,https://cdn.nba.com/headshots/nba/latest/1040x760/203200.png,https://cdn.nba.com/logos/nba/1610612754/primary/L/logo.svg
1627763,Malcolm Brogdon,malcolm-brogdon,7,G,6-5,229,"DEC 11, 1992",27.0,3,Virginia,2019-20,1610612754,IND,Indiana Pacers,77.0,https://cdn.nba.com/headshots/nba/latest/1040x760/1627763.png,https://cdn.nba.com/logos/nba/1610612754/primary/L/logo.svg
1626167,Myles Turner,myles-turner,33,C-F,6-11,250,"MAR 24, 1996",24.0,4,Texas,2019-20,1610612754,IND,Indiana Pacers,83.0,https://cdn.nba.com/headshots/nba/latest/1040x760/1626167.png,https://cdn.nba.com/logos/nba/1610612754/primary/L/logo.svg
1628513,Naz Mitrou-Long,naz-mitrou-long,15,G,6-3,218,"AUG 03, 1993",26.0,2,Iowa State,2019-20,1610612754,IND,Indiana Pacers,75.0,https://cdn.nba.com/headshots/nba/latest/1040x760/1628513.png,https://cdn.nba.com/logos/nba/1610612754/primary/L/logo.svg
1628388,T.J. Leaf,tj-leaf,22,F,6-10,222,"APR 30, 1997",23.0,2,UCLA,2019-20,1610612754,IND,Indiana Pacers,82.0,https://cdn.nba.com/headshots/nba/latest/1040x760/1628388.png,https://cdn.nba.com/logos/nba/1610612754/primary/L/logo.svg
204456,T.J. McConnell,tj-mcconnell,9,G,6-1,190,"MAR 25, 1992",28.0,4,Arizona,2019-20,1610612754,IND,Indiana Pacers,73.0,https://cdn.nba.com/headshots/nba/latest/1040x760/204456.png,https://cdn.nba.com/logos/nba/1610612754/primary/L/logo.svg
203933,T.J. Warren,tj-warren,1,F,6-8,220,"SEP 05, 1993",26.0,5,North Carolina State,2019-20,1610612754,IND,Indiana Pacers,80.0,https://cdn.nba.com/headshots/nba/latest/1040x760/203933.png,https://cdn.nba.com/logos/nba/1610612754/primary/L/logo.svg
203506,Victor Oladipo,victor-oladipo,4,G,6-4,213,"MAY 04, 1992",28.0,6,Indiana,2019-20,1610612754,IND,Indiana Pacers,76.0,https://cdn.nba.com/headshots/nba/latest/1040x760/203506.png,https://cdn.nba.com/logos/nba/1610612754/primary/L/logo.svg
1629599,Amir Coffey,amir-coffey,7,G-F,6-7,210,"JUN 17, 1997",23.0,R,Minnesota,2019-20,1610612746,LAC,Los Angeles Clippers,79.0,https://cdn.nba.com/headshots/nba/latest/1040x760/1629599.png,https://cdn.nba.com/logos/nba/1610612746/primary/L/logo.svg
1627826,Ivica Zubac,ivica-zubac,40,C,7-0,240,"MAR 18, 1997",23.0,3,Mega Basket,2019-20,1610612746,LAC,Los Angeles Clippers,84.0,https://cdn.nba.com/headshots/nba/latest/1040x760/1627826.png,https://cdn.nba.com/logos/nba/1610612746/primary/L/logo.svg
203210,JaMychal Green,jamychal-green,4,F-C,6-8,227,"JUN 21, 1990",30.0,5,Alabama,2019-20,1610612746,LAC,Los Angeles Clippers,80.0,https://cdn.nba.com/headshots/nba/latest/1040x760/203210.png,https://cdn.nba.com/logos/nba/1610612746/primary/L/logo.svg
201149,Joakim Noah,joakim-noah,55,F-C,6-11,232,"FEB 25, 1985",35.0,12,Florida,2019-20,1610612746,LAC,Los Angeles Clippers,83.0,https://cdn.nba.com/headshots/nba/latest/1040x760/201149.png,https://cdn.nba.com/logos/nba/1610612746/primary/L/logo.svg
1628405,Johnathan Motley,johnathan-motley,15,F,6-8,230,"MAY 04, 1995",25.0,2,Baylor,2019-20,1610612746,LAC,Los Angeles Clippers,80.0,https://cdn.nba.com/headshots/nba/latest/1040x760/1628405.png,https://cdn.nba.com/logos/nba/1610612746/primary/L/logo.svg
202695,Kawhi Leonard,kawhi-leonard,2,F,6-7,225,"JUN 29, 1991",29.0,8,San Diego State,2019-20,1610612746,LAC,Los Angeles Clippers,79.0,https://cdn.nba.com/headshots/nba/latest/1040x760/202695.png,https://cdn.nba.com/logos/nba/1610612746/primary/L/logo.svg
1629013,Landry Shamet,landry-shamet,20,G,6-4,190,"MAR 13, 1997",23.0,1,Wichita State,2019-20,1610612746,LAC,Los Angeles Clippers,76.0,https://cdn.nba.com/headshots/nba/latest/1040x760/1629013.png,https://cdn.nba.com/logos/nba/1610612746/primary/L/logo.svg
101150,Lou Williams,lou-williams,23,G,6-1,175,"OCT 27, 1986",33.0,14,South Gwinnett HS (GA),2019-20,1610612746,LAC,Los Angeles Clippers,73.0,https://cdn.nba.com/headshots/nba/latest/1040x760/101150.png,https://cdn.nba.com/logos/nba/1610612746/primary/L/logo.svg
202694,Marcus Morris Sr.,marcus-morris-sr,31,F,6-8,218,"SEP 02, 1989",30.0,8,Kansas,2019-20,1610612746,LAC,Los Angeles Clippers,80.0,https://cdn.nba.com/headshots/nba/latest/1040x760/202694.png,https://cdn.nba.com/logos/nba/1610612746/primary/L/logo.svg
1629662,Mfiondu Kabengele,mfiondu-kabengele,25,F-C,6-9,250,"AUG 14, 1997",22.0,R,Florida State,2019-20,1610612746,LAC,Los Angeles Clippers,81.0,https://cdn.nba.com/headshots/nba/latest/1040x760/1629662.png,https://cdn.nba.com/logos/nba/1610612746/primary/L/logo.svg
1626149,Montrezl Harrell,montrezl-harrell,5,F-C,6-7,240,"JAN 26, 1994",26.0,4,Louisville,2019-20,1610612746,LAC,Los Angeles Clippers,79.0,https://cdn.nba.com/headshots/nba/latest/1040x760/1626149.png,https://cdn.nba.com/logos/nba/1610612746/primary/L/logo.svg
201976,Patrick Beverley,patrick-beverley,21,G,6-1,180,"JUL 12, 1988",31.0,7,Arkansas,2019-20,1610612746,LAC,Los Angeles Clippers,73.0,https://cdn.nba.com/headshots/nba/latest/1040x760/201976.png,https://cdn.nba.com/logos/nba/1610612746/primary/L/logo.svg
202335,Patrick Patterson,patrick-patterson,54,F,6-8,235,"MAR 14, 1989",31.0,9,Kentucky,2019-20,1610612746,LAC,Los Angeles Clippers,80.0,https://cdn.nba.com/headshots/nba/latest/1040x760/202335.png,https://cdn.nba.com/logos/nba/1610612746/primary/L/logo.svg
202331,Paul George,paul-george,13,F,6-8,220,"MAY 02, 1990",30.0,9,Fresno State,2019-20,1610612746,LAC,Los Angeles Clippers,80.0,https://cdn.nba.com/headshots/nba/latest/1040x760/202331.png,https://cdn.nba.com/logos/nba/1610612746/primary/L/logo.svg
202704,Reggie Jackson,reggie-jackson,1,G,6-3,208,"APR 16, 1990",30.0,8,Boston College,2019-20,1610612746,LAC,Los Angeles Clippers,75.0,https://cdn.nba.com/headshots/nba/latest/1040x760/202704.png,https://cdn.nba.com/logos/nba/1610612746/primary/L/logo.svg
203585,Rodney McGruder,rodney-mcgruder,19,G,6-4,205,"JUL 29, 1991",28.0,3,Kansas State,2019-20,1610612746,LAC,Los Angeles Clippers,76.0,https://cdn.nba.com/headshots/nba/latest/1040x760/203585.png,https://cdn.nba.com/logos/nba/1610612746/primary/L/logo.svg
1629611,Terance Mann,terance-mann,14,G-F,6-5,215,"OCT 18, 1996",23.0,R,Florida State,2019-20,1610612746,LAC,Los Angeles Clippers,77.0,https://cdn.nba.com/headshots/nba/latest/1040x760/1629611.png,https://cdn.nba.com/logos/nba/1610612746/primary/L/logo.svg
1627936,Alex Caruso,alex-caruso,4,G,6-5,186,"FEB 28, 1994",26.0,2,Texas A&M,2019-20,1610612747,LAL,Los Angeles Lakers,77.0,https://cdn.nba.com/headshots/nba/latest/1040x760/1627936.png,https://cdn.nba.com/logos/nba/1610612747/primary/L/logo.svg
203076,Anthony Davis,anthony-davis,3,F-C,6-10,253,"MAR 11, 1993",27.0,7,Kentucky,2019-20,1610612747,LAL,Los Angeles Lakers,82.0,https://cdn.nba.com/headshots/nba/latest/1040x760/203076.png,https://cdn.nba.com/logos/nba/1610612747/primary/L/logo.svg
202340,Avery Bradley,avery-bradley,11,G,6-3,180,"NOV 26, 1990",29.0,9,University of Texas at Austin,2019-20,1610612747,LAL,Los Angeles Lakers,75.0,https://cdn.nba.com/headshots/nba/latest/1040x760/202340.png,https://cdn.nba.com/logos/nba/1610612747/primary/L/logo.svg
201980,Danny Green,danny-green,14,G,6-6,215,"JUN 22, 1987",33.0,10,North Carolina,2019-20,1610612747,LAL,Los Angeles Lakers,78.0,https://cdn.nba.com/headshots/nba/latest/1040x760/201980.png,https://cdn.nba.com/logos/nba/1610612747/primary/L/logo.svg
1629719,Devontae Cacok,devontae-cacok,12,F,6-8,240,"OCT 08, 1996",23.0,R,UNC-Wilmington,2019-20,1610612747,LAL,Los Angeles Lakers,80.0,https://cdn.nba.com/headshots/nba/latest/1040x760/1629719.png,https://cdn.nba.com/logos/nba/1610612747/primary/L/logo.svg
203079,Dion Waiters,dion-waiters,18,G,6-3,210,"DEC 10, 1991",28.0,7,Syracuse,2019-20,1610612747,LAL,Los Angeles Lakers,75.0,https://cdn.nba.com/headshots/nba/latest/1040x760/203079.png,https://cdn.nba.com/logos/nba/1610612747/primary/L/logo.svg
2730,Dwight Howard,dwight-howard,39,C-F,6-10,265,"DEC 08, 1985",34.0,15,SW Atlanta Christian Academy (GA),2019-20,1610612747,LAL,Los Angeles Lakers,82.0,https://cdn.nba.com/headshots/nba/latest/1040x760/2730.png,https://cdn.nba.com/logos/nba/1610612747/primary/L/logo.svg
2747,JR Smith,jr-smith,21,G,6-6,220,"SEP 09, 1985",34.0,15,No College,2019-20,1610612747,LAL,Los Angeles Lakers,78.0,https://cdn.nba.com/headshots/nba/latest/1040x760/2747.png,https://cdn.nba.com/logos/nba/1610612747/primary/L/logo.svg
201580,JaVale McGee,javale-mcgee,7,C-F,7-0,270,"JAN 19, 1988",32.0,11,Nevada,2019-20,1610612747,LAL,Los Angeles Lakers,84.0,https://cdn.nba.com/headshots/nba/latest/1040x760/201580.png,https://cdn.nba.com/logos/nba/1610612747/primary/L/logo.svg
201162,Jared Dudley,jared-dudley,10,F,6-6,237,"JUL 10, 1985",34.0,12,Boston College,2019-20,1610612747,LAL,Los Angeles Lakers,78.0,https://cdn.nba.com/headshots/nba/latest/1040x760/201162.png,https://cdn.nba.com/logos/nba/1610612747/primary/L/logo.svg
203484,Kentavious Caldwell-Pope,kentavious-caldwell-pope,1,G,6-5,204,"FEB 18, 1993",27.0,6,Georgia,2019-20,1610612747,LAL,Los Angeles Lakers,77.0,https://cdn.nba.com/headshots/nba/latest/1040x760/203484.png,https://cdn.nba.com/logos/nba/1610612747/primary/L/logo.svg
1628961,Kostas Antetokounmpo,kostas-antetokounmpo,37,F,6-10,200,"NOV 20, 1997",22.0,1,Dayton,2019-20,1610612747,LAL,Los Angeles Lakers,82.0,https://cdn.nba.com/headshots/nba/latest/1040x760/1628961.png,https://cdn.nba.com/logos/nba/1610612747/primary/L/logo.svg
1628398,Kyle Kuzma,kyle-kuzma,0,F,6-8,221,"JUL 24, 1995",24.0,2,Utah,2019-20,1610612747,LAL,Los Angeles Lakers,80.0,https://cdn.nba.com/headshots/nba/latest/1040x760/1628398.png,https://cdn.nba.com/logos/nba/1610612747/primary/L/logo.svg
2544,LeBron James,lebron-james,23,F,6-9,250,"DEC 30, 1984",35.0,16,St. Vincent-St. Mary HS (OH),2019-20,1610612747,LAL,Los Angeles Lakers,81.0,https://cdn.nba.com/headshots/nba/latest/1040x760/2544.png,https://cdn.nba.com/logos/nba/1610612747/primary/L/logo.svg
202693,Markieff Morris,markieff-morris,88,F,6-8,245,"SEP 02, 1989",30.0,8,Kansas,2019-20,1610612747,LAL,Los Angeles Lakers,80.0,https://cdn.nba.com/headshots/nba/latest/1040x760/202693.png,https://cdn.nba.com/logos/nba/1610612747/primary/L/logo.svg
1626188,Quinn Cook,quinn-cook,28,G,6-1,180,"MAR 23, 1993",27.0,3,Duke,2019-20,1610612747,LAL,Los Angeles Lakers,73.0,https://cdn.nba.com/headshots/nba/latest/1040x760/1626188.png,https://cdn.nba.com/logos/nba/1610612747/primary/L/logo.svg
200765,Rajon Rondo,rajon-rondo,9,G,6-1,180,"FEB 22, 1986",34.0,13,Kentucky,2019-20,1610612747,LAL,Los Angeles Lakers,73.0,https://cdn.nba.com/headshots/nba/latest/1040x760/200765.png,https://cdn.nba.com/logos/nba/1610612747/primary/L/logo.svg
1629659,Talen Horton-Tucker,talen-horton-tucker,5,G,6-4,234,"NOV 25, 2000",19.0,R,Iowa State,2019-20,1610612747,LAL,Los Angeles Lakers,76.0,https://cdn.nba.com/headshots/nba/latest/1040x760/1629659.png,https://cdn.nba.com/logos/nba/1610612747/primary/L/logo.svg
201229,Anthony Tolliver,anthony-tolliver,44,F,6-8,240,"JUN 01, 1985",35.0,11,Creighton,2019-20,1610612763,MEM,Memphis Grizzlies,80.0,https://cdn.nba.com/headshots/nba/latest/1040x760/201229.png,https://cdn.nba.com/logos/nba/1610612763/primary/L/logo.svg
1629634,Brandon Clarke,brandon-clarke,15,F-G,6-8,215,"SEP 19, 1996",23.0,R,Gonzaga,2019-20,1610612763,MEM,Memphis Grizzlies,80.0,https://cdn.nba.com/headshots/nba/latest/1040x760/1629634.png,https://cdn.nba.com/logos/nba/1610612763/primary/L/logo.svg
1629001,De'Anthony Melton,deanthony-melton,0,G,6-2,200,"MAY 28, 1998",22.0,1,Southern California,2019-20,1610612763,MEM,Memphis Grizzlies,74.0,https://cdn.nba.com/headshots/nba/latest/1040x760/1629001.png,https://cdn.nba.com/logos/nba/1610612763/primary/L/logo.svg
1628415,Dillon Brooks,dillon-brooks,24,G-F,6-7,225,"JAN 22, 1996",24.0,2,Oregon,2019-20,1610612763,MEM,Memphis Grizzlies,79.0,https://cdn.nba.com/headshots/nba/latest/1040x760/1628415.png,https://cdn.nba.com/logos/nba/1610612763/primary/L/logo.svg
203476,Gorgui Dieng,gorgui-dieng,14,C,6-10,252,"JAN 18, 1990",30.0,6,Louisville,2019-20,1610612763,MEM,Memphis Grizzlies,82.0,https://cdn.nba.com/headshots/nba/latest/1040x760/203476.png,https://cdn.nba.com/logos/nba/1610612763/primary/L/logo.svg
1628960,Grayson Allen,grayson-allen,3,G,6-4,198,"OCT 08, 1995",24.0,1,Duke,2019-20,1610612763,MEM,Memphis Grizzlies,76.0,https://cdn.nba.com/headshots/nba/latest/1040x760/1628960.png,https://cdn.nba.com/logos/nba/1610612763/primary/L/logo.svg
1629630,Ja Morant,ja-morant,12,G,6-3,174,"AUG 10, 1999",20.0,R,Murray State,2019-20,1610612763,MEM,Memphis Grizzlies,75.0,https://cdn.nba.com/headshots/nba/latest/1040x760/1629630.png,https://cdn.nba.com/logos/nba/1610612763/primary/L/logo.svg
1628991,Jaren Jackson Jr.,jaren-jackson-jr,13,F-C,6-11,242,"SEP 15, 1999",20.0,1,Michigan State,2019-20,1610612763,MEM,Memphis Grizzlies,83.0,https://cdn.nba.com/headshots/nba/latest/1040x760/1628991.png,https://cdn.nba.com/logos/nba/1610612763/primary/L/logo.svg
1629723,John Konchar,john-konchar,46,G,6-5,210,"MAR 22, 1996",24.0,R,Indiana-Purdue Fort Wayne,2019-20,1610612763,MEM,Memphis Grizzlies,77.0,https://cdn.nba.com/headshots/nba/latest/1040x760/1629723.png,https://cdn.nba.com/logos/nba/1610612763/primary/L/logo.svg
202685,Jonas Valančiūnas,jonas-valančiūnas,17,C,6-11,265,"MAY 06, 1992",28.0,7,Lietuvos rytas Vilnius,2019-20,1610612763,MEM,Memphis Grizzlies,83.0,https://cdn.nba.com/headshots/nba/latest/1040x760/202685.png,https://cdn.nba.com/logos/nba/1610612763/primary/L/logo.svg
1629007,Jontay Porter,jontay-porter,,C-F,6-11,240,"NOV 15, 1999",20.0,R,Missouri,2019-20,1610612763,MEM,Memphis Grizzlies,83.0,https://cdn.nba.com/headshots/nba/latest/1040x760/1629007.png,https://cdn.nba.com/logos/nba/1610612763/primary/L/logo.svg
1628367,Josh Jackson,josh-jackson,20,G-F,6-8,207,"FEB 10, 1997",23.0,2,Kansas,2019-20,1610612763,MEM,Memphis Grizzlies,80.0,https://cdn.nba.com/headshots/nba/latest/1040x760/1628367.png,https://cdn.nba.com/logos/nba/1610612763/primary/L/logo.svg
1626159,Justise Winslow,justise-winslow,7,F-G,6-6,222,"MAR 26, 1996",24.0,4,Duke,2019-20,1610612763,MEM,Memphis Grizzlies,78.0,https://cdn.nba.com/headshots/nba/latest/1040x760/1626159.png,https://cdn.nba.com/logos/nba/1610612763/primary/L/logo.svg
203937,Kyle Anderson,kyle-anderson,1,F-G,6-9,230,"SEP 20, 1993",26.0,5,UCLA,2019-20,1610612763,MEM,Memphis Grizzlies,81.0,https://cdn.nba.com/headshots/nba/latest/1040x760/203937.png,https://cdn.nba.com/logos/nba/1610612763/primary/L/logo.svg
1629741,Marko Guduric,marko-guduric,23,G,6-6,201,"MAR 08, 1995",25.0,R,Fenerbahce,2019-20,1610612763,MEM,Memphis Grizzlies,78.0,https://cdn.nba.com/headshots/nba/latest/1040x760/1629741.png,https://cdn.nba.com/logos/nba/1610612763/primary/L/logo.svg
1626145,Tyus Jones,tyus-jones,21,G,6-0,196,"MAY 10, 1996",24.0,4,Duke,2019-20,1610612763,MEM,Memphis Grizzlies,72.0,https://cdn.nba.com/headshots/nba/latest/1040x760/1626145.png,https://cdn.nba.com/logos/nba/1610612763/primary/L/logo.svg
1629139,Yuta Watanabe,yuta-watanabe,18,G-F,6-8,215,"OCT 13, 1994",25.0,1,George Washington,2019-20,1610612763,MEM,Memphis Grizzlies,80.0,https://cdn.nba.com/headshots/nba/latest/1040x760/1629139.png,https://cdn.nba.com/logos/nba/1610612763/primary/L/logo.svg
2738,Andre Iguodala,andre-iguodala,28,G-F,6-6,215,"JAN 28, 1984",36.0,15,Arizona,2019-20,1610612748,MIA,Miami Heat,78.0,https://cdn.nba.com/headshots/nba/latest/1040x760/2738.png,https://cdn.nba.com/logos/nba/1610612748/primary/L/logo.svg
1628389,Bam Adebayo,bam-adebayo,13,C-F,6-9,255,"JUL 18, 1997",22.0,2,Kentucky,2019-20,1610612748,MIA,Miami Heat,81.0,https://cdn.nba.com/headshots/nba/latest/1040x760/1628389.png,https://cdn.nba.com/logos/nba/1610612748/primary/L/logo.svg
1629735,Chris Silva,chris-silva,30,F,6-8,234,"SEP 19, 1996",23.0,R,South Carolina,2019-20,1610612748,MIA,Miami Heat,80.0,https://cdn.nba.com/headshots/nba/latest/1040x760/1629735.png,https://cdn.nba.com/logos/nba/1610612748/primary/L/logo.svg
1627884,Derrick Jones Jr.,derrick-jones-jr,5,F,6-6,210,"FEB 15, 1997",23.0,3,UNLV,2019-20,1610612748,MIA,Miami Heat,78.0,https://cdn.nba.com/headshots/nba/latest/1040x760/1627884.png,https://cdn.nba.com/logos/nba/1610612748/primary/L/logo.svg
1629130,Duncan Robinson,duncan-robinson,55,F,6-7,215,"APR 22, 1994",26.0,1,Michigan,2019-20,1610612748,MIA,Miami Heat,79.0,https://cdn.nba.com/headshots/nba/latest/1040x760/1629130.png,https://cdn.nba.com/logos/nba/1610612748/primary/L/logo.svg
1629216,Gabe Vincent,gabe-vincent,2,G,6-3,200,"JUN 14, 1996",24.0,R,California-Santa Barbara,2019-20,1610612748,MIA,Miami Heat,75.0,https://cdn.nba.com/headshots/nba/latest/1040x760/1629216.png,https://cdn.nba.com/logos/nba/1610612748/primary/L/logo.svg
201609,Goran Dragic,goran-dragic,7,G,6-3,190,"MAY 06, 1986",34.0,11,Union Olimpija,2019-20,1610612748,MIA,Miami Heat,75.0,https://cdn.nba.com/headshots/nba/latest/1040x760/201609.png,https://cdn.nba.com/logos/nba/1610612748/primary/L/logo.svg
203109,Jae Crowder,jae-crowder,99,F,6-6,235,"JUL 06, 1990",29.0,7,Marquette,2019-20,1610612748,MIA,Miami Heat,78.0,https://cdn.nba.com/headshots/nba/latest/1040x760/203109.png,https://cdn.nba.com/logos/nba/1610612748/primary/L/logo.svg
202710,Jimmy Butler III,jimmy-butler-iii,22,F,6-7,230,"SEP 14, 1989",30.0,8,Marquette,2019-20,1610612748,MIA,Miami Heat,79.0,https://cdn.nba.com/headshots/nba/latest/1040x760/202710.png,https://cdn.nba.com/logos/nba/1610612748/primary/L/logo.svg
1629644,KZ Okpala,kz-okpala,4,F-G,6-8,215,"APR 28, 1999",21.0,R,Stanford,2019-20,1610612748,MIA,Miami Heat,80.0,https://cdn.nba.com/headshots/nba/latest/1040x760/1629644.png,https://cdn.nba.com/logos/nba/1610612748/primary/L/logo.svg
203482,Kelly Olynyk,kelly-olynyk,9,F-C,6-11,240,"APR 19, 1991",29.0,6,Gonzaga,2019-20,1610612748,MIA,Miami Heat,83.0,https://cdn.nba.com/headshots/nba/latest/1040x760/203482.png,https://cdn.nba.com/logos/nba/1610612748/primary/L/logo.svg
1629134,Kendrick Nunn,kendrick-nunn,25,G,6-2,190,"AUG 03, 1995",24.0,R,Oakland,2019-20,1610612748,MIA,Miami Heat,74.0,https://cdn.nba.com/headshots/nba/latest/1040x760/1629134.png,https://cdn.nba.com/logos/nba/1610612748/primary/L/logo.svg
1629734,Kyle Alexander,kyle-alexander,17,F-C,6-10,216,"OCT 21, 1996",23.0,R,Tennessee,2019-20,1610612748,MIA,Miami Heat,82.0,https://cdn.nba.com/headshots/nba/latest/1040x760/1629734.png,https://cdn.nba.com/logos/nba/1610612748/primary/L/logo.svg
203086,Meyers Leonard,meyers-leonard,0,F-C,7-0,260,"FEB 27, 1992",28.0,7,Illinois,2019-20,1610612748,MIA,Miami Heat,84.0,https://cdn.nba.com/headshots/nba/latest/1040x760/203086.png,https://cdn.nba.com/logos/nba/1610612748/primary/L/logo.svg
203524,Solomon Hill,solomon-hill,44,F,6-6,226,"MAR 18, 1991",29.0,6,Arizona,2019-20,1610612748,MIA,Miami Heat,78.0,https://cdn.nba.com/headshots/nba/latest/1040x760/203524.png,https://cdn.nba.com/logos/nba/1610612748/primary/L/logo.svg
1629639,Tyler Herro,tyler-herro,14,G,6-5,195,"JAN 20, 2000",20.0,R,Kentucky,2019-20,1610612748,MIA,Miami Heat,77.0,https://cdn.nba.com/headshots/nba/latest/1040x760/1629639.png,https://cdn.nba.com/logos/nba/1610612748/primary/L/logo.svg
2617,Udonis Haslem,udonis-haslem,40,F,6-8,235,"JUN 09, 1980",40.0,16,Florida,2019-20,1610612748,MIA,Miami Heat,80.0,https://cdn.nba.com/headshots/nba/latest/1040x760/2617.png,https://cdn.nba.com/logos/nba/1610612748/primary/L/logo.svg
201572,Brook Lopez,brook-lopez,11,C,7-0,282,"APR 01, 1988",32.0,11,Stanford,2019-20,1610612749,MIL,Milwaukee Bucks,84.0,https://cdn.nba.com/headshots/nba/latest/1040x760/201572.png,https://cdn.nba.com/logos/nba/1610612749/primary/L/logo.svg
1629244,Cam Reynolds,cam-reynolds,13,G-F,6-7,225,"FEB 07, 1995",25.0,1,Tulane,2019-20,1610612749,MIL,Milwaukee Bucks,79.0,https://cdn.nba.com/headshots/nba/latest/1040x760/1629244.png,https://cdn.nba.com/logos/nba/1610612749/primary/L/logo.svg
1628391,D.J. Wilson,dj-wilson,5,F,6-10,231,"FEB 19, 1996",24.0,2,Michigan,2019-20,1610612749,MIL,Milwaukee Bucks,82.0,https://cdn.nba.com/headshots/nba/latest/1040x760/1628391.png,https://cdn.nba.com/logos/nba/1610612749/primary/L/logo.svg
1628978,Donte DiVincenzo,donte-divincenzo,0,G,6-4,203,"JAN 31, 1997",23.0,1,Villanova,2019-20,1610612749,MIL,Milwaukee Bucks,76.0,https://cdn.nba.com/headshots/nba/latest/1040x760/1628978.png,https://cdn.nba.com/logos/nba/1610612749/primary/L/logo.svg
202339,Eric Bledsoe,eric-bledsoe,6,G,6-1,214,"DEC 09, 1989",30.0,9,Kentucky,2019-20,1610612749,MIL,Milwaukee Bucks,73.0,https://cdn.nba.com/headshots/nba/latest/1040x760/202339.png,https://cdn.nba.com/logos/nba/1610612749/primary/L/logo.svg
101141,Ersan Ilyasova,ersan-ilyasova,7,F,6-9,235,"MAY 15, 1987",33.0,11,FC Barcelona,2019-20,1610612749,MIL,Milwaukee Bucks,81.0,https://cdn.nba.com/headshots/nba/latest/1040x760/101141.png,https://cdn.nba.com/logos/nba/1610612749/primary/L/logo.svg
1628412,Frank Mason III,frank-mason-iii,15,G,5-11,190,"APR 03, 1994",26.0,2,Kansas,2019-20,1610612749,MIL,Milwaukee Bucks,71.0,https://cdn.nba.com/headshots/nba/latest/1040x760/1628412.png,https://cdn.nba.com/logos/nba/1610612749/primary/L/logo.svg
201588,George Hill,george-hill,3,G,6-3,188,"MAY 04, 1986",34.0,11,Indiana-Purdue Indianapolis,2019-20,1610612749,MIL,Milwaukee Bucks,75.0,https://cdn.nba.com/headshots/nba/latest/1040x760/201588.png,https://cdn.nba.com/logos/nba/1610612749/primary/L/logo.svg
203507,Giannis Antetokounmpo,giannis-antetokounmpo,34,F,6-11,242,"DEC 06, 1994",25.0,6,Filathlitikos,2019-20,1610612749,MIL,Milwaukee Bucks,83.0,https://cdn.nba.com/headshots/nba/latest/1040x760/203507.png,https://cdn.nba.com/logos/nba/1610612749/primary/L/logo.svg
203114,Khris Middleton,khris-middleton,22,F,6-7,222,"AUG 12, 1991",28.0,7,Texas A&M,2019-20,1610612749,MIL,Milwaukee Bucks,79.0,https://cdn.nba.com/headshots/nba/latest/1040x760/203114.png,https://cdn.nba.com/logos/nba/1610612749/primary/L/logo.svg
2594,Kyle Korver,kyle-korver,26,G-F,6-7,212,"MAR 17, 1981",39.0,16,Creighton,2019-20,1610612749,MIL,Milwaukee Bucks,79.0,https://cdn.nba.com/headshots/nba/latest/1040x760/2594.png,https://cdn.nba.com/logos/nba/1610612749/primary/L/logo.svg
101107,Marvin Williams,marvin-williams,20,F,6-8,237,"JUN 19, 1986",34.0,14,North Carolina,2019-20,1610612749,MIL,Milwaukee Bucks,80.0,https://cdn.nba.com/headshots/nba/latest/1040x760/101107.png,https://cdn.nba.com/logos/nba/1610612749/primary/L/logo.svg
1626192,Pat Connaughton,pat-connaughton,24,G,6-5,209,"JAN 06, 1993",27.0,4,Notre Dame,2019-20,1610612749,MIL,Milwaukee Bucks,77.0,https://cdn.nba.com/headshots/nba/latest/1040x760/1626192.png,https://cdn.nba.com/logos/nba/1610612749/primary/L/logo.svg
201577,Robin Lopez,robin-lopez,42,C,7-0,281,"APR 01, 1988",32.0,11,Stanford,2019-20,1610612749,MIL,Milwaukee Bucks,84.0,https://cdn.nba.com/headshots/nba/latest/1040x760/201577.png,https://cdn.nba.com/logos/nba/1610612749/primary/L/logo.svg
1628425,Sterling Brown,sterling-brown,23,G-F,6-5,219,"FEB 10, 1995",25.0,2,Southern Methodist,2019-20,1610612749,MIL,Milwaukee Bucks,77.0,https://cdn.nba.com/headshots/nba/latest/1040x760/1628425.png,https://cdn.nba.com/logos/nba/1610612749/primary/L/logo.svg
203648,Thanasis Antetokounmpo,thanasis-antetokounmpo,43,F,6-6,219,"JUL 18, 1992",27.0,1,Panathinaikos,2019-20,1610612749,MIL,Milwaukee Bucks,78.0,https://cdn.nba.com/headshots/nba/latest/1040x760/203648.png,https://cdn.nba.com/logos/nba/1610612749/primary/L/logo.svg
202083,Wesley Matthews,wesley-matthews,9,G,6-4,220,"OCT 14, 1986",33.0,10,Marquette,2019-20,1610612749,MIL,Milwaukee Bucks,76.0,https://cdn.nba.com/headshots/nba/latest/1040x760/202083.png,https://cdn.nba.com/logos/nba/1610612749/primary/L/logo.svg
1626156,D'Angelo Russell,dangelo-russell,0,G,6-4,193,"FEB 23, 1996",24.0,4,Ohio State,2019-20,1610612750,MIN,Minnesota Timberwolves,76.0,https://cdn.nba.com/headshots/nba/latest/1040x760/1626156.png,https://cdn.nba.com/logos/nba/1610612750/primary/L/logo.svg
202323,Evan Turner,evan-turner,1,G-F,6-6,220,"OCT 27, 1988",31.0,9,Ohio State,2019-20,1610612750,MIN,Minnesota Timberwolves,78.0,https://cdn.nba.com/headshots/nba/latest/1040x760/202323.png,https://cdn.nba.com/logos/nba/1610612750/primary/L/logo.svg
1628980,Jacob Evans,jacob-evans,12,G-F,6-4,210,"JUN 18, 1997",23.0,1,Cincinnati,2019-20,1610612750,MIN,Minnesota Timberwolves,76.0,https://cdn.nba.com/headshots/nba/latest/1040x760/1628980.png,https://cdn.nba.com/logos/nba/1610612750/primary/L/logo.svg
1627774,Jake Layman,jake-layman,10,F,6-8,209,"MAR 07, 1994",26.0,3,Maryland,2019-20,1610612750,MIN,Minnesota Timberwolves,80.0,https://cdn.nba.com/headshots/nba/latest/1040x760/1627774.png,https://cdn.nba.com/logos/nba/1610612750/primary/L/logo.svg
201949,James Johnson,james-johnson,16,F,6-7,240,"FEB 20, 1987",33.0,10,Wake Forest,2019-20,1610612750,MIN,Minnesota Timberwolves,79.0,https://cdn.nba.com/headshots/nba/latest/1040x760/201949.png,https://cdn.nba.com/logos/nba/1610612750/primary/L/logo.svg
1629020,Jarred Vanderbilt,jarred-vanderbilt,3,F,6-9,214,"APR 03, 1999",21.0,1,Kentucky,2019-20,1610612750,MIN,Minnesota Timberwolves,81.0,https://cdn.nba.com/headshots/nba/latest/1040x760/1629020.png,https://cdn.nba.com/logos/nba/1610612750/primary/L/logo.svg
1629633,Jarrett Culver,jarrett-culver,23,G-F,6-6,195,"FEB 20, 1999",21.0,R,Texas Tech,2019-20,1610612750,MIN,Minnesota Timberwolves,78.0,https://cdn.nba.com/headshots/nba/latest/1040x760/1629633.png,https://cdn.nba.com/logos/nba/1610612750/primary/L/logo.svg
1629669,Jaylen Nowell,jaylen-nowell,4,G,6-4,201,"JUL 09, 1999",20.0,R,Washington,2019-20,1610612750,MIN,Minnesota Timberwolves,76.0,https://cdn.nba.com/headshots/nba/latest/1040x760/1629669.png,https://cdn.nba.com/logos/nba/1610612750/primary/L/logo.svg
1629162,Jordan McLaughlin,jordan-mclaughlin,6,G,5-11,185,"APR 09, 1996",24.0,R,Southern California,2019-20,1610612750,MIN,Minnesota Timberwolves,71.0,https://cdn.nba.com/headshots/nba/latest/1040x760/1629162.png,https://cdn.nba.com/logos/nba/1610612750/primary/L/logo.svg
1629006,Josh Okogie,josh-okogie,20,G,6-4,213,"SEP 01, 1998",21.0,1,Georgia Tech,2019-20,1610612750,MIN,Minnesota Timberwolves,76.0,https://cdn.nba.com/headshots/nba/latest/1040x760/1629006.png,https://cdn.nba.com/logos/nba/1610612750/primary/L/logo.svg
1627823,Juancho Hernangomez,juancho-hernangomez,41,F,6-9,214,"SEP 28, 1995",24.0,3,Estudiantes,2019-20,1610612750,MIN,Minnesota Timberwolves,81.0,https://cdn.nba.com/headshots/nba/latest/1040x760/1627823.png,https://cdn.nba.com/logos/nba/1610612750/primary/L/logo.svg
1626157,Karl-Anthony Towns,karl-anthony-towns,32,C-F,6-11,248,"NOV 15, 1995",24.0,4,Kentucky,2019-20,1610612750,MIN,Minnesota Timberwolves,83.0,https://cdn.nba.com/headshots/nba/latest/1040x760/1626157.png,https://cdn.nba.com/logos/nba/1610612750/primary/L/logo.svg
1629103,Kelan Martin,kelan-martin,30,F,6-5,230,"AUG 03, 1995",24.0,R,Butler,2019-20,1610612750,MIN,Minnesota Timberwolves,77.0,https://cdn.nba.com/headshots/nba/latest/1040x760/1629103.png,https://cdn.nba.com/logos/nba/1610612750/primary/L/logo.svg
1627736,Malik Beasley,malik-beasley,5,G,6-4,187,"NOV 26, 1996",23.0,3,Florida State,2019-20,1610612750,MIN,Minnesota Timberwolves,76.0,https://cdn.nba.com/headshots/nba/latest/1040x760/1627736.png,https://cdn.nba.com/logos/nba/1610612750/primary/L/logo.svg
1629675,Naz Reid,naz-reid,11,C-F,6-9,264,"AUG 26, 1999",20.0,R,Louisiana State,2019-20,1610612750,MIN,Minnesota Timberwolves,81.0,https://cdn.nba.com/headshots/nba/latest/1040x760/1629675.png,https://cdn.nba.com/logos/nba/1610612750/primary/L/logo.svg
1629016,Omari Spellman,omari-spellman,14,F,6-8,245,"JUL 21, 1997",22.0,1,Villanova,2019-20,1610612750,MIN,Minnesota Timberwolves,80.0,https://cdn.nba.com/headshots/nba/latest/1040x760/1629016.png,https://cdn.nba.com/logos/nba/1610612750/primary/L/logo.svg
1627742,Brandon Ingram,brandon-ingram,14,F,6-7,190,"SEP 02, 1997",22.0,3,Duke,2019-20,1610612740,NOP,New Orleans Pelicans,79.0,https://cdn.nba.com/headshots/nba/latest/1040x760/1627742.png,https://cdn.nba.com/logos/nba/1610612740/primary/L/logo.svg
203121,Darius Miller,darius-miller,21,F,6-6,225,"MAR 21, 1990",30.0,5,Kentucky,2019-20,1610612740,NOP,New Orleans Pelicans,78.0,https://cdn.nba.com/headshots/nba/latest/1040x760/203121.png,https://cdn.nba.com/logos/nba/1610612740/primary/L/logo.svg
202324,Derrick Favors,derrick-favors,22,F,6-9,265,"JUL 15, 1991",28.0,9,Georgia Tech,2019-20,1610612740,NOP,New Orleans Pelicans,81.0,https://cdn.nba.com/headshots/nba/latest/1040x760/202324.png,https://cdn.nba.com/logos/nba/1610612740/primary/L/logo.svg
202734,E'Twaun Moore,etwaun-moore,55,G,6-3,191,"FEB 25, 1989",31.0,8,Purdue,2019-20,1610612740,NOP,New Orleans Pelicans,75.0,https://cdn.nba.com/headshots/nba/latest/1040x760/202734.png,https://cdn.nba.com/logos/nba/1610612740/primary/L/logo.svg
1628402,Frank Jackson,frank-jackson,15,G,6-3,205,"MAY 04, 1998",22.0,1,Duke,2019-20,1610612740,NOP,New Orleans Pelicans,75.0,https://cdn.nba.com/headshots/nba/latest/1040x760/1628402.png,https://cdn.nba.com/logos/nba/1610612740/primary/L/logo.svg
200755,JJ Redick,jj-redick,4,G,6-3,200,"JUN 24, 1984",36.0,13,Duke,2019-20,1610612740,NOP,New Orleans Pelicans,75.0,https://cdn.nba.com/headshots/nba/latest/1040x760/200755.png,https://cdn.nba.com/logos/nba/1610612740/primary/L/logo.svg
1626143,Jahlil Okafor,jahlil-okafor,9,C-F,6-10,270,"DEC 15, 1995",24.0,4,Duke,2019-20,1610612740,NOP,New Orleans Pelicans,82.0,https://cdn.nba.com/headshots/nba/latest/1040x760/1626143.png,https://cdn.nba.com/logos/nba/1610612740/primary/L/logo.svg
1629637,Jaxson Hayes,jaxson-hayes,10,C-F,6-11,220,"MAY 23, 2000",20.0,R,Texas,2019-20,1610612740,NOP,New Orleans Pelicans,83.0,https://cdn.nba.com/headshots/nba/latest/1040x760/1629637.png,https://cdn.nba.com/logos/nba/1610612740/primary/L/logo.svg
1627982,Josh Gray,josh-gray,5,G,6-0,180,"SEP 09, 1993",26.0,1,Louisiana State,2019-20,1610612740,NOP,New Orleans Pelicans,72.0,https://cdn.nba.com/headshots/nba/latest/1040x760/1627982.png,https://cdn.nba.com/logos/nba/1610612740/primary/L/logo.svg
1628404,Josh Hart,josh-hart,3,G,6-5,215,"MAR 06, 1995",25.0,2,Villanova,2019-20,1610612740,NOP,New Orleans Pelicans,77.0,https://cdn.nba.com/headshots/nba/latest/1040x760/1628404.png,https://cdn.nba.com/logos/nba/1610612740/primary/L/logo.svg
201950,Jrue Holiday,jrue-holiday,11,G,6-3,205,"JUN 12, 1990",30.0,10,UCLA,2019-20,1610612740,NOP,New Orleans Pelicans,75.0,https://cdn.nba.com/headshots/nba/latest/1040x760/201950.png,https://cdn.nba.com/logos/nba/1610612740/primary/L/logo.svg
1629026,Kenrich Williams,kenrich-williams,34,G-F,6-6,210,"DEC 02, 1994",25.0,1,TCU,2019-20,1610612740,NOP,New Orleans Pelicans,78.0,https://cdn.nba.com/headshots/nba/latest/1040x760/1629026.png,https://cdn.nba.com/logos/nba/1610612740/primary/L/logo.svg
1628366,Lonzo Ball,lonzo-ball,2,G,6-6,190,"OCT 27, 1997",22.0,2,UCLA,2019-20,1610612740,NOP,New Orleans Pelicans,78.0,https://cdn.nba.com/headshots/nba/latest/1040x760/1628366.png,https://cdn.nba.com/logos/nba/1610612740/primary/L/logo.svg
1629638,Nickeil Alexander-Walker,nickeil-alexander-walker,0,G,6-5,205,"SEP 02, 1998",21.0,R,Virginia Tech,2019-20,1610612740,NOP,New Orleans Pelicans,77.0,https://cdn.nba.com/headshots/nba/latest/1040x760/1629638.png,https://cdn.nba.com/logos/nba/1610612740/primary/L/logo.svg
1629740,Nicolo Melli,nicolo-melli,20,F,6-9,236,"JAN 26, 1991",29.0,R,Fenerbahce,2019-20,1610612740,NOP,New Orleans Pelicans,81.0,https://cdn.nba.com/headshots/nba/latest/1040x760/1629740.png,https://cdn.nba.com/logos/nba/1610612740/primary/L/logo.svg
1628414,Sindarius Thornwell,sindarius-thornwell,12,G,6-4,215,"NOV 15, 1994",25.0,2,South Carolina,2019-20,1610612740,NOP,New Orleans Pelicans,76.0,https://cdn.nba.com/headshots/nba/latest/1040x760/1628414.png,https://cdn.nba.com/logos/nba/1610612740/primary/L/logo.svg
1629627,Zion Williamson,zion-williamson,1,F,6-6,284,"JUL 06, 2000",19.0,R,Duke,2019-20,1610612740,NOP,New Orleans Pelicans,78.0,https://cdn.nba.com/headshots/nba/latest/1040x760/1629627.png,https://cdn.nba.com/logos/nba/1610612740/primary/L/logo.svg
1629597,Zylan Cheatham,zylan-cheatham,45,F,6-5,220,"NOV 17, 1995",24.0,R,Arizona State,2019-20,1610612740,NOP,New Orleans Pelicans,77.0,https://cdn.nba.com/headshots/nba/latest/1040x760/1629597.png,https://cdn.nba.com/logos/nba/1610612740/primary/L/logo.svg
1626171,Bobby Portis,bobby-portis,1,F,6-10,250,"FEB 10, 1995",25.0,4,Arkansas,2019-20,1610612752,NYK,New York Knicks,82.0,https://cdn.nba.com/headshots/nba/latest/1040x760/1626171.png,https://cdn.nba.com/logos/nba/1610612752/primary/L/logo.svg
1628422,Damyean Dotson,damyean-dotson,21,G,6-5,210,"MAY 06, 1994",26.0,2,Houston,2019-20,1610612752,NYK,New York Knicks,77.0,https://cdn.nba.com/headshots/nba/latest/1040x760/1628422.png,https://cdn.nba.com/logos/nba/1610612752/primary/L/logo.svg
1628372,Dennis Smith Jr.,dennis-smith-jr,5,G,6-2,205,"NOV 25, 1997",22.0,2,North Carolina State,2019-20,1610612752,NYK,New York Knicks,74.0,https://cdn.nba.com/headshots/nba/latest/1040x760/1628372.png,https://cdn.nba.com/logos/nba/1610612752/primary/L/logo.svg
203901,Elfrid Payton,elfrid-payton,6,G,6-3,195,"FEB 22, 1994",26.0,5,Louisana-Lafayette,2019-20,1610612752,NYK,New York Knicks,75.0,https://cdn.nba.com/headshots/nba/latest/1040x760/203901.png,https://cdn.nba.com/logos/nba/1610612752/primary/L/logo.svg
1628373,Frank Ntilikina,frank-ntilikina,11,G,6-4,200,"JUL 28, 1998",21.0,2,Strasbourg IG,2019-20,1610612752,NYK,New York Knicks,76.0,https://cdn.nba.com/headshots/nba/latest/1040x760/1628373.png,https://cdn.nba.com/logos/nba/1610612752/primary/L/logo.svg
1629649,Ignas Brazdeikis,ignas-brazdeikis,17,F,6-6,221,"JAN 08, 1999",21.0,R,Michigan,2019-20,1610612752,NYK,New York Knicks,78.0,https://cdn.nba.com/headshots/nba/latest/1040x760/1629649.png,https://cdn.nba.com/logos/nba/1610612752/primary/L/logo.svg
1629607,Jared Harper,jared-harper,12,G,5-10,175,"SEP 14, 1997",22.0,R,Auburn,2019-20,1610612752,NYK,New York Knicks,70.0,https://cdn.nba.com/headshots/nba/latest/1040x760/1629607.png,https://cdn.nba.com/logos/nba/1610612752/primary/L/logo.svg
203944,Julius Randle,julius-randle,30,F-C,6-8,250,"NOV 29, 1994",25.0,5,Kentucky,2019-20,1610612752,NYK,New York Knicks,80.0,https://cdn.nba.com/headshots/nba/latest/1040x760/203944.png,https://cdn.nba.com/logos/nba/1610612752/primary/L/logo.svg
1629624,Kenny Wooten,kenny-wooten,45,F,6-8,235,"APR 17, 1998",22.0,R,Oregon,2019-20,1610612752,NYK,New York Knicks,80.0,https://cdn.nba.com/headshots/nba/latest/1040x760/1629624.png,https://cdn.nba.com/logos/nba/1610612752/primary/L/logo.svg
1628995,Kevin Knox II,kevin-knox-ii,20,F,6-7,215,"AUG 11, 1999",20.0,1,Kentucky,2019-20,1610612752,NYK,New York Knicks,79.0,https://cdn.nba.com/headshots/nba/latest/1040x760/1628995.png,https://cdn.nba.com/logos/nba/1610612752/primary/L/logo.svg
203090,Maurice Harkless,maurice-harkless,3,F-G,6-7,220,"MAY 11, 1993",27.0,7,"St. John's, N.Y.",2019-20,1610612752,NYK,New York Knicks,79.0,https://cdn.nba.com/headshots/nba/latest/1040x760/203090.png,https://cdn.nba.com/logos/nba/1610612752/primary/L/logo.svg
1629011,Mitchell Robinson,mitchell-robinson,23,C-F,7-0,240,"APR 01, 1998",22.0,1,Western Kentucky,2019-20,1610612752,NYK,New York Knicks,84.0,https://cdn.nba.com/headshots/nba/latest/1040x760/1629011.png,https://cdn.nba.com/logos/nba/1610612752/primary/L/logo.svg
1629628,RJ Barrett,rj-barrett,9,F-G,6-6,214,"JUN 14, 2000",20.0,R,Duke,2019-20,1610612752,NYK,New York Knicks,78.0,https://cdn.nba.com/headshots/nba/latest/1040x760/1629628.png,https://cdn.nba.com/logos/nba/1610612752/primary/L/logo.svg
203493,Reggie Bullock Jr.,reggie-bullock-jr,25,G-F,6-6,205,"MAR 16, 1991",29.0,6,North Carolina,2019-20,1610612752,NYK,New York Knicks,78.0,https://cdn.nba.com/headshots/nba/latest/1040x760/203493.png,https://cdn.nba.com/logos/nba/1610612752/primary/L/logo.svg
201959,Taj Gibson,taj-gibson,67,F,6-9,232,"JUN 24, 1985",35.0,10,Southern California,2019-20,1610612752,NYK,New York Knicks,81.0,https://cdn.nba.com/headshots/nba/latest/1040x760/201959.png,https://cdn.nba.com/logos/nba/1610612752/primary/L/logo.svg
1629033,Theo Pinson,theo-pinson,1,G-F,6-5,212,"NOV 05, 1995",24.0,1,North Carolina,2019-20,1610612752,NYK,New York Knicks,77.0,https://cdn.nba.com/headshots/nba/latest/1040x760/1629033.png,https://cdn.nba.com/logos/nba/1610612752/primary/L/logo.svg
201961,Wayne Ellington,wayne-ellington,2,G,6-4,207,"NOV 29, 1987",32.0,10,North Carolina,2019-20,1610612752,NYK,New York Knicks,76.0,https://cdn.nba.com/headshots/nba/latest/1040x760/201961.png,https://cdn.nba.com/logos/nba/1610612752/primary/L/logo.svg
1627846,Abdel Nader,abdel-nader,11,F,6-5,225,"SEP 25, 1993",26.0,2,Iowa State,2019-20,1610612760,OKC,Oklahoma City Thunder,77.0,https://cdn.nba.com/headshots/nba/latest/1040x760/1627846.png,https://cdn.nba.com/logos/nba/1610612760/primary/L/logo.svg
203460,Andre Roberson,andre-roberson,21,G-F,6-7,210,"DEC 04, 1991",28.0,5,Colorado,2019-20,1610612760,OKC,Oklahoma City Thunder,79.0,https://cdn.nba.com/headshots/nba/latest/1040x760/203460.png,https://cdn.nba.com/logos/nba/1610612760/primary/L/logo.svg
101108,Chris Paul,chris-paul,3,G,6-1,175,"MAY 06, 1985",35.0,14,Wake Forest,2019-20,1610612760,OKC,Oklahoma City Thunder,73.0,https://cdn.nba.com/headshots/nba/latest/1040x760/101108.png,https://cdn.nba.com/logos/nba/1610612760/primary/L/logo.svg
201568,Danilo Gallinari,danilo-gallinari,8,F,6-10,233,"AUG 08, 1988",31.0,10,Olimpia Milano,2019-20,1610612760,OKC,Oklahoma City Thunder,82.0,https://cdn.nba.com/headshots/nba/latest/1040x760/201568.png,https://cdn.nba.com/logos/nba/1610612760/primary/L/logo.svg
1629647,Darius Bazley,darius-bazley,7,F-G,6-8,208,"JUN 12, 2000",20.0,R,Princeton HS (OH),2019-20,1610612760,OKC,Oklahoma City Thunder,80.0,https://cdn.nba.com/headshots/nba/latest/1040x760/1629647.png,https://cdn.nba.com/logos/nba/1610612760/primary/L/logo.svg
203471,Dennis Schröder,dennis-schröder,17,G,6-1,172,"SEP 15, 1993",26.0,6,Braunschweig,2019-20,1610612760,OKC,Oklahoma City Thunder,73.0,https://cdn.nba.com/headshots/nba/latest/1040x760/203471.png,https://cdn.nba.com/logos/nba/1610612760/primary/L/logo.svg
1629126,Deonte Burton,deonte-burton,30,G-F,6-4,240,"JAN 31, 1994",26.0,1,Iowa State,2019-20,1610612760,OKC,Oklahoma City Thunder,76.0,https://cdn.nba.com/headshots/nba/latest/1040x760/1629126.png,https://cdn.nba.com/logos/nba/1610612760/primary/L/logo.svg
1628985,Devon Hall,devon-hall,14,G,6-5,215,"JUL 07, 1995",24.0,R,Virginia,2019-20,1610612760,OKC,Oklahoma City Thunder,77.0,https://cdn.nba.com/headshots/nba/latest/1040x760/1628985.png,https://cdn.nba.com/logos/nba/1610612760/primary/L/logo.svg
1628977,Hamidou Diallo,hamidou-diallo,6,G,6-5,202,"JUL 31, 1998",21.0,1,Kentucky,2019-20,1610612760,OKC,Oklahoma City Thunder,77.0,https://cdn.nba.com/headshots/nba/latest/1040x760/1628977.png,https://cdn.nba.com/logos/nba/1610612760/primary/L/logo.svg
1629676,Isaiah Roby,isaiah-roby,22,F,6-8,230,"FEB 03, 1998",22.0,R,Nebraska,2019-20,1610612760,OKC,Oklahoma City Thunder,80.0,https://cdn.nba.com/headshots/nba/latest/1040x760/1629676.png,https://cdn.nba.com/logos/nba/1610612760/primary/L/logo.svg
1628987,Kevin Hervey,kevin-hervey,15,F,6-9,230,"JUL 09, 1996",23.0,R,Texas-Arlington,2019-20,1610612760,OKC,Oklahoma City Thunder,81.0,https://cdn.nba.com/headshots/nba/latest/1040x760/1628987.png,https://cdn.nba.com/logos/nba/1610612760/primary/L/logo.svg
1629652,Luguentz Dort,luguentz-dort,5,G,6-3,215,"APR 19, 1999",21.0,R,Arizona State,2019-20,1610612760,OKC,Oklahoma City Thunder,75.0,https://cdn.nba.com/headshots/nba/latest/1040x760/1629652.png,https://cdn.nba.com/logos/nba/1610612760/primary/L/logo.svg
203488,Mike Muscala,mike-muscala,33,F-C,6-10,240,"JUL 01, 1991",28.0,6,Bucknell,2019-20,1610612760,OKC,Oklahoma City Thunder,82.0,https://cdn.nba.com/headshots/nba/latest/1040x760/203488.png,https://cdn.nba.com/logos/nba/1610612760/primary/L/logo.svg
203457,Nerlens Noel,nerlens-noel,9,C-F,6-10,220,"APR 10, 1994",26.0,5,Kentucky,2019-20,1610612760,OKC,Oklahoma City Thunder,82.0,https://cdn.nba.com/headshots/nba/latest/1040x760/203457.png,https://cdn.nba.com/logos/nba/1610612760/primary/L/logo.svg
1628983,Shai Gilgeous-Alexander,shai-gilgeous-alexander,2,G-F,6-5,180,"JUL 12, 1998",21.0,1,Kentucky,2019-20,1610612760,OKC,Oklahoma City Thunder,77.0,https://cdn.nba.com/headshots/nba/latest/1040x760/1628983.png,https://cdn.nba.com/logos/nba/1610612760/primary/L/logo.svg
203500,Steven Adams,steven-adams,12,C,6-11,265,"JUL 20, 1993",26.0,6,Pittsburgh,2019-20,1610612760,OKC,Oklahoma City Thunder,83.0,https://cdn.nba.com/headshots/nba/latest/1040x760/203500.png,https://cdn.nba.com/logos/nba/1610612760/primary/L/logo.svg
1628390,Terrance Ferguson,terrance-ferguson,23,G,6-6,190,"MAY 17, 1998",22.0,2,Adelaide,2019-20,1610612760,OKC,Oklahoma City Thunder,78.0,https://cdn.nba.com/headshots/nba/latest/1040x760/1628390.png,https://cdn.nba.com/logos/nba/1610612760/primary/L/logo.svg
203932,Aaron Gordon,aaron-gordon,00,F,6-8,235,"SEP 16, 1995",24.0,5,Arizona,2019-20,1610612753,ORL,Orlando Magic,80.0,https://cdn.nba.com/headshots/nba/latest/1040x760/203932.png,https://cdn.nba.com/logos/nba/1610612753/primary/L/logo.svg
202329,Al-Farouq Aminu,al-farouq-aminu,2,F,6-8,220,"SEP 21, 1990",29.0,9,Wake Forest,2019-20,1610612753,ORL,Orlando Magic,80.0,https://cdn.nba.com/headshots/nba/latest/1040x760/202329.png,https://cdn.nba.com/logos/nba/1610612753/primary/L/logo.svg
1629168,BJ Johnson,bj-johnson,13,F,6-7,200,"DEC 21, 1995",24.0,1,La Salle,2019-20,1610612753,ORL,Orlando Magic,79.0,https://cdn.nba.com/headshots/nba/latest/1040x760/1629168.png,https://cdn.nba.com/logos/nba/1610612753/primary/L/logo.svg
201571,D.J. Augustin,dj-augustin,14,G,5-11,183,"NOV 10, 1987",32.0,11,Texas,2019-20,1610612753,ORL,Orlando Magic,71.0,https://cdn.nba.com/headshots/nba/latest/1040x760/201571.png,https://cdn.nba.com/logos/nba/1610612753/primary/L/logo.svg
203095,Evan Fournier,evan-fournier,10,G-F,6-7,205,"OCT 29, 1992",27.0,7,Poitiers Basket 86,2019-20,1610612753,ORL,Orlando Magic,79.0,https://cdn.nba.com/headshots/nba/latest/1040x760/203095.png,https://cdn.nba.com/logos/nba/1610612753/primary/L/logo.svg
1629109,Gary Clark,gary-clark,12,F,6-6,225,"NOV 16, 1994",25.0,1,Cincinnati,2019-20,1610612753,ORL,Orlando Magic,78.0,https://cdn.nba.com/headshots/nba/latest/1040x760/1629109.png,https://cdn.nba.com/logos/nba/1610612753/primary/L/logo.svg
203516,James Ennis III,james-ennis-iii,11,F,6-6,215,"JUL 01, 1990",29.0,5,Cal State-Long Beach,2019-20,1610612753,ORL,Orlando Magic,78.0,https://cdn.nba.com/headshots/nba/latest/1040x760/203516.png,https://cdn.nba.com/logos/nba/1610612753/primary/L/logo.svg
1628371,Jonathan Isaac,jonathan-isaac,1,F,6-11,230,"OCT 03, 1997",22.0,2,Florida State,2019-20,1610612753,ORL,Orlando Magic,83.0,https://cdn.nba.com/headshots/nba/latest/1040x760/1628371.png,https://cdn.nba.com/logos/nba/1610612753/primary/L/logo.svg
203920,Khem Birch,khem-birch,24,C,6-9,233,"SEP 28, 1992",27.0,2,UNLV,2019-20,1610612753,ORL,Orlando Magic,81.0,https://cdn.nba.com/headshots/nba/latest/1040x760/203920.png,https://cdn.nba.com/logos/nba/1610612753/primary/L/logo.svg
1628365,Markelle Fultz,markelle-fultz,20,G,6-3,209,"MAY 29, 1998",22.0,2,Washington,2019-20,1610612753,ORL,Orlando Magic,75.0,https://cdn.nba.com/headshots/nba/latest/1040x760/1628365.png,https://cdn.nba.com/logos/nba/1610612753/primary/L/logo.svg
1628982,Melvin Frazier Jr.,melvin-frazier-jr,35,G-F,6-5,215,"AUG 30, 1996",23.0,1,Tulane,2019-20,1610612753,ORL,Orlando Magic,77.0,https://cdn.nba.com/headshots/nba/latest/1040x760/1628982.png,https://cdn.nba.com/logos/nba/1610612753/primary/L/logo.svg
203487,Michael Carter-Williams,michael-carter-williams,7,G,6-5,190,"OCT 10, 1991",28.0,6,Syracuse,2019-20,1610612753,ORL,Orlando Magic,77.0,https://cdn.nba.com/headshots/nba/latest/1040x760/203487.png,https://cdn.nba.com/logos/nba/1610612753/primary/L/logo.svg
1628964,Mo Bamba,mo-bamba,5,C,7-0,231,"MAY 12, 1998",22.0,1,Texas,2019-20,1610612753,ORL,Orlando Magic,84.0,https://cdn.nba.com/headshots/nba/latest/1040x760/1628964.png,https://cdn.nba.com/logos/nba/1610612753/primary/L/logo.svg
202696,Nikola Vučević,nikola-vučević,9,C,6-11,260,"OCT 24, 1990",29.0,8,Southern California,2019-20,1610612753,ORL,Orlando Magic,83.0,https://cdn.nba.com/headshots/nba/latest/1040x760/202696.png,https://cdn.nba.com/logos/nba/1610612753/primary/L/logo.svg
203082,Terrence Ross,terrence-ross,31,G-F,6-6,206,"FEB 05, 1991",29.0,7,Washington,2019-20,1610612753,ORL,Orlando Magic,78.0,https://cdn.nba.com/headshots/nba/latest/1040x760/203082.png,https://cdn.nba.com/logos/nba/1610612753/primary/L/logo.svg
1629724,Vic Law,vic-law,23,F,6-7,201,"DEC 19, 1995",24.0,R,Northwestern,2019-20,1610612753,ORL,Orlando Magic,79.0,https://cdn.nba.com/headshots/nba/latest/1040x760/1629724.png,https://cdn.nba.com/logos/nba/1610612753/primary/L/logo.svg
1628411,Wes Iwundu,wes-iwundu,25,F,6-6,195,"DEC 20, 1994",25.0,2,Kansas State,2019-20,1610612753,ORL,Orlando Magic,78.0,https://cdn.nba.com/headshots/nba/latest/1040x760/1628411.png,https://cdn.nba.com/logos/nba/1610612753/primary/L/logo.svg
201143,Al Horford,al-horford,42,C-F,6-9,240,"JUN 03, 1986",34.0,12,Florida,2019-20,1610612755,PHI,Philadelphia 76ers,81.0,https://cdn.nba.com/headshots/nba/latest/1040x760/201143.png,https://cdn.nba.com/logos/nba/1610612755/primary/L/logo.svg
202692,Alec Burks,alec-burks,20,G,6-6,214,"JUL 20, 1991",28.0,8,Colorado,2019-20,1610612755,PHI,Philadelphia 76ers,78.0,https://cdn.nba.com/headshots/nba/latest/1040x760/202692.png,https://cdn.nba.com/logos/nba/1610612755/primary/L/logo.svg
1627732,Ben Simmons,ben-simmons,25,G-F,6-10,240,"JUL 20, 1996",23.0,2,Louisiana State,2019-20,1610612755,PHI,Philadelphia 76ers,82.0,https://cdn.nba.com/headshots/nba/latest/1040x760/1627732.png,https://cdn.nba.com/logos/nba/1610612755/primary/L/logo.svg
1627788,Furkan Korkmaz,furkan-korkmaz,30,G-F,6-7,202,"JUL 24, 1997",22.0,2,Anadolu Efes,2019-20,1610612755,PHI,Philadelphia 76ers,79.0,https://cdn.nba.com/headshots/nba/latest/1040x760/1627788.png,https://cdn.nba.com/logos/nba/1610612755/primary/L/logo.svg
203922,Glenn Robinson III,glenn-robinson-iii,40,F,6-6,222,"JAN 08, 1994",26.0,5,Michigan,2019-20,1610612755,PHI,Philadelphia 76ers,78.0,https://cdn.nba.com/headshots/nba/latest/1040x760/203922.png,https://cdn.nba.com/logos/nba/1610612755/primary/L/logo.svg
203954,Joel Embiid,joel-embiid,21,C-F,7-0,280,"MAR 16, 1994",26.0,3,Kansas,2019-20,1610612755,PHI,Philadelphia 76ers,84.0,https://cdn.nba.com/headshots/nba/latest/1040x760/203954.png,https://cdn.nba.com/logos/nba/1610612755/primary/L/logo.svg
1626196,Josh Richardson,josh-richardson,0,G,6-5,200,"SEP 15, 1993",26.0,4,Tennessee,2019-20,1610612755,PHI,Philadelphia 76ers,77.0,https://cdn.nba.com/headshots/nba/latest/1040x760/1626196.png,https://cdn.nba.com/logos/nba/1610612755/primary/L/logo.svg
203124,Kyle O'Quinn,kyle-oquinn,9,C-F,6-9,250,"MAR 26, 1990",30.0,7,Norfolk State,2019-20,1610612755,PHI,Philadelphia 76ers,81.0,https://cdn.nba.com/headshots/nba/latest/1040x760/203124.png,https://cdn.nba.com/logos/nba/1610612755/primary/L/logo.svg
1629621,Marial Shayok,marial-shayok,35,G-F,6-5,198,"JUL 26, 1995",24.0,R,Iowa State,2019-20,1610612755,PHI,Philadelphia 76ers,77.0,https://cdn.nba.com/headshots/nba/latest/1040x760/1629621.png,https://cdn.nba.com/logos/nba/1610612755/primary/L/logo.svg
1629680,Matisse Thybulle,matisse-thybulle,22,G-F,6-5,201,"MAR 04, 1997",23.0,R,Washington,2019-20,1610612755,PHI,Philadelphia 76ers,77.0,https://cdn.nba.com/headshots/nba/latest/1040x760/1629680.png,https://cdn.nba.com/logos/nba/1610612755/primary/L/logo.svg
203118,Mike Scott,mike-scott,1,F,6-7,237,"JUL 16, 1988",31.0,7,Virginia,2019-20,1610612755,PHI,Philadelphia 76ers,79.0,https://cdn.nba.com/headshots/nba/latest/1040x760/203118.png,https://cdn.nba.com/logos/nba/1610612755/primary/L/logo.svg
203658,Norvel Pelle,norvel-pelle,14,F,6-10,231,"FEB 03, 1993",27.0,R,Iona,2019-20,1610612755,PHI,Philadelphia 76ers,82.0,https://cdn.nba.com/headshots/nba/latest/1040x760/203658.png,https://cdn.nba.com/logos/nba/1610612755/primary/L/logo.svg
203526,Raul Neto,raul-neto,19,G,6-1,180,"MAY 19, 1992",28.0,4,Murcia,2019-20,1610612755,PHI,Philadelphia 76ers,73.0,https://cdn.nba.com/headshots/nba/latest/1040x760/203526.png,https://cdn.nba.com/logos/nba/1610612755/primary/L/logo.svg
1629151,Ryan Broekhoff,ryan-broekhoff,45,G-F,6-6,215,"AUG 23, 1990",29.0,1,Valparaiso,2019-20,1610612755,PHI,Philadelphia 76ers,78.0,https://cdn.nba.com/headshots/nba/latest/1040x760/1629151.png,https://cdn.nba.com/logos/nba/1610612755/primary/L/logo.svg
1629003,Shake Milton,shake-milton,18,G-F,6-5,205,"SEP 26, 1996",23.0,1,Southern Methodist,2019-20,1610612755,PHI,Philadelphia 76ers,77.0,https://cdn.nba.com/headshots/nba/latest/1040x760/1629003.png,https://cdn.nba.com/logos/nba/1610612755/primary/L/logo.svg
202699,Tobias Harris,tobias-harris,12,F,6-8,226,"JUL 15, 1992",27.0,8,Tennessee,2019-20,1610612755,PHI,Philadelphia 76ers,80.0,https://cdn.nba.com/headshots/nba/latest/1040x760/202699.png,https://cdn.nba.com/logos/nba/1610612755/primary/L/logo.svg
1629015,Zhaire Smith,zhaire-smith,5,G,6-3,205,"JUN 04, 1999",21.0,1,Texas Tech,2019-20,1610612755,PHI,Philadelphia 76ers,75.0,https://cdn.nba.com/headshots/nba/latest/1040x760/1629015.png,https://cdn.nba.com/logos/nba/1610612755/primary/L/logo.svg
203382,Aron Baynes,aron-baynes,46,C-F,6-10,260,"DEC 09, 1986",33.0,7,Washington State,2019-20,1610612756,PHX,Phoenix Suns,82.0,https://cdn.nba.com/headshots/nba/latest/1040x760/203382.png,https://cdn.nba.com/logos/nba/1610612756/primary/L/logo.svg
1629661,Cameron Johnson,cameron-johnson,23,F,6-8,210,"MAR 03, 1996",24.0,R,North Carolina,2019-20,1610612756,PHX,Phoenix Suns,80.0,https://cdn.nba.com/headshots/nba/latest/1040x760/1629661.png,https://cdn.nba.com/logos/nba/1610612756/primary/L/logo.svg
1626166,Cameron Payne,cameron-payne,15,G,6-1,183,"AUG 08, 1994",25.0,4,Murray State,2019-20,1610612756,PHX,Phoenix Suns,73.0,https://cdn.nba.com/headshots/nba/latest/1040x760/1626166.png,https://cdn.nba.com/logos/nba/1610612756/primary/L/logo.svg
1627767,Cheick Diallo,cheick-diallo,14,F-C,6-8,219,"SEP 13, 1996",23.0,3,Kansas,2019-20,1610612756,PHX,Phoenix Suns,80.0,https://cdn.nba.com/headshots/nba/latest/1040x760/1627767.png,https://cdn.nba.com/logos/nba/1610612756/primary/L/logo.svg
203967,Dario Šarić,dario-šarić,20,F,6-10,225,"APR 08, 1994",26.0,3,Anadolu Efes,2019-20,1610612756,PHX,Phoenix Suns,82.0,https://cdn.nba.com/headshots/nba/latest/1040x760/203967.png,https://cdn.nba.com/logos/nba/1610612756/primary/L/logo.svg
1629028,Deandre Ayton,deandre-ayton,22,C,6-11,250,"JUL 23, 1998",21.0,1,Arizona,2019-20,1610612756,PHX,Phoenix Suns,83.0,https://cdn.nba.com/headshots/nba/latest/1040x760/1629028.png,https://cdn.nba.com/logos/nba/1610612756/primary/L/logo.svg
1626164,Devin Booker,devin-booker,1,G,6-5,206,"OCT 30, 1996",23.0,4,Kentucky,2019-20,1610612756,PHX,Phoenix Suns,77.0,https://cdn.nba.com/headshots/nba/latest/1040x760/1626164.png,https://cdn.nba.com/logos/nba/1610612756/primary/L/logo.svg
1629059,Elie Okobo,elie-okobo,2,F-G,6-3,190,"OCT 23, 1997",22.0,1,Elan Bearnais,2019-20,1610612756,PHX,Phoenix Suns,75.0,https://cdn.nba.com/headshots/nba/latest/1040x760/1629059.png,https://cdn.nba.com/logos/nba/1610612756/primary/L/logo.svg
1626163,Frank Kaminsky,frank-kaminsky,8,F-C,7-0,240,"APR 04, 1993",27.0,4,Wisconsin,2019-20,1610612756,PHX,Phoenix Suns,84.0,https://cdn.nba.com/headshots/nba/latest/1040x760/1626163.png,https://cdn.nba.com/logos/nba/1610612756/primary/L/logo.svg
1629665,Jalen Lecque,jalen-lecque,0,G,6-4,185,"JUN 13, 2000",20.0,R,Brewster Academy (NH),2019-20,1610612756,PHX,Phoenix Suns,76.0,https://cdn.nba.com/headshots/nba/latest/1040x760/1629665.png,https://cdn.nba.com/logos/nba/1610612756/primary/L/logo.svg
1628975,Jevon Carter,jevon-carter,4,G,6-1,200,"SEP 14, 1995",24.0,1,West Virginia,2019-20,1610612756,PHX,Phoenix Suns,73.0,https://cdn.nba.com/headshots/nba/latest/1040x760/1628975.png,https://cdn.nba.com/logos/nba/1610612756/primary/L/logo.svg
1626162,Kelly Oubre Jr.,kelly-oubre-jr,3,F-G,6-7,203,"DEC 09, 1995",24.0,4,Kansas,2019-20,1610612756,PHX,Phoenix Suns,79.0,https://cdn.nba.com/headshots/nba/latest/1040x760/1626162.png,https://cdn.nba.com/logos/nba/1610612756/primary/L/logo.svg
1628969,Mikal Bridges,mikal-bridges,25,F,6-6,209,"AUG 30, 1996",23.0,1,Villanova,2019-20,1610612756,PHX,Phoenix Suns,78.0,https://cdn.nba.com/headshots/nba/latest/1040x760/1628969.png,https://cdn.nba.com/logos/nba/1610612756/primary/L/logo.svg
201937,Ricky Rubio,ricky-rubio,11,G,6-3,190,"OCT 21, 1990",29.0,8,FC Barcelona,2019-20,1610612756,PHX,Phoenix Suns,75.0,https://cdn.nba.com/headshots/nba/latest/1040x760/201937.png,https://cdn.nba.com/logos/nba/1610612756/primary/L/logo.svg
1629745,Tariq Owens,tariq-owens,41,F,6-10,205,"JUN 30, 1995",25.0,R,Texas Tech,2019-20,1610612756,PHX,Phoenix Suns,82.0,https://cdn.nba.com/headshots/nba/latest/1040x760/1629745.png,https://cdn.nba.com/logos/nba/1610612756/primary/L/logo.svg
1629660,Ty Jerome,ty-jerome,10,G-F,6-5,195,"JUL 08, 1997",22.0,R,Virginia,2019-20,1610612756,PHX,Phoenix Suns,77.0,https://cdn.nba.com/headshots/nba/latest/1040x760/1629660.png,https://cdn.nba.com/logos/nba/1610612756/primary/L/logo.svg
1629014,Anfernee Simons,anfernee-simons,1,G,6-3,181,"JUN 08, 1999",21.0,1,Edgewater HS (FL),2019-20,1610612757,POR,Portland Trail Blazers,75.0,https://cdn.nba.com/headshots/nba/latest/1040x760/1629014.png,https://cdn.nba.com/logos/nba/1610612757/primary/L/logo.svg
203468,CJ McCollum,cj-mccollum,3,G,6-3,190,"SEP 19, 1991",28.0,6,Lehigh,2019-20,1610612757,POR,Portland Trail Blazers,75.0,https://cdn.nba.com/headshots/nba/latest/1040x760/203468.png,https://cdn.nba.com/logos/nba/1610612757/primary/L/logo.svg
1628403,Caleb Swanigan,caleb-swanigan,50,F,6-9,260,"APR 18, 1997",23.0,2,Purdue,2019-20,1610612757,POR,Portland Trail Blazers,81.0,https://cdn.nba.com/headshots/nba/latest/1040x760/1628403.png,https://cdn.nba.com/logos/nba/1610612757/primary/L/logo.svg
2546,Carmelo Anthony,carmelo-anthony,00,F,6-8,238,"MAY 29, 1984",36.0,16,Syracuse,2019-20,1610612757,POR,Portland Trail Blazers,80.0,https://cdn.nba.com/headshots/nba/latest/1040x760/2546.png,https://cdn.nba.com/logos/nba/1610612757/primary/L/logo.svg
203081,Damian Lillard,damian-lillard,0,G,6-2,195,"JUL 15, 1990",29.0,7,Weber State,2019-20,1610612757,POR,Portland Trail Blazers,74.0,https://cdn.nba.com/headshots/nba/latest/1040x760/203081.png,https://cdn.nba.com/logos/nba/1610612757/primary/L/logo.svg
1629018,Gary Trent Jr.,gary-trent-jr,2,G-F,6-5,209,"JAN 18, 1999",21.0,1,Duke,2019-20,1610612757,POR,Portland Trail Blazers,77.0,https://cdn.nba.com/headshots/nba/latest/1040x760/1629018.png,https://cdn.nba.com/logos/nba/1610612757/primary/L/logo.svg
202355,Hassan Whiteside,hassan-whiteside,21,C,7-0,265,"JUN 13, 1989",31.0,7,Marshall,2019-20,1610612757,POR,Portland Trail Blazers,84.0,https://cdn.nba.com/headshots/nba/latest/1040x760/202355.png,https://cdn.nba.com/logos/nba/1610612757/primary/L/logo.svg
1629121,Jaylen Adams,jaylen-adams,10,G,6-0,225,"MAY 04, 1996",24.0,1,St. Bonaventure,2019-20,1610612757,POR,Portland Trail Blazers,72.0,https://cdn.nba.com/headshots/nba/latest/1040x760/1629121.png,https://cdn.nba.com/logos/nba/1610612757/primary/L/logo.svg
1629658,Jaylen Hoard,jaylen-hoard,6,F,6-8,216,"MAR 30, 1999",21.0,R,Wake Forest,2019-20,1610612757,POR,Portland Trail Blazers,80.0,https://cdn.nba.com/headshots/nba/latest/1040x760/1629658.png,https://cdn.nba.com/logos/nba/1610612757/primary/L/logo.svg
203994,Jusuf Nurkić,jusuf-nurkić,27,C,7-0,290,"AUG 23, 1994",25.0,5,Cedevita,2019-20,1610612757,POR,Portland Trail Blazers,84.0,https://cdn.nba.com/headshots/nba/latest/1040x760/203994.png,https://cdn.nba.com/logos/nba/1610612757/primary/L/logo.svg
1626209,Mario Hezonja,mario-hezonja,44,F-G,6-8,220,"FEB 25, 1995",25.0,4,FC Barcelona,2019-20,1610612757,POR,Portland Trail Blazers,80.0,https://cdn.nba.com/headshots/nba/latest/1040x760/1626209.png,https://cdn.nba.com/logos/nba/1610612757/primary/L/logo.svg
1629650,Moses Brown,moses-brown,4,C,7-2,245,"OCT 13, 1999",20.0,R,UCLA,2019-20,1610612757,POR,Portland Trail Blazers,86.0,https://cdn.nba.com/headshots/nba/latest/1040x760/1629650.png,https://cdn.nba.com/logos/nba/1610612757/primary/L/logo.svg
1629642,Nassir Little,nassir-little,9,F-G,6-5,220,"FEB 11, 2000",20.0,R,North Carolina,2019-20,1610612757,POR,Portland Trail Blazers,77.0,https://cdn.nba.com/headshots/nba/latest/1040x760/1629642.png,https://cdn.nba.com/logos/nba/1610612757/primary/L/logo.svg
203918,Rodney Hood,rodney-hood,5,G-F,6-8,208,"OCT 20, 1992",27.0,5,Duke,2019-20,1610612757,POR,Portland Trail Blazers,80.0,https://cdn.nba.com/headshots/nba/latest/1040x760/203918.png,https://cdn.nba.com/logos/nba/1610612757/primary/L/logo.svg
2772,Trevor Ariza,trevor-ariza,8,F,6-8,215,"JUN 30, 1985",35.0,15,UCLA,2019-20,1610612757,POR,Portland Trail Blazers,80.0,https://cdn.nba.com/headshots/nba/latest/1040x760/2772.png,https://cdn.nba.com/logos/nba/1610612757/primary/L/logo.svg
1629117,Wenyen Gabriel,wenyen-gabriel,35,F,6-9,205,"MAR 26, 1997",23.0,R,Kentucky,2019-20,1610612757,POR,Portland Trail Blazers,81.0,https://cdn.nba.com/headshots/nba/latest/1040x760/1629117.png,https://cdn.nba.com/logos/nba/1610612757/primary/L/logo.svg
1628380,Zach Collins,zach-collins,33,F-C,6-11,250,"NOV 19, 1997",22.0,2,Gonzaga,2019-20,1610612757,POR,Portland Trail Blazers,83.0,https://cdn.nba.com/headshots/nba/latest/1040x760/1628380.png,https://cdn.nba.com/logos/nba/1610612757/primary/L/logo.svg
203458,Alex Len,alex-len,25,C,7-0,250,"JUN 16, 1993",27.0,6,Maryland,2019-20,1610612758,SAC,Sacramento Kings,84.0,https://cdn.nba.com/headshots/nba/latest/1040x760/203458.png,https://cdn.nba.com/logos/nba/1610612758/primary/L/logo.svg
203992,Bogdan Bogdanović,bogdan-bogdanović,8,G,6-6,220,"AUG 18, 1992",27.0,2,Fenerbahce,2019-20,1610612758,SAC,Sacramento Kings,78.0,https://cdn.nba.com/headshots/nba/latest/1040x760/203992.png,https://cdn.nba.com/logos/nba/1610612758/primary/L/logo.svg
1627741,Buddy Hield,buddy-hield,24,G,6-4,220,"DEC 17, 1992",27.0,3,Oklahoma,2019-20,1610612758,SAC,Sacramento Kings,76.0,https://cdn.nba.com/headshots/nba/latest/1040x760/1627741.png,https://cdn.nba.com/logos/nba/1610612758/primary/L/logo.svg
201147,Corey Brewer,corey-brewer,13,G-F,6-9,188,"MAR 05, 1986",34.0,12,Florida,2019-20,1610612758,SAC,Sacramento Kings,81.0,https://cdn.nba.com/headshots/nba/latest/1040x760/201147.png,https://cdn.nba.com/logos/nba/1610612758/primary/L/logo.svg
202709,Cory Joseph,cory-joseph,9,G,6-3,200,"AUG 20, 1991",28.0,8,Texas,2019-20,1610612758,SAC,Sacramento Kings,75.0,https://cdn.nba.com/headshots/nba/latest/1040x760/202709.png,https://cdn.nba.com/logos/nba/1610612758/primary/L/logo.svg
1629610,DaQuan Jeffries,daquan-jeffries,19,G-F,6-5,230,"AUG 30, 1997",22.0,R,Tulsa,2019-20,1610612758,SAC,Sacramento Kings,77.0,https://cdn.nba.com/headshots/nba/latest/1040x760/1629610.png,https://cdn.nba.com/logos/nba/1610612758/primary/L/logo.svg
1628368,De'Aaron Fox,deaaron-fox,5,G,6-3,185,"DEC 20, 1997",22.0,2,Kentucky,2019-20,1610612758,SAC,Sacramento Kings,75.0,https://cdn.nba.com/headshots/nba/latest/1040x760/1628368.png,https://cdn.nba.com/logos/nba/1610612758/primary/L/logo.svg
203084,Harrison Barnes,harrison-barnes,40,F,6-8,225,"MAY 30, 1992",28.0,7,North Carolina,2019-20,1610612758,SAC,Sacramento Kings,80.0,https://cdn.nba.com/headshots/nba/latest/1040x760/203084.png,https://cdn.nba.com/logos/nba/1610612758/primary/L/logo.svg
1628385,Harry Giles III,harry-giles-iii,20,F-C,6-11,240,"APR 22, 1998",22.0,1,Duke,2019-20,1610612758,SAC,Sacramento Kings,83.0,https://cdn.nba.com/headshots/nba/latest/1040x760/1628385.png,https://cdn.nba.com/logos/nba/1610612758/primary/L/logo.svg
203953,Jabari Parker,jabari-parker,33,F,6-8,245,"MAR 15, 1995",25.0,5,Duke,2019-20,1610612758,SAC,Sacramento Kings,80.0,https://cdn.nba.com/headshots/nba/latest/1040x760/203953.png,https://cdn.nba.com/logos/nba/1610612758/primary/L/logo.svg
1629713,Justin James,justin-james,10,G-F,6-7,190,"JAN 24, 1997",23.0,R,Wyoming,2019-20,1610612758,SAC,Sacramento Kings,79.0,https://cdn.nba.com/headshots/nba/latest/1040x760/1629713.png,https://cdn.nba.com/logos/nba/1610612758/primary/L/logo.svg
203145,Kent Bazemore,kent-bazemore,26,G-F,6-4,195,"JUL 01, 1989",30.0,7,Old Dominion,2019-20,1610612758,SAC,Sacramento Kings,76.0,https://cdn.nba.com/headshots/nba/latest/1040x760/203145.png,https://cdn.nba.com/logos/nba/1610612758/primary/L/logo.svg
1629657,Kyle Guy,kyle-guy,7,G,6-1,167,"AUG 11, 1997",22.0,R,Virginia,2019-20,1610612758,SAC,Sacramento Kings,73.0,https://cdn.nba.com/headshots/nba/latest/1040x760/1629657.png,https://cdn.nba.com/logos/nba/1610612758/primary/L/logo.svg
1628963,Marvin Bagley III,marvin-bagley-iii,35,F,6-11,235,"MAR 14, 1999",21.0,1,Duke,2019-20,1610612758,SAC,Sacramento Kings,83.0,https://cdn.nba.com/headshots/nba/latest/1040x760/1628963.png,https://cdn.nba.com/logos/nba/1610612758/primary/L/logo.svg
202357,Nemanja Bjelica,nemanja-bjelica,88,F,6-10,234,"MAY 09, 1988",32.0,4,Fenerbahce,2019-20,1610612758,SAC,Sacramento Kings,82.0,https://cdn.nba.com/headshots/nba/latest/1040x760/202357.png,https://cdn.nba.com/logos/nba/1610612758/primary/L/logo.svg
1626158,Richaun Holmes,richaun-holmes,22,F,6-10,235,"OCT 15, 1993",26.0,4,Bowling Green,2019-20,1610612758,SAC,Sacramento Kings,82.0,https://cdn.nba.com/headshots/nba/latest/1040x760/1626158.png,https://cdn.nba.com/logos/nba/1610612758/primary/L/logo.svg
1627812,Yogi Ferrell,yogi-ferrell,3,G,6-0,178,"MAY 09, 1993",27.0,3,Indiana,2019-20,1610612758,SAC,Sacramento Kings,72.0,https://cdn.nba.com/headshots/nba/latest/1040x760/1627812.png,https://cdn.nba.com/logos/nba/1610612758/primary/L/logo.svg
1627854,Bryn Forbes,bryn-forbes,11,G,6-2,205,"JUL 23, 1993",26.0,3,Michigan State,2019-20,1610612759,SAS,San Antonio Spurs,74.0,https://cdn.nba.com/headshots/nba/latest/1040x760/1627854.png,https://cdn.nba.com/logos/nba/1610612759/primary/L/logo.svg
1629002,Chimezie Metu,chimezie-metu,7,F-C,6-9,225,"MAR 22, 1997",23.0,1,USC,2019-20,1610612759,SAS,San Antonio Spurs,81.0,https://cdn.nba.com/headshots/nba/latest/1040x760/1629002.png,https://cdn.nba.com/logos/nba/1610612759/primary/L/logo.svg
201942,DeMar DeRozan,demar-derozan,10,G-F,6-6,220,"AUG 07, 1989",30.0,10,Southern California,2019-20,1610612759,SAS,San Antonio Spurs,78.0,https://cdn.nba.com/headshots/nba/latest/1040x760/201942.png,https://cdn.nba.com/logos/nba/1610612759/primary/L/logo.svg
1627749,Dejounte Murray,dejounte-murray,5,G,6-4,180,"SEP 19, 1996",23.0,3,Washington,2019-20,1610612759,SAS,San Antonio Spurs,76.0,https://cdn.nba.com/headshots/nba/latest/1040x760/1627749.png,https://cdn.nba.com/logos/nba/1610612759/primary/L/logo.svg
1628401,Derrick White,derrick-white,4,G,6-4,190,"JUL 02, 1994",25.0,2,Colorado,2019-20,1610612759,SAS,San Antonio Spurs,76.0,https://cdn.nba.com/headshots/nba/latest/1040x760/1628401.png,https://cdn.nba.com/logos/nba/1610612759/primary/L/logo.svg
1629234,Drew Eubanks,drew-eubanks,14,F-C,6-9,245,"FEB 01, 1997",23.0,1,Oregon State,2019-20,1610612759,SAS,San Antonio Spurs,81.0,https://cdn.nba.com/headshots/nba/latest/1040x760/1629234.png,https://cdn.nba.com/logos/nba/1610612759/primary/L/logo.svg
1627751,Jakob Poeltl,jakob-poeltl,25,C,7-1,245,"OCT 15, 1995",24.0,3,Utah,2019-20,1610612759,SAS,San Antonio Spurs,85.0,https://cdn.nba.com/headshots/nba/latest/1040x760/1627751.png,https://cdn.nba.com/logos/nba/1610612759/primary/L/logo.svg
1629640,Keldon Johnson,keldon-johnson,3,F-G,6-5,220,"OCT 11, 1999",20.0,R,Kentucky,2019-20,1610612759,SAS,San Antonio Spurs,77.0,https://cdn.nba.com/headshots/nba/latest/1040x760/1629640.png,https://cdn.nba.com/logos/nba/1610612759/primary/L/logo.svg
200746,LaMarcus Aldridge,lamarcus-aldridge,12,C-F,6-11,250,"JUL 19, 1985",34.0,13,University of Texas at Austin,2019-20,1610612759,SAS,San Antonio Spurs,83.0,https://cdn.nba.com/headshots/nba/latest/1040x760/200746.png,https://cdn.nba.com/logos/nba/1610612759/primary/L/logo.svg
1629022,Lonnie Walker IV,lonnie-walker-iv,1,G-F,6-5,204,"DEC 14, 1998",21.0,1,Miami,2019-20,1610612759,SAS,San Antonio Spurs,77.0,https://cdn.nba.com/headshots/nba/latest/1040x760/1629022.png,https://cdn.nba.com/logos/nba/1610612759/primary/L/logo.svg
1629677,Luka Samanic,luka-samanic,19,F,6-10,227,"JAN 09, 2000",20.0,R,Union Olimpija,2019-20,1610612759,SAS,San Antonio Spurs,82.0,https://cdn.nba.com/headshots/nba/latest/1040x760/1629677.png,https://cdn.nba.com/logos/nba/1610612759/primary/L/logo.svg
201158,Marco Belinelli,marco-belinelli,18,G,6-5,220,"MAR 25, 1986",34.0,12,Fortitudo Bologna,2019-20,1610612759,SAS,San Antonio Spurs,77.0,https://cdn.nba.com/headshots/nba/latest/1040x760/201158.png,https://cdn.nba.com/logos/nba/1610612759/primary/L/logo.svg
201988,Patty Mills,patty-mills,8,G,6-1,180,"AUG 11, 1988",31.0,10,St. Mary's,2019-20,1610612759,SAS,San Antonio Spurs,73.0,https://cdn.nba.com/headshots/nba/latest/1040x760/201988.png,https://cdn.nba.com/logos/nba/1610612759/primary/L/logo.svg
1629683,Quinndary Weatherspoon,quinndary-weatherspoon,15,G,6-3,205,"SEP 10, 1996",23.0,R,Mississippi State,2019-20,1610612759,SAS,San Antonio Spurs,75.0,https://cdn.nba.com/headshots/nba/latest/1040x760/1629683.png,https://cdn.nba.com/logos/nba/1610612759/primary/L/logo.svg
200752,Rudy Gay,rudy-gay,22,F-G,6-8,250,"AUG 17, 1986",33.0,13,Connecticut,2019-20,1610612759,SAS,San Antonio Spurs,80.0,https://cdn.nba.com/headshots/nba/latest/1040x760/200752.png,https://cdn.nba.com/logos/nba/1610612759/primary/L/logo.svg
1626168,Trey Lyles,trey-lyles,41,F,6-9,234,"NOV 05, 1995",24.0,4,Kentucky,2019-20,1610612759,SAS,San Antonio Spurs,81.0,https://cdn.nba.com/headshots/nba/latest/1040x760/1626168.png,https://cdn.nba.com/logos/nba/1610612759/primary/L/logo.svg
203092,Tyler Zeller,tyler-zeller,40,F-C,6-11,250,"JAN 17, 1990",30.0,7,North Carolina,2019-20,1610612759,SAS,San Antonio Spurs,83.0,https://cdn.nba.com/headshots/nba/latest/1040x760/203092.png,https://cdn.nba.com/logos/nba/1610612759/primary/L/logo.svg
1628449,Chris Boucher,chris-boucher,25,F-C,6-9,200,"JAN 11, 1993",27.0,2,Oregon,2019-20,1610612761,TOR,Toronto Raptors,81.0,https://cdn.nba.com/headshots/nba/latest/1040x760/1628449.png,https://cdn.nba.com/logos/nba/1610612761/primary/L/logo.svg
1629608,Dewan Hernandez,dewan-hernandez,20,C-F,6-10,235,"DEC 09, 1996",23.0,R,Miami,2019-20,1610612761,TOR,Toronto Raptors,82.0,https://cdn.nba.com/headshots/nba/latest/1040x760/1629608.png,https://cdn.nba.com/logos/nba/1610612761/primary/L/logo.svg
1627832,Fred VanVleet,fred-vanvleet,23,G,6-1,197,"FEB 25, 1994",26.0,3,Wichita State,2019-20,1610612761,TOR,Toronto Raptors,73.0,https://cdn.nba.com/headshots/nba/latest/1040x760/1627832.png,https://cdn.nba.com/logos/nba/1610612761/primary/L/logo.svg
200768,Kyle Lowry,kyle-lowry,7,G,6-0,196,"MAR 25, 1986",34.0,13,Villanova,2019-20,1610612761,TOR,Toronto Raptors,72.0,https://cdn.nba.com/headshots/nba/latest/1040x760/200768.png,https://cdn.nba.com/logos/nba/1610612761/primary/L/logo.svg
1626259,Malcolm Miller,malcolm-miller,13,G-F,6-7,210,"MAR 06, 1993",27.0,2,Holy Cross,2019-20,1610612761,TOR,Toronto Raptors,79.0,https://cdn.nba.com/headshots/nba/latest/1040x760/1626259.png,https://cdn.nba.com/logos/nba/1610612761/primary/L/logo.svg
201188,Marc Gasol,marc-gasol,33,C,6-11,255,"JAN 29, 1985",35.0,11,FC Barcelona,2019-20,1610612761,TOR,Toronto Raptors,83.0,https://cdn.nba.com/headshots/nba/latest/1040x760/201188.png,https://cdn.nba.com/logos/nba/1610612761/primary/L/logo.svg
1629744,Matt Thomas,matt-thomas,21,G,6-4,190,"AUG 04, 1994",25.0,R,Iowa State,2019-20,1610612761,TOR,Toronto Raptors,76.0,https://cdn.nba.com/headshots/nba/latest/1040x760/1629744.png,https://cdn.nba.com/logos/nba/1610612761/primary/L/logo.svg
1626181,Norman Powell,norman-powell,24,G,6-3,215,"MAY 25, 1993",27.0,4,UCLA,2019-20,1610612761,TOR,Toronto Raptors,75.0,https://cdn.nba.com/headshots/nba/latest/1040x760/1626181.png,https://cdn.nba.com/logos/nba/1610612761/primary/L/logo.svg
1628384,OG Anunoby,og-anunoby,3,F,6-7,232,"JUL 17, 1997",22.0,2,Indiana,2019-20,1610612761,TOR,Toronto Raptors,79.0,https://cdn.nba.com/headshots/nba/latest/1040x760/1628384.png,https://cdn.nba.com/logos/nba/1610612761/primary/L/logo.svg
1629052,Oshae Brissett,oshae-brissett,12,F-G,6-7,210,"JUN 20, 1998",22.0,R,Syracuse,2019-20,1610612761,TOR,Toronto Raptors,79.0,https://cdn.nba.com/headshots/nba/latest/1040x760/1629052.png,https://cdn.nba.com/logos/nba/1610612761/primary/L/logo.svg
1627783,Pascal Siakam,pascal-siakam,43,F,6-9,230,"APR 02, 1994",26.0,3,New Mexico State,2019-20,1610612761,TOR,Toronto Raptors,81.0,https://cdn.nba.com/headshots/nba/latest/1040x760/1627783.png,https://cdn.nba.com/logos/nba/1610612761/primary/L/logo.svg
1627775,Patrick McCaw,patrick-mccaw,22,G,6-7,181,"OCT 25, 1995",24.0,3,UNLV,2019-20,1610612761,TOR,Toronto Raptors,79.0,https://cdn.nba.com/headshots/nba/latest/1040x760/1627775.png,https://cdn.nba.com/logos/nba/1610612761/primary/L/logo.svg
1628778,Paul Watson,paul-watson,1,G,6-6,210,"DEC 30, 1994",25.0,R,Fresno State,2019-20,1610612761,TOR,Toronto Raptors,78.0,https://cdn.nba.com/headshots/nba/latest/1040x760/1628778.png,https://cdn.nba.com/logos/nba/1610612761/primary/L/logo.svg
1626178,Rondae Hollis-Jefferson,rondae-hollis-jefferson,4,F,6-6,217,"JAN 03, 1995",25.0,4,Arizona,2019-20,1610612761,TOR,Toronto Raptors,78.0,https://cdn.nba.com/headshots/nba/latest/1040x760/1626178.png,https://cdn.nba.com/logos/nba/1610612761/primary/L/logo.svg
201586,Serge Ibaka,serge-ibaka,9,F,7-0,235,"SEP 18, 1989",30.0,10,Ricoh Manresa,2019-20,1610612761,TOR,Toronto Raptors,84.0,https://cdn.nba.com/headshots/nba/latest/1040x760/201586.png,https://cdn.nba.com/logos/nba/1610612761/primary/L/logo.svg
1626169,Stanley Johnson,stanley-johnson,5,F-G,6-6,242,"MAY 29, 1996",24.0,4,Arizona,2019-20,1610612761,TOR,Toronto Raptors,78.0,https://cdn.nba.com/headshots/nba/latest/1040x760/1626169.png,https://cdn.nba.com/logos/nba/1610612761/primary/L/logo.svg
1629056,Terence Davis,terence-davis,0,G,6-4,201,"MAY 16, 1997",23.0,R,Mississippi,2019-20,1610612761,TOR,Toronto Raptors,76.0,https://cdn.nba.com/headshots/nba/latest/1040x760/1629056.png,https://cdn.nba.com/logos/nba/1610612761/primary/L/logo.svg
202711,Bojan Bogdanovic,bojan-bogdanovic,44,F,6-8,226,"APR 18, 1989",31.0,5,Fenerbahce,2019-20,1610612762,UTA,Utah Jazz,80.0,https://cdn.nba.com/headshots/nba/latest/1040x760/202711.png,https://cdn.nba.com/logos/nba/1610612762/primary/L/logo.svg
1628378,Donovan Mitchell,donovan-mitchell,45,G,6-1,215,"SEP 07, 1996",23.0,2,Louisville,2019-20,1610612762,UTA,Utah Jazz,73.0,https://cdn.nba.com/headshots/nba/latest/1040x760/1628378.png,https://cdn.nba.com/logos/nba/1610612762/primary/L/logo.svg
202334,Ed Davis,ed-davis,17,C-F,6-9,218,"JUN 05, 1989",31.0,9,North Carolina,2019-20,1610612762,UTA,Utah Jazz,81.0,https://cdn.nba.com/headshots/nba/latest/1040x760/202334.png,https://cdn.nba.com/logos/nba/1610612762/primary/L/logo.svg
1626144,Emmanuel Mudiay,emmanuel-mudiay,15,G,6-3,200,"MAR 05, 1996",24.0,4,Guangdong,2019-20,1610612762,UTA,Utah Jazz,75.0,https://cdn.nba.com/headshots/nba/latest/1040x760/1626144.png,https://cdn.nba.com/logos/nba/1610612762/primary/L/logo.svg
1627777,Georges Niang,georges-niang,31,F,6-7,230,"JUN 17, 1993",27.0,3,Iowa State,2019-20,1610612762,UTA,Utah Jazz,79.0,https://cdn.nba.com/headshots/nba/latest/1040x760/1627777.png,https://cdn.nba.com/logos/nba/1610612762/primary/L/logo.svg
1629714,Jarrell Brantley,jarrell-brantley,5,F,6-5,250,"JUN 07, 1996",24.0,R,College of Charleston,2019-20,1610612762,UTA,Utah Jazz,77.0,https://cdn.nba.com/headshots/nba/latest/1040x760/1629714.png,https://cdn.nba.com/logos/nba/1610612762/primary/L/logo.svg
204060,Joe Ingles,joe-ingles,2,F-G,6-7,220,"OCT 02, 1987",32.0,5,Maccabi Tel Aviv,2019-20,1610612762,UTA,Utah Jazz,79.0,https://cdn.nba.com/headshots/nba/latest/1040x760/204060.png,https://cdn.nba.com/logos/nba/1610612762/primary/L/logo.svg
203903,Jordan Clarkson,jordan-clarkson,00,G,6-4,194,"JUN 07, 1992",28.0,5,Missouri,2019-20,1610612762,UTA,Utah Jazz,76.0,https://cdn.nba.com/headshots/nba/latest/1040x760/203903.png,https://cdn.nba.com/logos/nba/1610612762/primary/L/logo.svg
1629625,Justin Wright-Foreman,justin-wright-foreman,3,G,6-0,190,"OCT 27, 1997",22.0,R,Hofstra,2019-20,1610612762,UTA,Utah Jazz,72.0,https://cdn.nba.com/headshots/nba/latest/1040x760/1629625.png,https://cdn.nba.com/logos/nba/1610612762/primary/L/logo.svg
1629752,Juwan Morgan,juwan-morgan,16,F,6-7,232,"APR 17, 1997",23.0,R,Indiana,2019-20,1610612762,UTA,Utah Jazz,79.0,https://cdn.nba.com/headshots/nba/latest/1040x760/1629752.png,https://cdn.nba.com/logos/nba/1610612762/primary/L/logo.svg
201144,Mike Conley,mike-conley,10,G,6-1,175,"OCT 11, 1987",32.0,12,Ohio State,2019-20,1610612762,UTA,Utah Jazz,73.0,https://cdn.nba.com/headshots/nba/latest/1040x760/201144.png,https://cdn.nba.com/logos/nba/1610612762/primary/L/logo.svg
1629671,Miye Oni,miye-oni,81,G-F,6-5,206,"AUG 04, 1997",22.0,R,Yale,2019-20,1610612762,UTA,Utah Jazz,77.0,https://cdn.nba.com/headshots/nba/latest/1040x760/1629671.png,https://cdn.nba.com/logos/nba/1610612762/primary/L/logo.svg
1628430,Nigel Williams-Goss,nigel-williams-goss,0,G,6-2,190,"SEP 16, 1994",25.0,R,Gonzaga,2019-20,1610612762,UTA,Utah Jazz,74.0,https://cdn.nba.com/headshots/nba/latest/1040x760/1628430.png,https://cdn.nba.com/logos/nba/1610612762/primary/L/logo.svg
1629730,Rayjon Tucker,rayjon-tucker,6,G,6-3,209,"SEP 24, 1997",22.0,R,Arkansas-Little Rock,2019-20,1610612762,UTA,Utah Jazz,75.0,https://cdn.nba.com/headshots/nba/latest/1040x760/1629730.png,https://cdn.nba.com/logos/nba/1610612762/primary/L/logo.svg
1626220,Royce O'Neale,royce-oneale,23,F,6-4,226,"JUN 05, 1993",27.0,2,Baylor,2019-20,1610612762,UTA,Utah Jazz,76.0,https://cdn.nba.com/headshots/nba/latest/1040x760/1626220.png,https://cdn.nba.com/logos/nba/1610612762/primary/L/logo.svg
203497,Rudy Gobert,rudy-gobert,27,C,7-1,258,"JUN 26, 1992",28.0,6,Cholet,2019-20,1610612762,UTA,Utah Jazz,85.0,https://cdn.nba.com/headshots/nba/latest/1040x760/203497.png,https://cdn.nba.com/logos/nba/1610612762/primary/L/logo.svg
1628396,Tony Bradley,tony-bradley,13,C-F,6-10,248,"JAN 08, 1998",22.0,2,North Carolina,2019-20,1610612762,UTA,Utah Jazz,82.0,https://cdn.nba.com/headshots/nba/latest/1040x760/1628396.png,https://cdn.nba.com/logos/nba/1610612762/primary/L/logo.svg
1629678,Admiral Schofield,admiral-schofield,1,G-F,6-5,241,"MAR 30, 1997",23.0,R,Tennessee,2019-20,1610612764,WAS,Washington Wizards,77.0,https://cdn.nba.com/headshots/nba/latest/1040x760/1629678.png,https://cdn.nba.com/logos/nba/1610612764/primary/L/logo.svg
1628394,Anžejs Pasečņiks,anžejs-pasečņiks,18,C-F,7-2,229,"DEC 20, 1995",24.0,R,Gran Canaria,2019-20,1610612764,WAS,Washington Wizards,86.0,https://cdn.nba.com/headshots/nba/latest/1040x760/1628394.png,https://cdn.nba.com/logos/nba/1610612764/primary/L/logo.svg
203078,Bradley Beal,bradley-beal,3,G,6-3,207,"JUN 28, 1993",27.0,7,Florida,2019-20,1610612764,WAS,Washington Wizards,75.0,https://cdn.nba.com/headshots/nba/latest/1040x760/203078.png,https://cdn.nba.com/logos/nba/1610612764/primary/L/logo.svg
202722,Davis Bertans,davis-bertans,42,F,6-10,225,"NOV 12, 1992",27.0,3,Baskonia,2019-20,1610612764,WAS,Washington Wizards,82.0,https://cdn.nba.com/headshots/nba/latest/1040x760/202722.png,https://cdn.nba.com/logos/nba/1610612764/primary/L/logo.svg
1629726,Garrison Mathews,garrison-mathews,24,G,6-5,215,"OCT 24, 1996",23.0,R,Lipscomb,2019-20,1610612764,WAS,Washington Wizards,77.0,https://cdn.nba.com/headshots/nba/latest/1040x760/1629726.png,https://cdn.nba.com/logos/nba/1610612764/primary/L/logo.svg
1627780,Gary Payton II,gary-payton-ii,20,G,6-3,195,"DEC 01, 1992",27.0,3,Oregon State,2019-20,1610612764,WAS,Washington Wizards,75.0,https://cdn.nba.com/headshots/nba/latest/1040x760/1627780.png,https://cdn.nba.com/logos/nba/1610612764/primary/L/logo.svg
101133,Ian Mahinmi,ian-mahinmi,28,C,6-11,262,"NOV 05, 1986",33.0,11,Pau Orthez,2019-20,1610612764,WAS,Washington Wizards,83.0,https://cdn.nba.com/headshots/nba/latest/1040x760/101133.png,https://cdn.nba.com/logos/nba/1610612764/primary/L/logo.svg
1629067,Isaac Bonga,isaac-bonga,17,G,6-8,180,"NOV 08, 1999",20.0,1,Skyliners Frankfurt,2019-20,1610612764,WAS,Washington Wizards,80.0,https://cdn.nba.com/headshots/nba/latest/1040x760/1629067.png,https://cdn.nba.com/logos/nba/1610612764/primary/L/logo.svg
202397,Ish Smith,ish-smith,14,G,6-0,175,"JUL 05, 1988",31.0,9,Wake Forest,2019-20,1610612764,WAS,Washington Wizards,72.0,https://cdn.nba.com/headshots/nba/latest/1040x760/202397.png,https://cdn.nba.com/logos/nba/1610612764/primary/L/logo.svg
1627784,Jarrod Uthoff,jarrod-uthoff,7,F,6-9,220,"MAY 19, 1993",27.0,1,Iowa,2019-20,1610612764,WAS,Washington Wizards,81.0,https://cdn.nba.com/headshots/nba/latest/1040x760/1627784.png,https://cdn.nba.com/logos/nba/1610612764/primary/L/logo.svg
1626170,Jerian Grant,jerian-grant,22,G,6-4,198,"OCT 09, 1992",27.0,4,Notre Dame,2019-20,1610612764,WAS,Washington Wizards,76.0,https://cdn.nba.com/headshots/nba/latest/1040x760/1626170.png,https://cdn.nba.com/logos/nba/1610612764/primary/L/logo.svg
1629010,Jerome Robinson,jerome-robinson,12,G,6-4,190,"FEB 22, 1997",23.0,1,Boston College,2019-20,1610612764,WAS,Washington Wizards,76.0,https://cdn.nba.com/headshots/nba/latest/1040x760/1629010.png,https://cdn.nba.com/logos/nba/1610612764/primary/L/logo.svg
202322,John Wall,john-wall,2,G,6-4,210,"SEP 06, 1990",29.0,9,Kentucky,2019-20,1610612764,WAS,Washington Wizards,76.0,https://cdn.nba.com/headshots/nba/latest/1040x760/202322.png,https://cdn.nba.com/logos/nba/1610612764/primary/L/logo.svg
1629140,Johnathan Williams,johnathan-williams,19,F,6-9,228,"MAY 22, 1995",25.0,1,Gonzaga,2019-20,1610612764,WAS,Washington Wizards,81.0,https://cdn.nba.com/headshots/nba/latest/1040x760/1629140.png,https://cdn.nba.com/logos/nba/1610612764/primary/L/logo.svg
1629021,Moritz Wagner,moritz-wagner,21,F-C,6-11,245,"APR 26, 1997",23.0,1,Michigan,2019-20,1610612764,WAS,Washington Wizards,83.0,https://cdn.nba.com/headshots/nba/latest/1040x760/1629021.png,https://cdn.nba.com/logos/nba/1610612764/primary/L/logo.svg
1629060,Rui Hachimura,rui-hachimura,8,F,6-8,230,"FEB 08, 1998",22.0,R,Gonzaga,2019-20,1610612764,WAS,Washington Wizards,80.0,https://cdn.nba.com/headshots/nba/latest/1040x760/1629060.png,https://cdn.nba.com/logos/nba/1610612764/primary/L/logo.svg
203894,Shabazz Napier,shabazz-napier,5,G,6-0,175,"JUL 14, 1991",28.0,5,Connecticut,2019-20,1610612764,WAS,Washington Wizards,72.0,https://cdn.nba.com/headshots/nba/latest/1040x760/203894.png,https://cdn.nba.com/logos/nba/1610612764/primary/L/logo.svg
1628418,Thomas Bryant,thomas-bryant,13,C-F,6-10,248,"JUL 31, 1997",22.0,2,Indiana,2019-20,1610612764,WAS,Washington Wizards,82.0,https://cdn.nba.com/headshots/nba/latest/1040x760/1628418.png,https://cdn.nba.com/logos/nba/1610612764/primary/L/logo.svg
1628972,Troy Brown Jr.,troy-brown-jr,6,G-F,6-6,215,"JUL 28, 1999",20.0,1,Oregon,2019-20,1610612764,WAS,Washington Wizards,78.0,https://cdn.nba.com/headshots/nba/latest/1040x760/1628972.png,https://cdn.nba.com/logos/nba/1610612764/primary/L/logo.svg
203992,Bogdan Bogdanović,bogdan-bogdanović,13,G,6-6,220,"AUG 18, 1992",28.0,3,Fenerbahce,2020-21,1610612737,ATL,Atlanta Hawks,78.0,https://cdn.nba.com/headshots/nba/latest/1040x760/203992.png,https://cdn.nba.com/logos/nba/1610612737/primary/L/logo.svg
1629164,Brandon Goodwin,brandon-goodwin,0,G,6-0,180,"OCT 02, 1995",25.0,2,Florida Gulf Coast,2020-21,1610612737,ATL,Atlanta Hawks,72.0,https://cdn.nba.com/headshots/nba/latest/1040x760/1629164.png,https://cdn.nba.com/logos/nba/1610612737/primary/L/logo.svg
1628981,Bruno Fernando,bruno-fernando,24,F-C,6-9,240,"AUG 15, 1998",22.0,1,Maryland,2020-21,1610612737,ATL,Atlanta Hawks,81.0,https://cdn.nba.com/headshots/nba/latest/1040x760/1628981.png,https://cdn.nba.com/logos/nba/1610612737/primary/L/logo.svg
1629629,Cam Reddish,cam-reddish,22,F-G,6-8,218,"SEP 01, 1999",21.0,1,Duke,2020-21,1610612737,ATL,Atlanta Hawks,80.0,https://cdn.nba.com/headshots/nba/latest/1040x760/1629629.png,https://cdn.nba.com/logos/nba/1610612737/primary/L/logo.svg
203991,Clint Capela,clint-capela,15,C,6-10,240,"MAY 18, 1994",27.0,6,Elan Chalon,2020-21,1610612737,ATL,Atlanta Hawks,82.0,https://cdn.nba.com/headshots/nba/latest/1040x760/203991.png,https://cdn.nba.com/logos/nba/1610612737/primary/L/logo.svg
201568,Danilo Gallinari,danilo-gallinari,8,F,6-10,233,"AUG 08, 1988",32.0,11,Olimpia Milano,2020-21,1610612737,ATL,Atlanta Hawks,82.0,https://cdn.nba.com/headshots/nba/latest/1040x760/201568.png,https://cdn.nba.com/logos/nba/1610612737/primary/L/logo.svg
1629631,De'Andre Hunter,deandre-hunter,12,F-G,6-8,225,"DEC 02, 1997",23.0,1,Virginia,2020-21,1610612737,ATL,Atlanta Hawks,80.0,https://cdn.nba.com/headshots/nba/latest/1040x760/1629631.png,https://cdn.nba.com/logos/nba/1610612737/primary/L/logo.svg
1628381,John Collins,john-collins,20,F-C,6-9,235,"SEP 23, 1997",23.0,3,Wake Forest,2020-21,1610612737,ATL,Atlanta Hawks,81.0,https://cdn.nba.com/headshots/nba/latest/1040x760/1628381.png,https://cdn.nba.com/logos/nba/1610612737/primary/L/logo.svg
1628989,Kevin Huerter,kevin-huerter,3,G-F,6-7,190,"AUG 27, 1998",22.0,2,Maryland,2020-21,1610612737,ATL,Atlanta Hawks,79.0,https://cdn.nba.com/headshots/nba/latest/1040x760/1628989.png,https://cdn.nba.com/logos/nba/1610612737/primary/L/logo.svg
1627739,Kris Dunn,kris-dunn,32,G,6-3,205,"MAR 18, 1994",27.0,4,Providence,2020-21,1610612737,ATL,Atlanta Hawks,75.0,https://cdn.nba.com/headshots/nba/latest/1040x760/1627739.png,https://cdn.nba.com/logos/nba/1610612737/primary/L/logo.svg
101150,Lou Williams,lou-williams,6,G,6-1,175,"OCT 27, 1986",34.0,15,South Gwinnett HS (GA),2020-21,1610612737,ATL,Atlanta Hawks,73.0,https://cdn.nba.com/headshots/nba/latest/1040x760/101150.png,https://cdn.nba.com/logos/nba/1610612737/primary/L/logo.svg
1630233,Nathan Knight,nathan-knight,1,F-C,6-10,253,"SEP 20, 1997",23.0,R,William & Mary,2020-21,1610612737,ATL,Atlanta Hawks,82.0,https://cdn.nba.com/headshots/nba/latest/1040x760/1630233.png,https://cdn.nba.com/logos/nba/1610612737/primary/L/logo.svg
1630168,Onyeka Okongwu,onyeka-okongwu,17,F-C,6-8,235,"DEC 11, 2000",20.0,R,Southern California,2020-21,1610612737,ATL,Atlanta Hawks,80.0,https://cdn.nba.com/headshots/nba/latest/1040x760/1630168.png,https://cdn.nba.com/logos/nba/1610612737/primary/L/logo.svg
1630219,Skylar Mays,skylar-mays,4,G,6-4,205,"SEP 05, 1997",23.0,R,Louisiana State,2020-21,1610612737,ATL,Atlanta Hawks,76.0,https://cdn.nba.com/headshots/nba/latest/1040x760/1630219.png,https://cdn.nba.com/logos/nba/1610612737/primary/L/logo.svg
203524,Solomon Hill,solomon-hill,18,F,6-6,226,"MAR 18, 1991",30.0,7,Arizona,2020-21,1610612737,ATL,Atlanta Hawks,78.0,https://cdn.nba.com/headshots/nba/latest/1040x760/203524.png,https://cdn.nba.com/logos/nba/1610612737/primary/L/logo.svg
203503,Tony Snell,tony-snell,19,G,6-6,213,"NOV 10, 1991",29.0,7,New Mexico,2020-21,1610612737,ATL,Atlanta Hawks,78.0,https://cdn.nba.com/headshots/nba/latest/1040x760/203503.png,https://cdn.nba.com/logos/nba/1610612737/primary/L/logo.svg
1629027,Trae Young,trae-young,11,G,6-1,180,"SEP 19, 1998",22.0,2,Oklahoma,2020-21,1610612737,ATL,Atlanta Hawks,73.0,https://cdn.nba.com/headshots/nba/latest/1040x760/1629027.png,https://cdn.nba.com/logos/nba/1610612737/primary/L/logo.svg
1628993,Alize Johnson,alize-johnson,24,F,6-7,212,"APR 22, 1996",25.0,2,Missouri State,2020-21,1610612751,BKN,Brooklyn Nets,79.0,https://cdn.nba.com/headshots/nba/latest/1040x760/1628993.png,https://cdn.nba.com/logos/nba/1610612751/primary/L/logo.svg
201933,Blake Griffin,blake-griffin,2,F,6-9,250,"MAR 16, 1989",32.0,10,Oklahoma,2020-21,1610612751,BKN,Brooklyn Nets,81.0,https://cdn.nba.com/headshots/nba/latest/1040x760/201933.png,https://cdn.nba.com/logos/nba/1610612751/primary/L/logo.svg
1628971,Bruce Brown,bruce-brown,1,G-F,6-4,202,"AUG 15, 1996",24.0,2,Miami,2020-21,1610612751,BKN,Brooklyn Nets,76.0,https://cdn.nba.com/headshots/nba/latest/1040x760/1628971.png,https://cdn.nba.com/logos/nba/1610612751/primary/L/logo.svg
1629185,Chris Chiozza,chris-chiozza,4,G,5-11,175,"NOV 21, 1995",25.0,2,Florida,2020-21,1610612751,BKN,Brooklyn Nets,71.0,https://cdn.nba.com/headshots/nba/latest/1040x760/1629185.png,https://cdn.nba.com/logos/nba/1610612751/primary/L/logo.svg
201599,DeAndre Jordan,deandre-jordan,6,C,6-11,265,"JUL 21, 1988",32.0,12,Texas A&M,2020-21,1610612751,BKN,Brooklyn Nets,83.0,https://cdn.nba.com/headshots/nba/latest/1040x760/201599.png,https://cdn.nba.com/logos/nba/1610612751/primary/L/logo.svg
201935,James Harden,james-harden,13,G,6-5,220,"AUG 26, 1989",31.0,11,Arizona State,2020-21,1610612751,BKN,Brooklyn Nets,77.0,https://cdn.nba.com/headshots/nba/latest/1040x760/201935.png,https://cdn.nba.com/logos/nba/1610612751/primary/L/logo.svg
201145,Jeff Green,jeff-green,8,F,6-8,235,"AUG 28, 1986",34.0,13,Georgetown,2020-21,1610612751,BKN,Brooklyn Nets,80.0,https://cdn.nba.com/headshots/nba/latest/1040x760/201145.png,https://cdn.nba.com/logos/nba/1610612751/primary/L/logo.svg
203925,Joe Harris,joe-harris,12,G-F,6-6,220,"SEP 06, 1991",29.0,6,Virginia,2020-21,1610612751,BKN,Brooklyn Nets,78.0,https://cdn.nba.com/headshots/nba/latest/1040x760/203925.png,https://cdn.nba.com/logos/nba/1610612751/primary/L/logo.svg
201142,Kevin Durant,kevin-durant,7,F,6-10,240,"SEP 29, 1988",32.0,13,Texas,2020-21,1610612751,BKN,Brooklyn Nets,82.0,https://cdn.nba.com/headshots/nba/latest/1040x760/201142.png,https://cdn.nba.com/logos/nba/1610612751/primary/L/logo.svg
202681,Kyrie Irving,kyrie-irving,11,G,6-2,195,"MAR 23, 1992",29.0,9,Duke,2020-21,1610612751,BKN,Brooklyn Nets,74.0,https://cdn.nba.com/headshots/nba/latest/1040x760/202681.png,https://cdn.nba.com/logos/nba/1610612751/primary/L/logo.svg
1629013,Landry Shamet,landry-shamet,20,G,6-4,190,"MAR 13, 1997",24.0,2,Wichita State,2020-21,1610612751,BKN,Brooklyn Nets,76.0,https://cdn.nba.com/headshots/nba/latest/1040x760/1629013.png,https://cdn.nba.com/logos/nba/1610612751/primary/L/logo.svg
1628455,Mike James,mike-james,55,G,6-1,175,"AUG 18, 1990",30.0,1,Lamar,2020-21,1610612751,BKN,Brooklyn Nets,73.0,https://cdn.nba.com/headshots/nba/latest/1040x760/1628455.png,https://cdn.nba.com/logos/nba/1610612751/primary/L/logo.svg
1629651,Nic Claxton,nic-claxton,33,F-C,6-11,215,"APR 17, 1999",22.0,1,Georgia,2020-21,1610612751,BKN,Brooklyn Nets,83.0,https://cdn.nba.com/headshots/nba/latest/1040x760/1629651.png,https://cdn.nba.com/logos/nba/1610612751/primary/L/logo.svg
1629617,Reggie Perry,reggie-perry,0,F-C,6-8,250,"MAR 21, 2000",21.0,R,Mississippi State,2020-21,1610612751,BKN,Brooklyn Nets,80.0,https://cdn.nba.com/headshots/nba/latest/1040x760/1629617.png,https://cdn.nba.com/logos/nba/1610612751/primary/L/logo.svg
203915,Spencer Dinwiddie,spencer-dinwiddie,26,G,6-5,215,"APR 06, 1993",28.0,6,Colorado,2020-21,1610612751,BKN,Brooklyn Nets,77.0,https://cdn.nba.com/headshots/nba/latest/1040x760/203915.png,https://cdn.nba.com/logos/nba/1610612751/primary/L/logo.svg
1627789,Timothe Luwawu-Cabarrot,timothe-luwawu-cabarrot,9,G-F,6-7,220,"MAY 09, 1995",26.0,4,Mega Basket,2020-21,1610612751,BKN,Brooklyn Nets,79.0,https://cdn.nba.com/headshots/nba/latest/1040x760/1627789.png,https://cdn.nba.com/logos/nba/1610612751/primary/L/logo.svg
204020,Tyler Johnson,tyler-johnson,10,G,6-3,186,"MAY 07, 1992",29.0,6,Fresno State,2020-21,1610612751,BKN,Brooklyn Nets,75.0,https://cdn.nba.com/headshots/nba/latest/1040x760/204020.png,https://cdn.nba.com/logos/nba/1610612751/primary/L/logo.svg
1630174,Aaron Nesmith,aaron-nesmith,26,G-F,6-5,215,"OCT 16, 1999",21.0,R,Vanderbilt,2020-21,1610612738,BOS,Boston Celtics,77.0,https://cdn.nba.com/headshots/nba/latest/1040x760/1630174.png,https://cdn.nba.com/logos/nba/1610612738/primary/L/logo.svg
201143,Al Horford,al-horford,42,C-F,6-9,240,"JUN 03, 1986",35.0,13,Florida,2020-21,1610612738,BOS,Boston Celtics,81.0,https://cdn.nba.com/headshots/nba/latest/1040x760/201143.png,https://cdn.nba.com/logos/nba/1610612738/primary/L/logo.svg
1629035,Carsen Edwards,carsen-edwards,4,G,5-11,200,"MAR 12, 1998",23.0,1,Purdue,2020-21,1610612738,BOS,Boston Celtics,71.0,https://cdn.nba.com/headshots/nba/latest/1040x760/1629035.png,https://cdn.nba.com/logos/nba/1610612738/primary/L/logo.svg
203095,Evan Fournier,evan-fournier,94,G-F,6-7,205,"OCT 29, 1992",28.0,8,Poitiers Basket 86,2020-21,1610612738,BOS,Boston Celtics,79.0,https://cdn.nba.com/headshots/nba/latest/1040x760/203095.png,https://cdn.nba.com/logos/nba/1610612738/primary/L/logo.svg
1629684,Grant Williams,grant-williams,12,F,6-6,236,"NOV 30, 1998",22.0,1,Tennessee,2020-21,1610612738,BOS,Boston Celtics,78.0,https://cdn.nba.com/headshots/nba/latest/1040x760/1629684.png,https://cdn.nba.com/logos/nba/1610612738/primary/L/logo.svg
203953,Jabari Parker,jabari-parker,20,F,6-8,245,"MAR 15, 1995",26.0,6,Duke,2020-21,1610612738,BOS,Boston Celtics,80.0,https://cdn.nba.com/headshots/nba/latest/1040x760/203953.png,https://cdn.nba.com/logos/nba/1610612738/primary/L/logo.svg
1627759,Jaylen Brown,jaylen-brown,7,G-F,6-6,223,"OCT 24, 1996",24.0,4,California,2020-21,1610612738,BOS,Boston Celtics,78.0,https://cdn.nba.com/headshots/nba/latest/1040x760/1627759.png,https://cdn.nba.com/logos/nba/1610612738/primary/L/logo.svg
1628369,Jayson Tatum,jayson-tatum,0,F-G,6-8,210,"MAR 03, 1998",23.0,3,Duke,2020-21,1610612738,BOS,Boston Celtics,80.0,https://cdn.nba.com/headshots/nba/latest/1040x760/1628369.png,https://cdn.nba.com/logos/nba/1610612738/primary/L/logo.svg
1628436,Luke Kornet,luke-kornet,40,F-C,7-2,250,"JUL 15, 1995",25.0,3,Vanderbilt,2020-21,1610612738,BOS,Boston Celtics,86.0,https://cdn.nba.com/headshots/nba/latest/1040x760/1628436.png,https://cdn.nba.com/logos/nba/1610612738/primary/L/logo.svg
203935,Marcus Smart,marcus-smart,36,G,6-3,220,"MAR 06, 1994",27.0,6,Oklahoma State,2020-21,1610612738,BOS,Boston Celtics,75.0,https://cdn.nba.com/headshots/nba/latest/1040x760/203935.png,https://cdn.nba.com/logos/nba/1610612738/primary/L/logo.svg
1629650,Moses Brown,moses-brown,9,C,7-2,245,"OCT 13, 1999",21.0,1,UCLA,2020-21,1610612738,BOS,Boston Celtics,86.0,https://cdn.nba.com/headshots/nba/latest/1040x760/1629650.png,https://cdn.nba.com/logos/nba/1610612738/primary/L/logo.svg
1630202,Payton Pritchard,payton-pritchard,11,G,6-1,195,"JAN 28, 1998",23.0,R,Oregon,2020-21,1610612738,BOS,Boston Celtics,73.0,https://cdn.nba.com/headshots/nba/latest/1040x760/1630202.png,https://cdn.nba.com/logos/nba/1610612738/primary/L/logo.svg
1629057,Robert Williams III,robert-williams-iii,44,C-F,6-8,237,"OCT 17, 1997",23.0,2,Texas A&M,2020-21,1610612738,BOS,Boston Celtics,80.0,https://cdn.nba.com/headshots/nba/latest/1040x760/1629057.png,https://cdn.nba.com/logos/nba/1610612738/primary/L/logo.svg
1629641,Romeo Langford,romeo-langford,45,G-F,6-4,216,"OCT 25, 1999",21.0,1,Indiana,2020-21,1610612738,BOS,Boston Celtics,76.0,https://cdn.nba.com/headshots/nba/latest/1040x760/1629641.png,https://cdn.nba.com/logos/nba/1610612738/primary/L/logo.svg
1628400,Semi Ojeleye,semi-ojeleye,37,F,6-6,240,"DEC 05, 1994",26.0,3,Southern Methodist,2020-21,1610612738,BOS,Boston Celtics,78.0,https://cdn.nba.com/headshots/nba/latest/1040x760/1628400.png,https://cdn.nba.com/logos/nba/1610612738/primary/L/logo.svg
1629605,Tacko Fall,tacko-fall,99,C,7-5,311,"DEC 10, 1995",25.0,1,UCF,2020-21,1610612738,BOS,Boston Celtics,89.0,https://cdn.nba.com/headshots/nba/latest/1040x760/1629605.png,https://cdn.nba.com/logos/nba/1610612738/primary/L/logo.svg
1629682,Tremont Waters,tremont-waters,51,G,5-10,175,"JAN 10, 1998",23.0,1,Louisiana State,2020-21,1610612738,BOS,Boston Celtics,70.0,https://cdn.nba.com/headshots/nba/latest/1040x760/1629682.png,https://cdn.nba.com/logos/nba/1610612738/primary/L/logo.svg
202684,Tristan Thompson,tristan-thompson,13,C-F,6-9,254,"MAR 13, 1991",30.0,9,Texas-Austin,2020-21,1610612738,BOS,Boston Celtics,81.0,https://cdn.nba.com/headshots/nba/latest/1040x760/202684.png,https://cdn.nba.com/logos/nba/1610612738/primary/L/logo.svg
202687,Bismack Biyombo,bismack-biyombo,8,C,6-8,255,"AUG 28, 1992",28.0,9,Baloncesto Fuenlabrada,2020-21,1610612766,CHA,Charlotte Hornets,80.0,https://cdn.nba.com/headshots/nba/latest/1040x760/202687.png,https://cdn.nba.com/logos/nba/1610612766/primary/L/logo.svg
202954,Brad Wanamaker,brad-wanamaker,9,G,6-3,210,"JUL 25, 1989",31.0,2,Pittsburgh,2020-21,1610612766,CHA,Charlotte Hornets,75.0,https://cdn.nba.com/headshots/nba/latest/1040x760/202954.png,https://cdn.nba.com/logos/nba/1610612766/primary/L/logo.svg
1628997,Caleb Martin,caleb-martin,10,F,6-5,205,"SEP 28, 1995",25.0,1,Nevada,2020-21,1610612766,CHA,Charlotte Hornets,77.0,https://cdn.nba.com/headshots/nba/latest/1040x760/1628997.png,https://cdn.nba.com/logos/nba/1610612766/primary/L/logo.svg
1628998,Cody Martin,cody-martin,11,F,6-5,205,"SEP 28, 1995",25.0,1,Nevada,2020-21,1610612766,CHA,Charlotte Hornets,77.0,https://cdn.nba.com/headshots/nba/latest/1040x760/1628998.png,https://cdn.nba.com/logos/nba/1610612766/primary/L/logo.svg
203469,Cody Zeller,cody-zeller,40,F-C,6-11,240,"OCT 05, 1992",28.0,7,Indiana,2020-21,1610612766,CHA,Charlotte Hornets,83.0,https://cdn.nba.com/headshots/nba/latest/1040x760/203469.png,https://cdn.nba.com/logos/nba/1610612766/primary/L/logo.svg
1628984,Devonte' Graham,devonte-graham,4,G,6-1,195,"FEB 22, 1995",26.0,2,Kansas,2020-21,1610612766,CHA,Charlotte Hornets,73.0,https://cdn.nba.com/headshots/nba/latest/1040x760/1628984.png,https://cdn.nba.com/logos/nba/1610612766/primary/L/logo.svg
202330,Gordon Hayward,gordon-hayward,20,F,6-7,225,"MAR 23, 1990",31.0,10,Butler,2020-21,1610612766,CHA,Charlotte Hornets,79.0,https://cdn.nba.com/headshots/nba/latest/1040x760/202330.png,https://cdn.nba.com/logos/nba/1610612766/primary/L/logo.svg
1630203,Grant Riller,grant-riller,7,G,6-2,190,"FEB 08, 1997",24.0,R,College of Charleston,2020-21,1610612766,CHA,Charlotte Hornets,74.0,https://cdn.nba.com/headshots/nba/latest/1040x760/1630203.png,https://cdn.nba.com/logos/nba/1610612766/primary/L/logo.svg
1629667,Jalen McDaniels,jalen-mcdaniels,6,F-C,6-9,205,"JAN 31, 1998",23.0,1,San Diego State,2020-21,1610612766,CHA,Charlotte Hornets,81.0,https://cdn.nba.com/headshots/nba/latest/1040x760/1629667.png,https://cdn.nba.com/logos/nba/1610612766/primary/L/logo.svg
1630163,LaMelo Ball,lamelo-ball,2,G,6-6,180,"AUG 22, 2001",19.0,R,Illawarra,2020-21,1610612766,CHA,Charlotte Hornets,78.0,https://cdn.nba.com/headshots/nba/latest/1040x760/1630163.png,https://cdn.nba.com/logos/nba/1610612766/primary/L/logo.svg
1628370,Malik Monk,malik-monk,1,G,6-3,200,"FEB 04, 1998",23.0,3,Kentucky,2020-21,1610612766,CHA,Charlotte Hornets,75.0,https://cdn.nba.com/headshots/nba/latest/1040x760/1628370.png,https://cdn.nba.com/logos/nba/1610612766/primary/L/logo.svg
1628970,Miles Bridges,miles-bridges,0,F,6-6,225,"MAR 21, 1998",23.0,2,Michigan State,2020-21,1610612766,CHA,Charlotte Hornets,78.0,https://cdn.nba.com/headshots/nba/latest/1040x760/1628970.png,https://cdn.nba.com/logos/nba/1610612766/primary/L/logo.svg
1630268,Nate Darling,nate-darling,30,G,6-6,200,"AUG 30, 1998",22.0,R,Delaware,2020-21,1610612766,CHA,Charlotte Hornets,78.0,https://cdn.nba.com/headshots/nba/latest/1040x760/1630268.png,https://cdn.nba.com/logos/nba/1610612766/primary/L/logo.svg
1630208,Nick Richards,nick-richards,14,C,7-0,245,"NOV 29, 1997",23.0,R,Kentucky,2020-21,1610612766,CHA,Charlotte Hornets,84.0,https://cdn.nba.com/headshots/nba/latest/1040x760/1630208.png,https://cdn.nba.com/logos/nba/1610612766/primary/L/logo.svg
1629023,P.J. Washington,pj-washington,25,F,6-7,230,"AUG 23, 1998",22.0,1,Kentucky,2020-21,1610612766,CHA,Charlotte Hornets,79.0,https://cdn.nba.com/headshots/nba/latest/1040x760/1629023.png,https://cdn.nba.com/logos/nba/1610612766/primary/L/logo.svg
1626179,Terry Rozier,terry-rozier,3,G,6-1,190,"MAR 17, 1994",27.0,5,Louisville,2020-21,1610612766,CHA,Charlotte Hornets,73.0,https://cdn.nba.com/headshots/nba/latest/1040x760/1626179.png,https://cdn.nba.com/logos/nba/1610612766/primary/L/logo.svg
1630176,Vernon Carey Jr.,vernon-carey-jr,22,F-C,6-9,270,"FEB 25, 2001",20.0,R,Duke,2020-21,1610612766,CHA,Charlotte Hornets,81.0,https://cdn.nba.com/headshots/nba/latest/1040x760/1630176.png,https://cdn.nba.com/logos/nba/1610612766/primary/L/logo.svg
1629690,Adam Mokoka,adam-mokoka,20,G,6-4,190,"JUL 18, 1998",22.0,1,Mega Basket,2020-21,1610612741,CHI,Chicago Bulls,76.0,https://cdn.nba.com/headshots/nba/latest/1040x760/1629690.png,https://cdn.nba.com/logos/nba/1610612741/primary/L/logo.svg
202329,Al-Farouq Aminu,al-farouq-aminu,5,F,6-8,220,"SEP 21, 1990",30.0,10,Wake Forest,2020-21,1610612741,CHI,Chicago Bulls,80.0,https://cdn.nba.com/headshots/nba/latest/1040x760/202329.png,https://cdn.nba.com/logos/nba/1610612741/primary/L/logo.svg
1629632,Coby White,coby-white,0,G,6-5,195,"FEB 16, 2000",21.0,1,North Carolina,2020-21,1610612741,CHI,Chicago Bulls,77.0,https://cdn.nba.com/headshots/nba/latest/1040x760/1629632.png,https://cdn.nba.com/logos/nba/1610612741/primary/L/logo.svg
1626245,Cristiano Felicio,cristiano-felicio,6,F-C,6-11,270,"JUL 07, 1992",28.0,5,Flamengo,2020-21,1610612741,CHI,Chicago Bulls,83.0,https://cdn.nba.com/headshots/nba/latest/1040x760/1626245.png,https://cdn.nba.com/logos/nba/1610612741/primary/L/logo.svg
1628464,Daniel Theis,daniel-theis,27,F-C,6-8,245,"APR 04, 1992",29.0,3,Brose Bamberg,2020-21,1610612741,CHI,Chicago Bulls,80.0,https://cdn.nba.com/headshots/nba/latest/1040x760/1628464.png,https://cdn.nba.com/logos/nba/1610612741/primary/L/logo.svg
1627756,Denzel Valentine,denzel-valentine,45,G,6-4,220,"NOV 16, 1993",27.0,3,Michigan State,2020-21,1610612741,CHI,Chicago Bulls,76.0,https://cdn.nba.com/headshots/nba/latest/1040x760/1627756.png,https://cdn.nba.com/logos/nba/1610612741/primary/L/logo.svg
1629653,Devon Dotson,devon-dotson,3,G,6-2,185,"AUG 02, 1999",21.0,R,Kansas,2020-21,1610612741,CHI,Chicago Bulls,74.0,https://cdn.nba.com/headshots/nba/latest/1040x760/1629653.png,https://cdn.nba.com/logos/nba/1610612741/primary/L/logo.svg
202066,Garrett Temple,garrett-temple,17,G-F,6-5,195,"MAY 08, 1986",35.0,10,Louisiana State,2020-21,1610612741,CHI,Chicago Bulls,77.0,https://cdn.nba.com/headshots/nba/latest/1040x760/202066.png,https://cdn.nba.com/logos/nba/1610612741/primary/L/logo.svg
1629750,Javonte Green,javonte-green,11,G-F,6-4,205,"JUL 23, 1993",27.0,1,Radford,2020-21,1610612741,CHI,Chicago Bulls,76.0,https://cdn.nba.com/headshots/nba/latest/1040x760/1629750.png,https://cdn.nba.com/logos/nba/1610612741/primary/L/logo.svg
1628374,Lauri Markkanen,lauri-markkanen,24,F-C,7-0,240,"MAY 22, 1997",24.0,3,Arizona,2020-21,1610612741,CHI,Chicago Bulls,84.0,https://cdn.nba.com/headshots/nba/latest/1040x760/1628374.png,https://cdn.nba.com/logos/nba/1610612741/primary/L/logo.svg
202696,Nikola Vučević,nikola-vučević,9,C,6-11,260,"OCT 24, 1990",30.0,9,Southern California,2020-21,1610612741,CHI,Chicago Bulls,83.0,https://cdn.nba.com/headshots/nba/latest/1040x760/202696.png,https://cdn.nba.com/logos/nba/1610612741/primary/L/logo.svg
1630172,Patrick Williams,patrick-williams,44,F,6-7,215,"AUG 26, 2001",19.0,R,Florida State,2020-21,1610612741,CHI,Chicago Bulls,79.0,https://cdn.nba.com/headshots/nba/latest/1040x760/1630172.png,https://cdn.nba.com/logos/nba/1610612741/primary/L/logo.svg
1627853,Ryan Arcidiacono,ryan-arcidiacono,51,G,6-3,195,"MAR 26, 1994",27.0,3,Villanova,2020-21,1610612741,CHI,Chicago Bulls,75.0,https://cdn.nba.com/headshots/nba/latest/1040x760/1627853.png,https://cdn.nba.com/logos/nba/1610612741/primary/L/logo.svg
201152,Thaddeus Young,thaddeus-young,21,F,6-8,235,"JUN 21, 1988",33.0,13,Georgia Tech,2020-21,1610612741,CHI,Chicago Bulls,80.0,https://cdn.nba.com/headshots/nba/latest/1040x760/201152.png,https://cdn.nba.com/logos/nba/1610612741/primary/L/logo.svg
203107,Tomas Satoransky,tomas-satoransky,31,G,6-7,210,"OCT 30, 1991",29.0,4,FC Barcelona,2020-21,1610612741,CHI,Chicago Bulls,79.0,https://cdn.nba.com/headshots/nba/latest/1040x760/203107.png,https://cdn.nba.com/logos/nba/1610612741/primary/L/logo.svg
1628972,Troy Brown Jr.,troy-brown-jr,7,G-F,6-6,215,"JUL 28, 1999",21.0,2,Oregon,2020-21,1610612741,CHI,Chicago Bulls,78.0,https://cdn.nba.com/headshots/nba/latest/1040x760/1628972.png,https://cdn.nba.com/logos/nba/1610612741/primary/L/logo.svg
203897,Zach LaVine,zach-lavine,8,G-F,6-5,200,"MAR 10, 1995",26.0,6,UCLA,2020-21,1610612741,CHI,Chicago Bulls,77.0,https://cdn.nba.com/headshots/nba/latest/1040x760/203897.png,https://cdn.nba.com/logos/nba/1610612741/primary/L/logo.svg
1630271,Brodric Thomas,brodric-thomas,33,G,6-5,185,"JAN 28, 1997",24.0,R,Truman State,2020-21,1610612739,CLE,Cleveland Cavaliers,77.0,https://cdn.nba.com/headshots/nba/latest/1040x760/1630271.png,https://cdn.nba.com/logos/nba/1610612739/primary/L/logo.svg
1626224,Cedi Osman,cedi-osman,16,F,6-7,230,"APR 08, 1995",26.0,3,Anadolu Efes,2020-21,1610612739,CLE,Cleveland Cavaliers,79.0,https://cdn.nba.com/headshots/nba/latest/1040x760/1626224.png,https://cdn.nba.com/logos/nba/1610612739/primary/L/logo.svg
1629012,Collin Sexton,collin-sexton,2,G,6-1,190,"JAN 04, 1999",22.0,2,Alabama,2020-21,1610612739,CLE,Cleveland Cavaliers,73.0,https://cdn.nba.com/headshots/nba/latest/1040x760/1629012.png,https://cdn.nba.com/logos/nba/1610612739/primary/L/logo.svg
1628422,Damyean Dotson,damyean-dotson,21,G,6-5,210,"MAY 06, 1994",27.0,3,Houston,2020-21,1610612739,CLE,Cleveland Cavaliers,77.0,https://cdn.nba.com/headshots/nba/latest/1040x760/1628422.png,https://cdn.nba.com/logos/nba/1610612739/primary/L/logo.svg
1629636,Darius Garland,darius-garland,10,G,6-1,192,"JAN 26, 2000",21.0,1,Vanderbilt,2020-21,1610612739,CLE,Cleveland Cavaliers,73.0,https://cdn.nba.com/headshots/nba/latest/1040x760/1629636.png,https://cdn.nba.com/logos/nba/1610612739/primary/L/logo.svg
1629731,Dean Wade,dean-wade,32,F-C,6-9,228,"NOV 20, 1996",24.0,1,Kansas State,2020-21,1610612739,CLE,Cleveland Cavaliers,81.0,https://cdn.nba.com/headshots/nba/latest/1040x760/1629731.png,https://cdn.nba.com/logos/nba/1610612739/primary/L/logo.svg
1629685,Dylan Windler,dylan-windler,9,G-F,6-6,196,"SEP 22, 1996",24.0,R,Belmont,2020-21,1610612739,CLE,Cleveland Cavaliers,78.0,https://cdn.nba.com/headshots/nba/latest/1040x760/1629685.png,https://cdn.nba.com/logos/nba/1610612739/primary/L/logo.svg
1630171,Isaac Okoro,isaac-okoro,35,F-G,6-5,225,"JAN 26, 2001",20.0,R,Auburn,2020-21,1610612739,CLE,Cleveland Cavaliers,77.0,https://cdn.nba.com/headshots/nba/latest/1040x760/1630171.png,https://cdn.nba.com/logos/nba/1610612739/primary/L/logo.svg
1628392,Isaiah Hartenstein,isaiah-hartenstein,55,C-F,7-0,250,"MAY 05, 1998",23.0,2,Zalgiris,2020-21,1610612739,CLE,Cleveland Cavaliers,84.0,https://cdn.nba.com/headshots/nba/latest/1040x760/1628392.png,https://cdn.nba.com/logos/nba/1610612739/primary/L/logo.svg
1628386,Jarrett Allen,jarrett-allen,31,C,6-11,243,"APR 21, 1998",23.0,3,Texas,2020-21,1610612739,CLE,Cleveland Cavaliers,83.0,https://cdn.nba.com/headshots/nba/latest/1040x760/1628386.png,https://cdn.nba.com/logos/nba/1610612739/primary/L/logo.svg
1629725,Jeremiah Martin,jeremiah-martin,3,G,6-2,185,"JUN 19, 1996",25.0,1,Memphis,2020-21,1610612739,CLE,Cleveland Cavaliers,74.0,https://cdn.nba.com/headshots/nba/latest/1040x760/1629725.png,https://cdn.nba.com/logos/nba/1610612739/primary/L/logo.svg
201567,Kevin Love,kevin-love,0,F-C,6-8,251,"SEP 07, 1988",32.0,12,UCLA,2020-21,1610612739,CLE,Cleveland Cavaliers,80.0,https://cdn.nba.com/headshots/nba/latest/1040x760/201567.png,https://cdn.nba.com/logos/nba/1610612739/primary/L/logo.svg
1630205,Lamar Stevens,lamar-stevens,8,F,6-6,230,"JUL 09, 1997",23.0,R,Penn State,2020-21,1610612739,CLE,Cleveland Cavaliers,78.0,https://cdn.nba.com/headshots/nba/latest/1040x760/1630205.png,https://cdn.nba.com/logos/nba/1610612739/primary/L/logo.svg
1626204,Larry Nance Jr.,larry-nance-jr,22,F-C,6-7,245,"JAN 01, 1993",28.0,5,Wyoming,2020-21,1610612739,CLE,Cleveland Cavaliers,79.0,https://cdn.nba.com/headshots/nba/latest/1040x760/1626204.png,https://cdn.nba.com/logos/nba/1610612739/primary/L/logo.svg
203521,Matthew Dellavedova,matthew-dellavedova,18,G,6-3,200,"SEP 08, 1990",30.0,7,Saint Mary's,2020-21,1610612739,CLE,Cleveland Cavaliers,75.0,https://cdn.nba.com/headshots/nba/latest/1040x760/203521.png,https://cdn.nba.com/logos/nba/1610612739/primary/L/logo.svg
1629662,Mfiondu Kabengele,mfiondu-kabengele,27,F-C,6-9,250,"AUG 14, 1997",23.0,1,Florida State,2020-21,1610612739,CLE,Cleveland Cavaliers,81.0,https://cdn.nba.com/headshots/nba/latest/1040x760/1629662.png,https://cdn.nba.com/logos/nba/1610612739/primary/L/logo.svg
1627752,Taurean Prince,taurean-prince,12,F,6-7,218,"MAR 22, 1994",27.0,4,Baylor,2020-21,1610612739,CLE,Cleveland Cavaliers,79.0,https://cdn.nba.com/headshots/nba/latest/1040x760/1627752.png,https://cdn.nba.com/logos/nba/1610612739/primary/L/logo.svg
1626246,Boban Marjanovic,boban-marjanovic,51,C,7-4,290,"AUG 15, 1988",32.0,5,Crvena zvezda,2020-21,1610612742,DAL,Dallas Mavericks,88.0,https://cdn.nba.com/headshots/nba/latest/1040x760/1626246.png,https://cdn.nba.com/logos/nba/1610612742/primary/L/logo.svg
1627827,Dorian Finney-Smith,dorian-finney-smith,10,F,6-7,220,"MAY 04, 1993",28.0,4,Florida,2020-21,1610612742,DAL,Dallas Mavericks,79.0,https://cdn.nba.com/headshots/nba/latest/1040x760/1627827.png,https://cdn.nba.com/logos/nba/1610612742/primary/L/logo.svg
203939,Dwight Powell,dwight-powell,7,F-C,6-10,240,"JUL 20, 1991",29.0,6,Stanford,2020-21,1610612742,DAL,Dallas Mavericks,82.0,https://cdn.nba.com/headshots/nba/latest/1040x760/203939.png,https://cdn.nba.com/logos/nba/1610612742/primary/L/logo.svg
200755,JJ Redick,jj-redick,17,G,6-3,200,"JUN 24, 1984",37.0,14,Duke,2020-21,1610612742,DAL,Dallas Mavericks,75.0,https://cdn.nba.com/headshots/nba/latest/1040x760/200755.png,https://cdn.nba.com/logos/nba/1610612742/primary/L/logo.svg
1628973,Jalen Brunson,jalen-brunson,13,G,6-1,190,"AUG 31, 1996",24.0,2,Villanova,2020-21,1610612742,DAL,Dallas Mavericks,73.0,https://cdn.nba.com/headshots/nba/latest/1040x760/1628973.png,https://cdn.nba.com/logos/nba/1610612742/primary/L/logo.svg
1630182,Josh Green,josh-green,8,G,6-5,200,"NOV 16, 2000",20.0,R,Arizona,2020-21,1610612742,DAL,Dallas Mavericks,77.0,https://cdn.nba.com/headshots/nba/latest/1040x760/1630182.png,https://cdn.nba.com/logos/nba/1610612742/primary/L/logo.svg
1626196,Josh Richardson,josh-richardson,0,G,6-5,200,"SEP 15, 1993",27.0,5,Tennessee,2020-21,1610612742,DAL,Dallas Mavericks,77.0,https://cdn.nba.com/headshots/nba/latest/1040x760/1626196.png,https://cdn.nba.com/logos/nba/1610612742/primary/L/logo.svg
204001,Kristaps Porziņģis,kristaps-porziņģis,6,F-C,7-3,240,"AUG 02, 1995",25.0,5,Cajasol Sevilla,2020-21,1610612742,DAL,Dallas Mavericks,87.0,https://cdn.nba.com/headshots/nba/latest/1040x760/204001.png,https://cdn.nba.com/logos/nba/1610612742/primary/L/logo.svg
1629029,Luka Dončić,luka-dončić,77,F-G,6-7,230,"FEB 28, 1999",22.0,2,Real Madrid,2020-21,1610612742,DAL,Dallas Mavericks,79.0,https://cdn.nba.com/headshots/nba/latest/1040x760/1629029.png,https://cdn.nba.com/logos/nba/1610612742/primary/L/logo.svg
1628467,Maxi Kleber,maxi-kleber,42,F,6-10,240,"JAN 29, 1992",29.0,3,Bayern Munich,2020-21,1610612742,DAL,Dallas Mavericks,82.0,https://cdn.nba.com/headshots/nba/latest/1040x760/1628467.png,https://cdn.nba.com/logos/nba/1610612742/primary/L/logo.svg
1630207,Nate Hinton,nate-hinton,14,G-F,6-5,210,"JUN 08, 1999",22.0,R,Houston,2020-21,1610612742,DAL,Dallas Mavericks,77.0,https://cdn.nba.com/headshots/nba/latest/1040x760/1630207.png,https://cdn.nba.com/logos/nba/1610612742/primary/L/logo.svg
1629740,Nicolo Melli,nicolo-melli,44,F,6-9,236,"JAN 26, 1991",30.0,1,Fenerbahce,2020-21,1610612742,DAL,Dallas Mavericks,81.0,https://cdn.nba.com/headshots/nba/latest/1040x760/1629740.png,https://cdn.nba.com/logos/nba/1610612742/primary/L/logo.svg
203501,Tim Hardaway Jr.,tim-hardaway-jr,11,G-F,6-5,205,"MAR 16, 1992",29.0,7,Michigan,2020-21,1610612742,DAL,Dallas Mavericks,77.0,https://cdn.nba.com/headshots/nba/latest/1040x760/203501.png,https://cdn.nba.com/logos/nba/1610612742/primary/L/logo.svg
203504,Trey Burke,trey-burke,3,G,6-0,185,"NOV 12, 1992",28.0,7,Michigan,2020-21,1610612742,DAL,Dallas Mavericks,72.0,https://cdn.nba.com/headshots/nba/latest/1040x760/203504.png,https://cdn.nba.com/logos/nba/1610612742/primary/L/logo.svg
1630189,Tyler Bey,tyler-bey,2,F,6-7,215,"FEB 10, 1998",23.0,R,Colorado,2020-21,1610612742,DAL,Dallas Mavericks,79.0,https://cdn.nba.com/headshots/nba/latest/1040x760/1630189.png,https://cdn.nba.com/logos/nba/1610612742/primary/L/logo.svg
1630179,Tyrell Terry,tyrell-terry,1,G,6-2,160,"SEP 28, 2000",20.0,R,Stanford,2020-21,1610612742,DAL,Dallas Mavericks,74.0,https://cdn.nba.com/headshots/nba/latest/1040x760/1630179.png,https://cdn.nba.com/logos/nba/1610612742/primary/L/logo.svg
1626161,Willie Cauley-Stein,willie-cauley-stein,33,C,7-0,240,"AUG 18, 1993",27.0,5,Kentucky,2020-21,1610612742,DAL,Dallas Mavericks,84.0,https://cdn.nba.com/headshots/nba/latest/1040x760/1626161.png,https://cdn.nba.com/logos/nba/1610612742/primary/L/logo.svg
203932,Aaron Gordon,aaron-gordon,50,F,6-8,235,"SEP 16, 1995",25.0,6,Arizona,2020-21,1610612743,DEN,Denver Nuggets,80.0,https://cdn.nba.com/headshots/nba/latest/1040x760/203932.png,https://cdn.nba.com/logos/nba/1610612743/primary/L/logo.svg
203085,Austin Rivers,austin-rivers,25,G,6-4,200,"AUG 01, 1992",28.0,8,Duke,2020-21,1610612743,DEN,Denver Nuggets,76.0,https://cdn.nba.com/headshots/nba/latest/1040x760/203085.png,https://cdn.nba.com/logos/nba/1610612743/primary/L/logo.svg
1629626,Bol Bol,bol-bol,10,C-F,7-2,220,"NOV 16, 1999",21.0,1,Oregon,2020-21,1610612743,DEN,Denver Nuggets,86.0,https://cdn.nba.com/headshots/nba/latest/1040x760/1629626.png,https://cdn.nba.com/logos/nba/1610612743/primary/L/logo.svg
1630267,Facundo Campazzo,facundo-campazzo,7,G,5-10,195,"MAR 23, 1991",30.0,R,Murcia,2020-21,1610612743,DEN,Denver Nuggets,70.0,https://cdn.nba.com/headshots/nba/latest/1040x760/1630267.png,https://cdn.nba.com/logos/nba/1610612743/primary/L/logo.svg
203210,JaMychal Green,jamychal-green,0,F-C,6-8,227,"JUN 21, 1990",31.0,6,Alabama,2020-21,1610612743,DEN,Denver Nuggets,80.0,https://cdn.nba.com/headshots/nba/latest/1040x760/203210.png,https://cdn.nba.com/logos/nba/1610612743/primary/L/logo.svg
201580,JaVale McGee,javale-mcgee,34,C-F,7-0,270,"JAN 19, 1988",33.0,12,Nevada,2020-21,1610612743,DEN,Denver Nuggets,84.0,https://cdn.nba.com/headshots/nba/latest/1040x760/201580.png,https://cdn.nba.com/logos/nba/1610612743/primary/L/logo.svg
1627750,Jamal Murray,jamal-murray,27,G,6-3,215,"FEB 23, 1997",24.0,4,Kentucky,2020-21,1610612743,DEN,Denver Nuggets,75.0,https://cdn.nba.com/headshots/nba/latest/1040x760/1627750.png,https://cdn.nba.com/logos/nba/1610612743/primary/L/logo.svg
1630210,Markus Howard,markus-howard,00,G,5-10,175,"MAR 03, 1999",22.0,R,Marquette,2020-21,1610612743,DEN,Denver Nuggets,70.0,https://cdn.nba.com/headshots/nba/latest/1040x760/1630210.png,https://cdn.nba.com/logos/nba/1610612743/primary/L/logo.svg
1629008,Michael Porter Jr.,michael-porter-jr,1,F,6-10,218,"JUN 29, 1998",23.0,1,Missouri,2020-21,1610612743,DEN,Denver Nuggets,82.0,https://cdn.nba.com/headshots/nba/latest/1040x760/1629008.png,https://cdn.nba.com/logos/nba/1610612743/primary/L/logo.svg
1628420,Monté Morris,monté-morris,11,G,6-2,183,"JUN 27, 1995",26.0,3,Iowa State,2020-21,1610612743,DEN,Denver Nuggets,74.0,https://cdn.nba.com/headshots/nba/latest/1040x760/1628420.png,https://cdn.nba.com/logos/nba/1610612743/primary/L/logo.svg
203999,Nikola Jokić,nikola-jokić,15,C,6-11,284,"FEB 19, 1995",26.0,5,Mega Basket,2020-21,1610612743,DEN,Denver Nuggets,83.0,https://cdn.nba.com/headshots/nba/latest/1040x760/203999.png,https://cdn.nba.com/logos/nba/1610612743/primary/L/logo.svg
1628408,PJ Dozier,pj-dozier,35,G-F,6-6,205,"OCT 25, 1996",24.0,3,South Carolina,2020-21,1610612743,DEN,Denver Nuggets,78.0,https://cdn.nba.com/headshots/nba/latest/1040x760/1628408.png,https://cdn.nba.com/logos/nba/1610612743/primary/L/logo.svg
200794,Paul Millsap,paul-millsap,4,F,6-7,257,"FEB 10, 1985",36.0,14,Louisiana Tech,2020-21,1610612743,DEN,Denver Nuggets,79.0,https://cdn.nba.com/headshots/nba/latest/1040x760/200794.png,https://cdn.nba.com/logos/nba/1610612743/primary/L/logo.svg
1627885,Shaquille Harrison,shaquille-harrison,3,G,6-7,190,"OCT 06, 1993",27.0,3,Tulsa,2020-21,1610612743,DEN,Denver Nuggets,79.0,https://cdn.nba.com/headshots/nba/latest/1040x760/1627885.png,https://cdn.nba.com/logos/nba/1610612743/primary/L/logo.svg
1628427,Vlatko Čančar,vlatko-čančar,31,F,6-8,236,"APR 10, 1997",24.0,1,San Pablo Burgos,2020-21,1610612743,DEN,Denver Nuggets,80.0,https://cdn.nba.com/headshots/nba/latest/1040x760/1628427.png,https://cdn.nba.com/logos/nba/1610612743/primary/L/logo.svg
203115,Will Barton,will-barton,5,G,6-6,181,"JAN 06, 1991",30.0,8,Memphis,2020-21,1610612743,DEN,Denver Nuggets,78.0,https://cdn.nba.com/headshots/nba/latest/1040x760/203115.png,https://cdn.nba.com/logos/nba/1610612743/primary/L/logo.svg
1630192,Zeke Nnaji,zeke-nnaji,22,F-C,6-9,240,"JAN 09, 2001",20.0,R,Arizona,2020-21,1610612743,DEN,Denver Nuggets,81.0,https://cdn.nba.com/headshots/nba/latest/1040x760/1630192.png,https://cdn.nba.com/logos/nba/1610612743/primary/L/logo.svg
202709,Cory Joseph,cory-joseph,18,G,6-3,200,"AUG 20, 1991",29.0,9,Texas,2020-21,1610612765,DET,Detroit Pistons,75.0,https://cdn.nba.com/headshots/nba/latest/1040x760/202709.png,https://cdn.nba.com/logos/nba/1610612765/primary/L/logo.svg
1629686,Deividas Sirvydis,deividas-sirvydis,91,F-G,6-8,190,"JUN 10, 2000",21.0,R,Lietuvos rytas Vilnius,2020-21,1610612765,DET,Detroit Pistons,80.0,https://cdn.nba.com/headshots/nba/latest/1040x760/1629686.png,https://cdn.nba.com/logos/nba/1610612765/primary/L/logo.svg
1628372,Dennis Smith Jr.,dennis-smith-jr,0,G,6-2,205,"NOV 25, 1997",23.0,3,North Carolina State,2020-21,1610612765,DET,Detroit Pistons,74.0,https://cdn.nba.com/headshots/nba/latest/1040x760/1628372.png,https://cdn.nba.com/logos/nba/1610612765/primary/L/logo.svg
1628402,Frank Jackson,frank-jackson,5,G,6-3,205,"MAY 04, 1998",23.0,2,Duke,2020-21,1610612765,DET,Detroit Pistons,75.0,https://cdn.nba.com/headshots/nba/latest/1040x760/1628402.png,https://cdn.nba.com/logos/nba/1610612765/primary/L/logo.svg
1628977,Hamidou Diallo,hamidou-diallo,6,G,6-5,202,"JUL 31, 1998",22.0,2,Kentucky,2020-21,1610612765,DET,Detroit Pistons,77.0,https://cdn.nba.com/headshots/nba/latest/1040x760/1628977.png,https://cdn.nba.com/logos/nba/1610612765/primary/L/logo.svg
1630191,Isaiah Stewart,isaiah-stewart,28,F-C,6-8,250,"MAY 22, 2001",20.0,R,Washington,2020-21,1610612765,DET,Detroit Pistons,80.0,https://cdn.nba.com/headshots/nba/latest/1040x760/1630191.png,https://cdn.nba.com/logos/nba/1610612765/primary/L/logo.svg
1626143,Jahlil Okafor,jahlil-okafor,13,C-F,6-10,270,"DEC 15, 1995",25.0,5,Duke,2020-21,1610612765,DET,Detroit Pistons,82.0,https://cdn.nba.com/headshots/nba/latest/1040x760/1626143.png,https://cdn.nba.com/logos/nba/1610612765/primary/L/logo.svg
203924,Jerami Grant,jerami-grant,9,F,6-8,210,"MAR 12, 1994",27.0,6,Syracuse,2020-21,1610612765,DET,Detroit Pistons,80.0,https://cdn.nba.com/headshots/nba/latest/1040x760/203924.png,https://cdn.nba.com/logos/nba/1610612765/primary/L/logo.svg
1628367,Josh Jackson,josh-jackson,20,G-F,6-8,207,"FEB 10, 1997",24.0,3,Kansas,2020-21,1610612765,DET,Detroit Pistons,80.0,https://cdn.nba.com/headshots/nba/latest/1040x760/1628367.png,https://cdn.nba.com/logos/nba/1610612765/primary/L/logo.svg
1630165,Killian Hayes,killian-hayes,7,G,6-5,195,"JUL 27, 2001",19.0,R,Ratiopharm Ulm,2020-21,1610612765,DET,Detroit Pistons,77.0,https://cdn.nba.com/headshots/nba/latest/1040x760/1630165.png,https://cdn.nba.com/logos/nba/1610612765/primary/L/logo.svg
203486,Mason Plumlee,mason-plumlee,24,F-C,6-11,254,"MAR 05, 1990",31.0,7,Duke,2020-21,1610612765,DET,Detroit Pistons,83.0,https://cdn.nba.com/headshots/nba/latest/1040x760/203486.png,https://cdn.nba.com/logos/nba/1610612765/primary/L/logo.svg
203585,Rodney McGruder,rodney-mcgruder,17,G,6-4,205,"JUL 29, 1991",29.0,4,Kansas State,2020-21,1610612765,DET,Detroit Pistons,76.0,https://cdn.nba.com/headshots/nba/latest/1040x760/203585.png,https://cdn.nba.com/logos/nba/1610612765/primary/L/logo.svg
1630240,Saben Lee,saben-lee,38,G,6-2,183,"JUN 23, 1999",22.0,R,Vanderbilt,2020-21,1610612765,DET,Detroit Pistons,74.0,https://cdn.nba.com/headshots/nba/latest/1040x760/1630240.png,https://cdn.nba.com/logos/nba/1610612765/primary/L/logo.svg
1630180,Saddiq Bey,saddiq-bey,41,F,6-7,215,"APR 09, 1999",22.0,R,Villanova,2020-21,1610612765,DET,Detroit Pistons,79.0,https://cdn.nba.com/headshots/nba/latest/1040x760/1630180.png,https://cdn.nba.com/logos/nba/1610612765/primary/L/logo.svg
1629635,Sekou Doumbouya,sekou-doumbouya,45,F,6-8,230,"DEC 23, 2000",20.0,1,                                   ,2020-21,1610612765,DET,Detroit Pistons,80.0,https://cdn.nba.com/headshots/nba/latest/1040x760/1629635.png,https://cdn.nba.com/logos/nba/1610612765/primary/L/logo.svg
1629076,Tyler Cook,tyler-cook,25,F,6-8,255,"SEP 23, 1997",23.0,1,Iowa,2020-21,1610612765,DET,Detroit Pistons,80.0,https://cdn.nba.com/headshots/nba/latest/1040x760/1629076.png,https://cdn.nba.com/logos/nba/1610612765/primary/L/logo.svg
201961,Wayne Ellington,wayne-ellington,8,G,6-4,207,"NOV 29, 1987",33.0,11,North Carolina,2020-21,1610612765,DET,Detroit Pistons,76.0,https://cdn.nba.com/headshots/nba/latest/1040x760/201961.png,https://cdn.nba.com/logos/nba/1610612765/primary/L/logo.svg
1629346,Alen Smailagic,alen-smailagic,6,F,6-10,215,"AUG 18, 2000",20.0,1,Beko,2020-21,1610612744,GSW,Golden State Warriors,82.0,https://cdn.nba.com/headshots/nba/latest/1040x760/1629346.png,https://cdn.nba.com/logos/nba/1610612744/primary/L/logo.svg
203952,Andrew Wiggins,andrew-wiggins,22,F,6-7,197,"FEB 23, 1995",26.0,6,Kansas,2020-21,1610612744,GSW,Golden State Warriors,79.0,https://cdn.nba.com/headshots/nba/latest/1040x760/203952.png,https://cdn.nba.com/logos/nba/1610612744/primary/L/logo.svg
1627814,Damion Lee,damion-lee,1,G-F,6-5,210,"OCT 21, 1992",28.0,3,Drexel,2020-21,1610612744,GSW,Golden State Warriors,77.0,https://cdn.nba.com/headshots/nba/latest/1040x760/1627814.png,https://cdn.nba.com/logos/nba/1610612744/primary/L/logo.svg
203110,Draymond Green,draymond-green,23,F,6-6,230,"MAR 04, 1990",31.0,8,Michigan State,2020-21,1610612744,GSW,Golden State Warriors,78.0,https://cdn.nba.com/headshots/nba/latest/1040x760/203110.png,https://cdn.nba.com/logos/nba/1610612744/primary/L/logo.svg
1629672,Eric Paschall,eric-paschall,7,F,6-6,255,"NOV 04, 1996",24.0,1,Villanova,2020-21,1610612744,GSW,Golden State Warriors,78.0,https://cdn.nba.com/headshots/nba/latest/1040x760/1629672.png,https://cdn.nba.com/logos/nba/1610612744/primary/L/logo.svg
1627780,Gary Payton II,gary-payton-ii,0,G,6-3,195,"DEC 01, 1992",28.0,4,Oregon State,2020-21,1610612744,GSW,Golden State Warriors,75.0,https://cdn.nba.com/headshots/nba/latest/1040x760/1627780.png,https://cdn.nba.com/logos/nba/1610612744/primary/L/logo.svg
1630164,James Wiseman,james-wiseman,33,C,7-0,240,"MAR 31, 2001",20.0,R,Memphis,2020-21,1610612744,GSW,Golden State Warriors,84.0,https://cdn.nba.com/headshots/nba/latest/1040x760/1630164.png,https://cdn.nba.com/logos/nba/1610612744/primary/L/logo.svg
1628395,Jordan Bell,jordan-bell,7,F,6-8,216,"JAN 07, 1995",26.0,3,Oregon,2020-21,1610612744,GSW,Golden State Warriors,80.0,https://cdn.nba.com/headshots/nba/latest/1040x760/1628395.png,https://cdn.nba.com/logos/nba/1610612744/primary/L/logo.svg
1629673,Jordan Poole,jordan-poole,3,G,6-4,194,"JUN 19, 1999",22.0,1,Michigan,2020-21,1610612744,GSW,Golden State Warriors,76.0,https://cdn.nba.com/headshots/nba/latest/1040x760/1629673.png,https://cdn.nba.com/logos/nba/1610612744/primary/L/logo.svg
1629308,Juan Toscano-Anderson,juan-toscano-anderson,95,F,6-6,209,"APR 10, 1993",28.0,1,Marquette,2020-21,1610612744,GSW,Golden State Warriors,78.0,https://cdn.nba.com/headshots/nba/latest/1040x760/1629308.png,https://cdn.nba.com/logos/nba/1610612744/primary/L/logo.svg
1626162,Kelly Oubre Jr.,kelly-oubre-jr,12,F-G,6-7,203,"DEC 09, 1995",25.0,5,Kansas,2020-21,1610612744,GSW,Golden State Warriors,79.0,https://cdn.nba.com/headshots/nba/latest/1040x760/1626162.png,https://cdn.nba.com/logos/nba/1610612744/primary/L/logo.svg
203145,Kent Bazemore,kent-bazemore,26,G-F,6-4,195,"JUL 01, 1989",31.0,8,Old Dominion,2020-21,1610612744,GSW,Golden State Warriors,76.0,https://cdn.nba.com/headshots/nba/latest/1040x760/203145.png,https://cdn.nba.com/logos/nba/1610612744/primary/L/logo.svg
1626172,Kevon Looney,kevon-looney,5,F,6-9,222,"FEB 06, 1996",25.0,5,UCLA,2020-21,1610612744,GSW,Golden State Warriors,81.0,https://cdn.nba.com/headshots/nba/latest/1040x760/1626172.png,https://cdn.nba.com/logos/nba/1610612744/primary/L/logo.svg
202691,Klay Thompson,klay-thompson,11,G,6-6,215,"FEB 08, 1990",31.0,9,Washington State,2020-21,1610612744,GSW,Golden State Warriors,78.0,https://cdn.nba.com/headshots/nba/latest/1040x760/202691.png,https://cdn.nba.com/logos/nba/1610612744/primary/L/logo.svg
1628539,Mychal Mulder,mychal-mulder,15,G,6-3,184,"JUN 12, 1994",27.0,1,Kentucky,2020-21,1610612744,GSW,Golden State Warriors,75.0,https://cdn.nba.com/headshots/nba/latest/1040x760/1628539.png,https://cdn.nba.com/logos/nba/1610612744/primary/L/logo.svg
1630185,Nico Mannion,nico-mannion,2,G,6-2,190,"MAR 14, 2001",20.0,R,Arizona,2020-21,1610612744,GSW,Golden State Warriors,74.0,https://cdn.nba.com/headshots/nba/latest/1040x760/1630185.png,https://cdn.nba.com/logos/nba/1610612744/primary/L/logo.svg
201939,Stephen Curry,stephen-curry,30,G,6-3,185,"MAR 14, 1988",33.0,11,Davidson,2020-21,1610612744,GSW,Golden State Warriors,75.0,https://cdn.nba.com/headshots/nba/latest/1040x760/201939.png,https://cdn.nba.com/logos/nba/1610612744/primary/L/logo.svg
1630237,Anthony Lamb,anthony-lamb,33,F,6-6,227,"JAN 20, 1998",23.0,R,Vermont,2020-21,1610612745,HOU,Houston Rockets,78.0,https://cdn.nba.com/headshots/nba/latest/1040x760/1630237.png,https://cdn.nba.com/logos/nba/1610612745/primary/L/logo.svg
1629717,Armoni Brooks,armoni-brooks,7,G,6-3,195,"JUN 05, 1998",23.0,R,Houston,2020-21,1610612745,HOU,Houston Rockets,75.0,https://cdn.nba.com/headshots/nba/latest/1040x760/1629717.png,https://cdn.nba.com/logos/nba/1610612745/primary/L/logo.svg
202340,Avery Bradley,avery-bradley,9,G,6-3,180,"NOV 26, 1990",30.0,10,University of Texas at Austin,2020-21,1610612745,HOU,Houston Rockets,75.0,https://cdn.nba.com/headshots/nba/latest/1040x760/202340.png,https://cdn.nba.com/logos/nba/1610612745/primary/L/logo.svg
1626174,Christian Wood,christian-wood,35,F,6-10,214,"SEP 27, 1995",25.0,4,UNLV,2020-21,1610612745,HOU,Houston Rockets,82.0,https://cdn.nba.com/headshots/nba/latest/1040x760/1626174.png,https://cdn.nba.com/logos/nba/1610612745/primary/L/logo.svg
201571,D.J. Augustin,dj-augustin,14,G,5-11,183,"NOV 10, 1987",33.0,12,Texas,2020-21,1610612745,HOU,Houston Rockets,71.0,https://cdn.nba.com/headshots/nba/latest/1040x760/201571.png,https://cdn.nba.com/logos/nba/1610612745/primary/L/logo.svg
1628391,D.J. Wilson,dj-wilson,00,F,6-10,231,"FEB 19, 1996",25.0,3,Michigan,2020-21,1610612745,HOU,Houston Rockets,82.0,https://cdn.nba.com/headshots/nba/latest/1040x760/1628391.png,https://cdn.nba.com/logos/nba/1610612745/primary/L/logo.svg
203957,Danté Exum,danté-exum,5,G,6-5,214,"JUL 13, 1995",25.0,6,Australian Institute of Sport,2020-21,1610612745,HOU,Houston Rockets,77.0,https://cdn.nba.com/headshots/nba/latest/1040x760/203957.png,https://cdn.nba.com/logos/nba/1610612745/primary/L/logo.svg
1627863,Danuel House Jr.,danuel-house-jr,4,F-G,6-6,220,"JUN 07, 1993",28.0,4,Texas A&M,2020-21,1610612745,HOU,Houston Rockets,78.0,https://cdn.nba.com/headshots/nba/latest/1040x760/1627863.png,https://cdn.nba.com/logos/nba/1610612745/primary/L/logo.svg
1628021,David Nwaba,david-nwaba,2,G-F,6-5,219,"JAN 14, 1993",28.0,4,Cal Poly-Obispo,2020-21,1610612745,HOU,Houston Rockets,77.0,https://cdn.nba.com/headshots/nba/latest/1040x760/1628021.png,https://cdn.nba.com/logos/nba/1610612745/primary/L/logo.svg
201569,Eric Gordon,eric-gordon,10,G,6-3,215,"DEC 25, 1988",32.0,12,Indiana,2020-21,1610612745,HOU,Houston Rockets,75.0,https://cdn.nba.com/headshots/nba/latest/1040x760/201569.png,https://cdn.nba.com/logos/nba/1610612745/primary/L/logo.svg
1630256,Jae'Sean Tate,jaesean-tate,8,F,6-4,230,"OCT 28, 1995",25.0,R,Ohio State,2020-21,1610612745,HOU,Houston Rockets,76.0,https://cdn.nba.com/headshots/nba/latest/1040x760/1630256.png,https://cdn.nba.com/logos/nba/1610612745/primary/L/logo.svg
202322,John Wall,john-wall,1,G,6-3,210,"SEP 06, 1990",30.0,9,Kentucky,2020-21,1610612745,HOU,Houston Rockets,75.0,https://cdn.nba.com/headshots/nba/latest/1040x760/202322.png,https://cdn.nba.com/logos/nba/1610612745/primary/L/logo.svg
1630231,KJ Martin,kj-martin,6,F,6-6,215,"JAN 06, 2001",20.0,R,IMG Academy (FL),2020-21,1610612745,HOU,Houston Rockets,78.0,https://cdn.nba.com/headshots/nba/latest/1040x760/1630231.png,https://cdn.nba.com/logos/nba/1610612745/primary/L/logo.svg
203482,Kelly Olynyk,kelly-olynyk,41,F-C,6-11,240,"APR 19, 1991",30.0,7,Gonzaga,2020-21,1610612745,HOU,Houston Rockets,83.0,https://cdn.nba.com/headshots/nba/latest/1040x760/203482.png,https://cdn.nba.com/logos/nba/1610612745/primary/L/logo.svg
1629645,Kevin Porter Jr.,kevin-porter-jr,3,G-F,6-4,203,"MAY 04, 2000",21.0,1,Southern California,2020-21,1610612745,HOU,Houston Rockets,76.0,https://cdn.nba.com/headshots/nba/latest/1040x760/1629645.png,https://cdn.nba.com/logos/nba/1610612745/primary/L/logo.svg
1629017,Khyri Thomas,khyri-thomas,13,G,6-3,210,"MAY 08, 1996",25.0,2,Creighton,2020-21,1610612745,HOU,Houston Rockets,75.0,https://cdn.nba.com/headshots/nba/latest/1040x760/1629017.png,https://cdn.nba.com/logos/nba/1610612745/primary/L/logo.svg
1628425,Sterling Brown,sterling-brown,0,G-F,6-5,219,"FEB 10, 1995",26.0,3,Southern Methodist,2020-21,1610612745,HOU,Houston Rockets,77.0,https://cdn.nba.com/headshots/nba/latest/1040x760/1628425.png,https://cdn.nba.com/logos/nba/1610612745/primary/L/logo.svg
1628988,Aaron Holiday,aaron-holiday,3,G,6-0,185,"SEP 30, 1996",24.0,2,UCLA,2020-21,1610612754,IND,Indiana Pacers,72.0,https://cdn.nba.com/headshots/nba/latest/1040x760/1628988.png,https://cdn.nba.com/logos/nba/1610612754/primary/L/logo.svg
1628578,Amida Brimah,amida-brimah,37,C,6-10,230,"FEB 11, 1994",27.0,R,Connecticut,2020-21,1610612754,IND,Indiana Pacers,82.0,https://cdn.nba.com/headshots/nba/latest/1040x760/1628578.png,https://cdn.nba.com/logos/nba/1610612754/primary/L/logo.svg
1627747,Caris LeVert,caris-levert,22,G,6-6,205,"AUG 25, 1994",26.0,4,Michigan,2020-21,1610612754,IND,Indiana Pacers,78.0,https://cdn.nba.com/headshots/nba/latest/1040x760/1627747.png,https://cdn.nba.com/logos/nba/1610612754/primary/L/logo.svg
1630199,Cassius Stanley,cassius-stanley,2,G,6-5,190,"AUG 18, 1999",21.0,R,Duke,2020-21,1610612754,IND,Indiana Pacers,77.0,https://cdn.nba.com/headshots/nba/latest/1040x760/1630199.png,https://cdn.nba.com/logos/nba/1610612754/primary/L/logo.svg
1627734,Domantas Sabonis,domantas-sabonis,11,F-C,6-11,240,"MAY 03, 1996",25.0,4,Gonzaga,2020-21,1610612754,IND,Indiana Pacers,83.0,https://cdn.nba.com/headshots/nba/latest/1040x760/1627734.png,https://cdn.nba.com/logos/nba/1610612754/primary/L/logo.svg
203926,Doug McDermott,doug-mcdermott,20,F,6-7,225,"JAN 03, 1992",29.0,6,Creighton,2020-21,1610612754,IND,Indiana Pacers,79.0,https://cdn.nba.com/headshots/nba/latest/1040x760/203926.png,https://cdn.nba.com/logos/nba/1610612754/primary/L/logo.svg
1628410,Edmond Sumner,edmond-sumner,5,G,6-4,196,"DEC 31, 1995",25.0,3,Xavier,2020-21,1610612754,IND,Indiana Pacers,76.0,https://cdn.nba.com/headshots/nba/latest/1040x760/1628410.png,https://cdn.nba.com/logos/nba/1610612754/primary/L/logo.svg
1629048,Goga Bitadze,goga-bitadze,88,C-F,6-11,250,"JUL 20, 1999",21.0,1,Mega Basket,2020-21,1610612754,IND,Indiana Pacers,83.0,https://cdn.nba.com/headshots/nba/latest/1040x760/1629048.png,https://cdn.nba.com/logos/nba/1610612754/primary/L/logo.svg
203960,JaKarr Sampson,jakarr-sampson,14,F,6-7,214,"MAR 20, 1993",28.0,5,St. John's (NY),2020-21,1610612754,IND,Indiana Pacers,79.0,https://cdn.nba.com/headshots/nba/latest/1040x760/203960.png,https://cdn.nba.com/logos/nba/1610612754/primary/L/logo.svg
203087,Jeremy Lamb,jeremy-lamb,26,G-F,6-5,180,"MAY 30, 1992",29.0,8,Connecticut,2020-21,1610612754,IND,Indiana Pacers,77.0,https://cdn.nba.com/headshots/nba/latest/1040x760/203087.png,https://cdn.nba.com/logos/nba/1610612754/primary/L/logo.svg
203200,Justin Holiday,justin-holiday,8,F-G,6-6,180,"APR 05, 1989",32.0,7,Washington,2020-21,1610612754,IND,Indiana Pacers,78.0,https://cdn.nba.com/headshots/nba/latest/1040x760/203200.png,https://cdn.nba.com/logos/nba/1610612754/primary/L/logo.svg
1629103,Kelan Martin,kelan-martin,21,F,6-5,230,"AUG 03, 1995",25.0,1,Butler,2020-21,1610612754,IND,Indiana Pacers,77.0,https://cdn.nba.com/headshots/nba/latest/1040x760/1629103.png,https://cdn.nba.com/logos/nba/1610612754/primary/L/logo.svg
1627763,Malcolm Brogdon,malcolm-brogdon,7,G,6-5,229,"DEC 11, 1992",28.0,4,Virginia,2020-21,1610612754,IND,Indiana Pacers,77.0,https://cdn.nba.com/headshots/nba/latest/1040x760/1627763.png,https://cdn.nba.com/logos/nba/1610612754/primary/L/logo.svg
1626167,Myles Turner,myles-turner,33,C-F,6-11,250,"MAR 24, 1996",25.0,5,Texas,2020-21,1610612754,IND,Indiana Pacers,83.0,https://cdn.nba.com/headshots/nba/latest/1040x760/1626167.png,https://cdn.nba.com/logos/nba/1610612754/primary/L/logo.svg
1629052,Oshae Brissett,oshae-brissett,12,F-G,6-7,210,"JUN 20, 1998",23.0,1,Syracuse,2020-21,1610612754,IND,Indiana Pacers,79.0,https://cdn.nba.com/headshots/nba/latest/1040x760/1629052.png,https://cdn.nba.com/logos/nba/1610612754/primary/L/logo.svg
204456,T.J. McConnell,tj-mcconnell,9,G,6-1,190,"MAR 25, 1992",29.0,5,Arizona,2020-21,1610612754,IND,Indiana Pacers,73.0,https://cdn.nba.com/headshots/nba/latest/1040x760/204456.png,https://cdn.nba.com/logos/nba/1610612754/primary/L/logo.svg
203933,T.J. Warren,tj-warren,1,F,6-8,220,"SEP 05, 1993",27.0,6,North Carolina State,2020-21,1610612754,IND,Indiana Pacers,80.0,https://cdn.nba.com/headshots/nba/latest/1040x760/203933.png,https://cdn.nba.com/logos/nba/1610612754/primary/L/logo.svg
1629599,Amir Coffey,amir-coffey,7,G-F,6-7,210,"JUN 17, 1997",24.0,1,Minnesota,2020-21,1610612746,LAC,Los Angeles Clippers,79.0,https://cdn.nba.com/headshots/nba/latest/1040x760/1629599.png,https://cdn.nba.com/logos/nba/1610612746/primary/L/logo.svg
1630187,Daniel Oturu,daniel-oturu,10,C,6-8,240,"SEP 20, 1999",21.0,R,Minnesota,2020-21,1610612746,LAC,Los Angeles Clippers,80.0,https://cdn.nba.com/headshots/nba/latest/1040x760/1630187.png,https://cdn.nba.com/logos/nba/1610612746/primary/L/logo.svg
202326,DeMarcus Cousins,demarcus-cousins,15,C,6-10,270,"AUG 13, 1990",30.0,9,Kentucky,2020-21,1610612746,LAC,Los Angeles Clippers,82.0,https://cdn.nba.com/headshots/nba/latest/1040x760/202326.png,https://cdn.nba.com/logos/nba/1610612746/primary/L/logo.svg
1627826,Ivica Zubac,ivica-zubac,40,C,7-0,240,"MAR 18, 1997",24.0,4,Mega Basket,2020-21,1610612746,LAC,Los Angeles Clippers,84.0,https://cdn.nba.com/headshots/nba/latest/1040x760/1627826.png,https://cdn.nba.com/logos/nba/1610612746/primary/L/logo.svg
1630206,Jay Scrubb,jay-scrubb,0,G,6-5,220,"SEP 01, 2000",20.0,R,John A. Logan,2020-21,1610612746,LAC,Los Angeles Clippers,77.0,https://cdn.nba.com/headshots/nba/latest/1040x760/1630206.png,https://cdn.nba.com/logos/nba/1610612746/primary/L/logo.svg
202695,Kawhi Leonard,kawhi-leonard,2,F,6-7,225,"JUN 29, 1991",30.0,9,San Diego State,2020-21,1610612746,LAC,Los Angeles Clippers,79.0,https://cdn.nba.com/headshots/nba/latest/1040x760/202695.png,https://cdn.nba.com/logos/nba/1610612746/primary/L/logo.svg
1628379,Luke Kennard,luke-kennard,5,G,6-5,206,"JUN 24, 1996",25.0,3,Duke,2020-21,1610612746,LAC,Los Angeles Clippers,77.0,https://cdn.nba.com/headshots/nba/latest/1040x760/1628379.png,https://cdn.nba.com/logos/nba/1610612746/primary/L/logo.svg
202694,Marcus Morris Sr.,marcus-morris-sr,8,F,6-8,218,"SEP 02, 1989",31.0,9,Kansas,2020-21,1610612746,LAC,Los Angeles Clippers,80.0,https://cdn.nba.com/headshots/nba/latest/1040x760/202694.png,https://cdn.nba.com/logos/nba/1610612746/primary/L/logo.svg
201587,Nicolas Batum,nicolas-batum,33,G-F,6-8,230,"DEC 14, 1988",32.0,12,Le Mans,2020-21,1610612746,LAC,Los Angeles Clippers,80.0,https://cdn.nba.com/headshots/nba/latest/1040x760/201587.png,https://cdn.nba.com/logos/nba/1610612746/primary/L/logo.svg
201976,Patrick Beverley,patrick-beverley,21,G,6-1,180,"JUL 12, 1988",32.0,8,Arkansas,2020-21,1610612746,LAC,Los Angeles Clippers,73.0,https://cdn.nba.com/headshots/nba/latest/1040x760/201976.png,https://cdn.nba.com/logos/nba/1610612746/primary/L/logo.svg
202335,Patrick Patterson,patrick-patterson,54,F,6-8,235,"MAR 14, 1989",32.0,10,Kentucky,2020-21,1610612746,LAC,Los Angeles Clippers,80.0,https://cdn.nba.com/headshots/nba/latest/1040x760/202335.png,https://cdn.nba.com/logos/nba/1610612746/primary/L/logo.svg
202331,Paul George,paul-george,13,F,6-8,220,"MAY 02, 1990",31.0,10,Fresno State,2020-21,1610612746,LAC,Los Angeles Clippers,80.0,https://cdn.nba.com/headshots/nba/latest/1040x760/202331.png,https://cdn.nba.com/logos/nba/1610612746/primary/L/logo.svg
200765,Rajon Rondo,rajon-rondo,4,G,6-1,180,"FEB 22, 1986",35.0,14,Kentucky,2020-21,1610612746,LAC,Los Angeles Clippers,73.0,https://cdn.nba.com/headshots/nba/latest/1040x760/200765.png,https://cdn.nba.com/logos/nba/1610612746/primary/L/logo.svg
202704,Reggie Jackson,reggie-jackson,1,G,6-2,208,"APR 16, 1990",31.0,9,Boston College,2020-21,1610612746,LAC,Los Angeles Clippers,74.0,https://cdn.nba.com/headshots/nba/latest/1040x760/202704.png,https://cdn.nba.com/logos/nba/1610612746/primary/L/logo.svg
201586,Serge Ibaka,serge-ibaka,9,F,6-10,235,"SEP 18, 1989",31.0,11,Ricoh Manresa,2020-21,1610612746,LAC,Los Angeles Clippers,82.0,https://cdn.nba.com/headshots/nba/latest/1040x760/201586.png,https://cdn.nba.com/logos/nba/1610612746/primary/L/logo.svg
1629611,Terance Mann,terance-mann,14,G-F,6-5,215,"OCT 18, 1996",24.0,1,Florida State,2020-21,1610612746,LAC,Los Angeles Clippers,77.0,https://cdn.nba.com/headshots/nba/latest/1040x760/1629611.png,https://cdn.nba.com/logos/nba/1610612746/primary/L/logo.svg
1627812,Yogi Ferrell,yogi-ferrell,11,G,6-0,178,"MAY 09, 1993",28.0,4,Indiana,2020-21,1610612746,LAC,Los Angeles Clippers,72.0,https://cdn.nba.com/headshots/nba/latest/1040x760/1627812.png,https://cdn.nba.com/logos/nba/1610612746/primary/L/logo.svg
1627936,Alex Caruso,alex-caruso,4,G,6-4,186,"FEB 28, 1994",27.0,3,Texas A&M,2020-21,1610612747,LAL,Los Angeles Lakers,76.0,https://cdn.nba.com/headshots/nba/latest/1040x760/1627936.png,https://cdn.nba.com/logos/nba/1610612747/primary/L/logo.svg
1628035,Alfonzo McKinnie,alfonzo-mckinnie,28,F,6-7,215,"SEP 17, 1992",28.0,3,Wisc.-Green Bay,2020-21,1610612747,LAL,Los Angeles Lakers,79.0,https://cdn.nba.com/headshots/nba/latest/1040x760/1628035.png,https://cdn.nba.com/logos/nba/1610612747/primary/L/logo.svg
203083,Andre Drummond,andre-drummond,2,C,6-10,279,"AUG 10, 1993",27.0,8,Connecticut,2020-21,1610612747,LAL,Los Angeles Lakers,82.0,https://cdn.nba.com/headshots/nba/latest/1040x760/203083.png,https://cdn.nba.com/logos/nba/1610612747/primary/L/logo.svg
203076,Anthony Davis,anthony-davis,3,F-C,6-10,253,"MAR 11, 1993",28.0,8,Kentucky,2020-21,1610612747,LAL,Los Angeles Lakers,82.0,https://cdn.nba.com/headshots/nba/latest/1040x760/203076.png,https://cdn.nba.com/logos/nba/1610612747/primary/L/logo.svg
203463,Ben McLemore,ben-mclemore,7,G,6-3,195,"FEB 11, 1993",28.0,7,Kansas,2020-21,1610612747,LAL,Los Angeles Lakers,75.0,https://cdn.nba.com/headshots/nba/latest/1040x760/203463.png,https://cdn.nba.com/logos/nba/1610612747/primary/L/logo.svg
203471,Dennis Schröder,dennis-schröder,17,G,6-3,172,"SEP 15, 1993",27.0,7,Braunschweig,2020-21,1610612747,LAL,Los Angeles Lakers,75.0,https://cdn.nba.com/headshots/nba/latest/1040x760/203471.png,https://cdn.nba.com/logos/nba/1610612747/primary/L/logo.svg
1629719,Devontae Cacok,devontae-cacok,12,F,6-7,240,"OCT 08, 1996",24.0,1,UNC-Wilmington,2020-21,1610612747,LAL,Los Angeles Lakers,79.0,https://cdn.nba.com/headshots/nba/latest/1040x760/1629719.png,https://cdn.nba.com/logos/nba/1610612747/primary/L/logo.svg
201162,Jared Dudley,jared-dudley,10,F,6-6,237,"JUL 10, 1985",35.0,13,Boston College,2020-21,1610612747,LAL,Los Angeles Lakers,78.0,https://cdn.nba.com/headshots/nba/latest/1040x760/201162.png,https://cdn.nba.com/logos/nba/1610612747/primary/L/logo.svg
203484,Kentavious Caldwell-Pope,kentavious-caldwell-pope,1,G,6-5,204,"FEB 18, 1993",28.0,7,Georgia,2020-21,1610612747,LAL,Los Angeles Lakers,77.0,https://cdn.nba.com/headshots/nba/latest/1040x760/203484.png,https://cdn.nba.com/logos/nba/1610612747/primary/L/logo.svg
1628961,Kostas Antetokounmpo,kostas-antetokounmpo,37,F,6-10,200,"NOV 20, 1997",23.0,2,Dayton,2020-21,1610612747,LAL,Los Angeles Lakers,82.0,https://cdn.nba.com/headshots/nba/latest/1040x760/1628961.png,https://cdn.nba.com/logos/nba/1610612747/primary/L/logo.svg
1628398,Kyle Kuzma,kyle-kuzma,0,F,6-10,221,"JUL 24, 1995",25.0,3,Utah,2020-21,1610612747,LAL,Los Angeles Lakers,82.0,https://cdn.nba.com/headshots/nba/latest/1040x760/1628398.png,https://cdn.nba.com/logos/nba/1610612747/primary/L/logo.svg
2544,LeBron James,lebron-james,6,F,6-9,250,"DEC 30, 1984",36.0,17,St. Vincent-St. Mary HS (OH),2020-21,1610612747,LAL,Los Angeles Lakers,81.0,https://cdn.nba.com/headshots/nba/latest/1040x760/2544.png,https://cdn.nba.com/logos/nba/1610612747/primary/L/logo.svg
201188,Marc Gasol,marc-gasol,14,C,6-11,255,"JAN 29, 1985",36.0,12,FC Barcelona,2020-21,1610612747,LAL,Los Angeles Lakers,83.0,https://cdn.nba.com/headshots/nba/latest/1040x760/201188.png,https://cdn.nba.com/logos/nba/1610612747/primary/L/logo.svg
202693,Markieff Morris,markieff-morris,88,F,6-9,245,"SEP 02, 1989",31.0,9,Kansas,2020-21,1610612747,LAL,Los Angeles Lakers,81.0,https://cdn.nba.com/headshots/nba/latest/1040x760/202693.png,https://cdn.nba.com/logos/nba/1610612747/primary/L/logo.svg
1626149,Montrezl Harrell,montrezl-harrell,15,F-C,6-7,240,"JAN 26, 1994",27.0,5,Louisville,2020-21,1610612747,LAL,Los Angeles Lakers,79.0,https://cdn.nba.com/headshots/nba/latest/1040x760/1626149.png,https://cdn.nba.com/logos/nba/1610612747/primary/L/logo.svg
1629659,Talen Horton-Tucker,talen-horton-tucker,5,G,6-4,234,"NOV 25, 2000",20.0,1,Iowa State,2020-21,1610612747,LAL,Los Angeles Lakers,76.0,https://cdn.nba.com/headshots/nba/latest/1040x760/1629659.png,https://cdn.nba.com/logos/nba/1610612747/primary/L/logo.svg
202083,Wesley Matthews,wesley-matthews,9,G,6-4,220,"OCT 14, 1986",34.0,11,Marquette,2020-21,1610612747,LAL,Los Angeles Lakers,76.0,https://cdn.nba.com/headshots/nba/latest/1040x760/202083.png,https://cdn.nba.com/logos/nba/1610612747/primary/L/logo.svg
1629634,Brandon Clarke,brandon-clarke,15,F,6-8,215,"SEP 19, 1996",24.0,1,Gonzaga,2020-21,1610612763,MEM,Memphis Grizzlies,80.0,https://cdn.nba.com/headshots/nba/latest/1040x760/1629634.png,https://cdn.nba.com/logos/nba/1610612763/primary/L/logo.svg
1629001,De'Anthony Melton,deanthony-melton,0,G,6-2,200,"MAY 28, 1998",23.0,2,Southern California,2020-21,1610612763,MEM,Memphis Grizzlies,74.0,https://cdn.nba.com/headshots/nba/latest/1040x760/1629001.png,https://cdn.nba.com/logos/nba/1610612763/primary/L/logo.svg
1630217,Desmond Bane,desmond-bane,22,G,6-5,215,"JUN 25, 1998",23.0,R,TCU,2020-21,1610612763,MEM,Memphis Grizzlies,77.0,https://cdn.nba.com/headshots/nba/latest/1040x760/1630217.png,https://cdn.nba.com/logos/nba/1610612763/primary/L/logo.svg
1628415,Dillon Brooks,dillon-brooks,24,G-F,6-7,225,"JAN 22, 1996",25.0,3,Oregon,2020-21,1610612763,MEM,Memphis Grizzlies,79.0,https://cdn.nba.com/headshots/nba/latest/1040x760/1628415.png,https://cdn.nba.com/logos/nba/1610612763/primary/L/logo.svg
1628960,Grayson Allen,grayson-allen,3,G,6-4,198,"OCT 08, 1995",25.0,2,Duke,2020-21,1610612763,MEM,Memphis Grizzlies,76.0,https://cdn.nba.com/headshots/nba/latest/1040x760/1628960.png,https://cdn.nba.com/logos/nba/1610612763/primary/L/logo.svg
1629630,Ja Morant,ja-morant,12,G,6-3,174,"AUG 10, 1999",21.0,1,Murray State,2020-21,1610612763,MEM,Memphis Grizzlies,75.0,https://cdn.nba.com/headshots/nba/latest/1040x760/1629630.png,https://cdn.nba.com/logos/nba/1610612763/primary/L/logo.svg
1628991,Jaren Jackson Jr.,jaren-jackson-jr,13,F-C,6-11,242,"SEP 15, 1999",21.0,2,Michigan State,2020-21,1610612763,MEM,Memphis Grizzlies,83.0,https://cdn.nba.com/headshots/nba/latest/1040x760/1628991.png,https://cdn.nba.com/logos/nba/1610612763/primary/L/logo.svg
1629723,John Konchar,john-konchar,46,G,6-5,210,"MAR 22, 1996",25.0,1,Indiana-Purdue Fort Wayne,2020-21,1610612763,MEM,Memphis Grizzlies,77.0,https://cdn.nba.com/headshots/nba/latest/1040x760/1629723.png,https://cdn.nba.com/logos/nba/1610612763/primary/L/logo.svg
202685,Jonas Valančiūnas,jonas-valančiūnas,17,C,6-11,265,"MAY 06, 1992",29.0,8,Lietuvos rytas Vilnius,2020-21,1610612763,MEM,Memphis Grizzlies,83.0,https://cdn.nba.com/headshots/nba/latest/1040x760/202685.png,https://cdn.nba.com/logos/nba/1610612763/primary/L/logo.svg
1629007,Jontay Porter,jontay-porter,4,C-F,6-11,240,"NOV 15, 1999",21.0,R,Missouri,2020-21,1610612763,MEM,Memphis Grizzlies,83.0,https://cdn.nba.com/headshots/nba/latest/1040x760/1629007.png,https://cdn.nba.com/logos/nba/1610612763/primary/L/logo.svg
1626159,Justise Winslow,justise-winslow,7,F-G,6-6,222,"MAR 26, 1996",25.0,5,Duke,2020-21,1610612763,MEM,Memphis Grizzlies,78.0,https://cdn.nba.com/headshots/nba/latest/1040x760/1626159.png,https://cdn.nba.com/logos/nba/1610612763/primary/L/logo.svg
1629681,Killian Tillie,killian-tillie,35,F-C,6-9,220,"MAR 05, 1998",23.0,R,Gonzaga,2020-21,1610612763,MEM,Memphis Grizzlies,81.0,https://cdn.nba.com/headshots/nba/latest/1040x760/1629681.png,https://cdn.nba.com/logos/nba/1610612763/primary/L/logo.svg
203937,Kyle Anderson,kyle-anderson,1,F-G,6-9,230,"SEP 20, 1993",27.0,6,UCLA,2020-21,1610612763,MEM,Memphis Grizzlies,81.0,https://cdn.nba.com/headshots/nba/latest/1040x760/203937.png,https://cdn.nba.com/logos/nba/1610612763/primary/L/logo.svg
1630253,Sean McDermott,sean-mcdermott,30,F,6-6,195,"NOV 03, 1996",24.0,R,Butler,2020-21,1610612763,MEM,Memphis Grizzlies,78.0,https://cdn.nba.com/headshots/nba/latest/1040x760/1630253.png,https://cdn.nba.com/logos/nba/1610612763/primary/L/logo.svg
204025,Tim Frazier,tim-frazier,10,G,6-0,170,"NOV 01, 1990",30.0,6,Penn State,2020-21,1610612763,MEM,Memphis Grizzlies,72.0,https://cdn.nba.com/headshots/nba/latest/1040x760/204025.png,https://cdn.nba.com/logos/nba/1610612763/primary/L/logo.svg
1626145,Tyus Jones,tyus-jones,21,G,6-0,196,"MAY 10, 1996",25.0,5,Duke,2020-21,1610612763,MEM,Memphis Grizzlies,72.0,https://cdn.nba.com/headshots/nba/latest/1040x760/1626145.png,https://cdn.nba.com/logos/nba/1610612763/primary/L/logo.svg
1630214,Xavier Tillman,xavier-tillman,2,F,6-8,245,"JAN 12, 1999",22.0,R,Michigan State,2020-21,1610612763,MEM,Memphis Grizzlies,80.0,https://cdn.nba.com/headshots/nba/latest/1040x760/1630214.png,https://cdn.nba.com/logos/nba/1610612763/primary/L/logo.svg
2738,Andre Iguodala,andre-iguodala,28,G-F,6-6,215,"JAN 28, 1984",37.0,16,Arizona,2020-21,1610612748,MIA,Miami Heat,78.0,https://cdn.nba.com/headshots/nba/latest/1040x760/2738.png,https://cdn.nba.com/logos/nba/1610612748/primary/L/logo.svg
1628389,Bam Adebayo,bam-adebayo,13,C-F,6-9,255,"JUL 18, 1997",23.0,3,Kentucky,2020-21,1610612748,MIA,Miami Heat,81.0,https://cdn.nba.com/headshots/nba/latest/1040x760/1628389.png,https://cdn.nba.com/logos/nba/1610612748/primary/L/logo.svg
203473,Dewayne Dedmon,dewayne-dedmon,21,C,7-0,245,"AUG 12, 1989",31.0,7,USC,2020-21,1610612748,MIA,Miami Heat,84.0,https://cdn.nba.com/headshots/nba/latest/1040x760/203473.png,https://cdn.nba.com/logos/nba/1610612748/primary/L/logo.svg
1629130,Duncan Robinson,duncan-robinson,55,F,6-7,215,"APR 22, 1994",27.0,2,Michigan,2020-21,1610612748,MIA,Miami Heat,79.0,https://cdn.nba.com/headshots/nba/latest/1040x760/1629130.png,https://cdn.nba.com/logos/nba/1610612748/primary/L/logo.svg
1629216,Gabe Vincent,gabe-vincent,2,G,6-3,200,"JUN 14, 1996",25.0,1,California-Santa Barbara,2020-21,1610612748,MIA,Miami Heat,75.0,https://cdn.nba.com/headshots/nba/latest/1040x760/1629216.png,https://cdn.nba.com/logos/nba/1610612748/primary/L/logo.svg
201609,Goran Dragic,goran-dragic,7,G,6-3,190,"MAY 06, 1986",35.0,12,Union Olimpija,2020-21,1610612748,MIA,Miami Heat,75.0,https://cdn.nba.com/headshots/nba/latest/1040x760/201609.png,https://cdn.nba.com/logos/nba/1610612748/primary/L/logo.svg
202710,Jimmy Butler III,jimmy-butler-iii,22,F,6-7,230,"SEP 14, 1989",31.0,9,Marquette,2020-21,1610612748,MIA,Miami Heat,79.0,https://cdn.nba.com/headshots/nba/latest/1040x760/202710.png,https://cdn.nba.com/logos/nba/1610612748/primary/L/logo.svg
1629644,KZ Okpala,kz-okpala,11,F-G,6-8,215,"APR 28, 1999",22.0,1,Stanford,2020-21,1610612748,MIA,Miami Heat,80.0,https://cdn.nba.com/headshots/nba/latest/1040x760/1629644.png,https://cdn.nba.com/logos/nba/1610612748/primary/L/logo.svg
1629134,Kendrick Nunn,kendrick-nunn,25,G,6-2,190,"AUG 03, 1995",25.0,1,Oakland,2020-21,1610612748,MIA,Miami Heat,74.0,https://cdn.nba.com/headshots/nba/latest/1040x760/1629134.png,https://cdn.nba.com/logos/nba/1610612748/primary/L/logo.svg
1629622,Max Strus,max-strus,31,G-F,6-5,215,"MAR 28, 1996",25.0,1,DePaul,2020-21,1610612748,MIA,Miami Heat,77.0,https://cdn.nba.com/headshots/nba/latest/1040x760/1629622.png,https://cdn.nba.com/logos/nba/1610612748/primary/L/logo.svg
202357,Nemanja Bjelica,nemanja-bjelica,70,F,6-10,234,"MAY 09, 1988",33.0,5,Fenerbahce,2020-21,1610612748,MIA,Miami Heat,82.0,https://cdn.nba.com/headshots/nba/latest/1040x760/202357.png,https://cdn.nba.com/logos/nba/1610612748/primary/L/logo.svg
1630209,Omer Yurtseven,omer-yurtseven,77,C,7-0,275,"JUN 19, 1998",23.0,R,Georgetown,2020-21,1610612748,MIA,Miami Heat,84.0,https://cdn.nba.com/headshots/nba/latest/1040x760/1630209.png,https://cdn.nba.com/logos/nba/1610612748/primary/L/logo.svg
1630173,Precious Achiuwa,precious-achiuwa,5,F,6-8,225,"SEP 19, 1999",21.0,R,Memphis,2020-21,1610612748,MIA,Miami Heat,80.0,https://cdn.nba.com/headshots/nba/latest/1040x760/1630173.png,https://cdn.nba.com/logos/nba/1610612748/primary/L/logo.svg
2772,Trevor Ariza,trevor-ariza,8,F,6-8,215,"JUN 30, 1985",36.0,16,UCLA,2020-21,1610612748,MIA,Miami Heat,80.0,https://cdn.nba.com/headshots/nba/latest/1040x760/2772.png,https://cdn.nba.com/logos/nba/1610612748/primary/L/logo.svg
1629639,Tyler Herro,tyler-herro,14,G,6-5,195,"JAN 20, 2000",21.0,1,Kentucky,2020-21,1610612748,MIA,Miami Heat,77.0,https://cdn.nba.com/headshots/nba/latest/1040x760/1629639.png,https://cdn.nba.com/logos/nba/1610612748/primary/L/logo.svg
2617,Udonis Haslem,udonis-haslem,40,F,6-8,235,"JUN 09, 1980",41.0,17,Florida,2020-21,1610612748,MIA,Miami Heat,80.0,https://cdn.nba.com/headshots/nba/latest/1040x760/2617.png,https://cdn.nba.com/logos/nba/1610612748/primary/L/logo.svg
203506,Victor Oladipo,victor-oladipo,4,G,6-4,213,"MAY 04, 1992",29.0,7,Indiana,2020-21,1610612748,MIA,Miami Heat,76.0,https://cdn.nba.com/headshots/nba/latest/1040x760/203506.png,https://cdn.nba.com/logos/nba/1610612748/primary/L/logo.svg
1626253,Axel Toupane,axel-toupane,66,G-F,6-7,210,"JUL 23, 1992",28.0,2,Strasbourg IG,2020-21,1610612749,MIL,Milwaukee Bucks,79.0,https://cdn.nba.com/headshots/nba/latest/1040x760/1626253.png,https://cdn.nba.com/logos/nba/1610612749/primary/L/logo.svg
1626171,Bobby Portis,bobby-portis,9,F,6-10,250,"FEB 10, 1995",26.0,5,Arkansas,2020-21,1610612749,MIL,Milwaukee Bucks,82.0,https://cdn.nba.com/headshots/nba/latest/1040x760/1626171.png,https://cdn.nba.com/logos/nba/1610612749/primary/L/logo.svg
201572,Brook Lopez,brook-lopez,11,C,7-0,282,"APR 01, 1988",33.0,12,Stanford,2020-21,1610612749,MIL,Milwaukee Bucks,84.0,https://cdn.nba.com/headshots/nba/latest/1040x760/201572.png,https://cdn.nba.com/logos/nba/1610612749/primary/L/logo.svg
1627854,Bryn Forbes,bryn-forbes,7,G,6-2,205,"JUL 23, 1993",27.0,4,Michigan State,2020-21,1610612749,MIL,Milwaukee Bucks,74.0,https://cdn.nba.com/headshots/nba/latest/1040x760/1627854.png,https://cdn.nba.com/logos/nba/1610612749/primary/L/logo.svg
1628978,Donte DiVincenzo,donte-divincenzo,0,G,6-4,203,"JAN 31, 1997",24.0,2,Villanova,2020-21,1610612749,MIL,Milwaukee Bucks,76.0,https://cdn.nba.com/headshots/nba/latest/1040x760/1628978.png,https://cdn.nba.com/logos/nba/1610612749/primary/L/logo.svg
1629091,Elijah Bryant,elijah-bryant,3,G,6-5,210,"APR 19, 1995",26.0,R,Brigham Young,2020-21,1610612749,MIL,Milwaukee Bucks,77.0,https://cdn.nba.com/headshots/nba/latest/1040x760/1629091.png,https://cdn.nba.com/logos/nba/1610612749/primary/L/logo.svg
203507,Giannis Antetokounmpo,giannis-antetokounmpo,34,F,6-11,242,"DEC 06, 1994",26.0,7,Filathlitikos,2020-21,1610612749,MIL,Milwaukee Bucks,83.0,https://cdn.nba.com/headshots/nba/latest/1040x760/203507.png,https://cdn.nba.com/logos/nba/1610612749/primary/L/logo.svg
201952,Jeff Teague,jeff-teague,5,G,6-3,195,"JUN 10, 1988",33.0,11,Wake Forest,2020-21,1610612749,MIL,Milwaukee Bucks,75.0,https://cdn.nba.com/headshots/nba/latest/1040x760/201952.png,https://cdn.nba.com/logos/nba/1610612749/primary/L/logo.svg
1629670,Jordan Nwora,jordan-nwora,13,F,6-8,225,"SEP 09, 1998",22.0,R,Louisville,2020-21,1610612749,MIL,Milwaukee Bucks,80.0,https://cdn.nba.com/headshots/nba/latest/1040x760/1629670.png,https://cdn.nba.com/logos/nba/1610612749/primary/L/logo.svg
201950,Jrue Holiday,jrue-holiday,21,G,6-3,205,"JUN 12, 1990",31.0,11,UCLA,2020-21,1610612749,MIL,Milwaukee Bucks,75.0,https://cdn.nba.com/headshots/nba/latest/1040x760/201950.png,https://cdn.nba.com/logos/nba/1610612749/primary/L/logo.svg
1628382,Justin Jackson,justin-jackson,44,F,6-8,220,"MAR 28, 1995",26.0,3,North Carolina,2020-21,1610612749,MIL,Milwaukee Bucks,80.0,https://cdn.nba.com/headshots/nba/latest/1040x760/1628382.png,https://cdn.nba.com/logos/nba/1610612749/primary/L/logo.svg
203114,Khris Middleton,khris-middleton,22,F,6-7,222,"AUG 12, 1991",29.0,8,Texas A&M,2020-21,1610612749,MIL,Milwaukee Bucks,79.0,https://cdn.nba.com/headshots/nba/latest/1040x760/203114.png,https://cdn.nba.com/logos/nba/1610612749/primary/L/logo.svg
1629603,Mamadi Diakite,mamadi-diakite,25,F,6-9,228,"JAN 21, 1997",24.0,R,Virginia,2020-21,1610612749,MIL,Milwaukee Bucks,81.0,https://cdn.nba.com/headshots/nba/latest/1040x760/1629603.png,https://cdn.nba.com/logos/nba/1610612749/primary/L/logo.svg
200782,P.J. Tucker,pj-tucker,17,F,6-5,245,"MAY 05, 1985",36.0,9,Texas,2020-21,1610612749,MIL,Milwaukee Bucks,77.0,https://cdn.nba.com/headshots/nba/latest/1040x760/200782.png,https://cdn.nba.com/logos/nba/1610612749/primary/L/logo.svg
1626192,Pat Connaughton,pat-connaughton,24,G,6-5,209,"JAN 06, 1993",28.0,5,Notre Dame,2020-21,1610612749,MIL,Milwaukee Bucks,77.0,https://cdn.nba.com/headshots/nba/latest/1040x760/1626192.png,https://cdn.nba.com/logos/nba/1610612749/primary/L/logo.svg
1630241,Sam Merrill,sam-merrill,15,G,6-4,205,"MAY 15, 1996",25.0,R,Utah State,2020-21,1610612749,MIL,Milwaukee Bucks,76.0,https://cdn.nba.com/headshots/nba/latest/1040x760/1630241.png,https://cdn.nba.com/logos/nba/1610612749/primary/L/logo.svg
203648,Thanasis Antetokounmpo,thanasis-antetokounmpo,43,F,6-6,219,"JUL 18, 1992",28.0,2,Panathinaikos,2020-21,1610612749,MIL,Milwaukee Bucks,78.0,https://cdn.nba.com/headshots/nba/latest/1040x760/203648.png,https://cdn.nba.com/logos/nba/1610612749/primary/L/logo.svg
1630162,Anthony Edwards,anthony-edwards,1,G,6-4,225,"AUG 05, 2001",19.0,R,Georgia,2020-21,1610612750,MIN,Minnesota Timberwolves,76.0,https://cdn.nba.com/headshots/nba/latest/1040x760/1630162.png,https://cdn.nba.com/logos/nba/1610612750/primary/L/logo.svg
1626156,D'Angelo Russell,dangelo-russell,0,G,6-4,193,"FEB 23, 1996",25.0,5,Ohio State,2020-21,1610612750,MIN,Minnesota Timberwolves,76.0,https://cdn.nba.com/headshots/nba/latest/1040x760/1626156.png,https://cdn.nba.com/logos/nba/1610612750/primary/L/logo.svg
202334,Ed Davis,ed-davis,17,C-F,6-9,218,"JUN 05, 1989",32.0,10,North Carolina,2020-21,1610612750,MIN,Minnesota Timberwolves,81.0,https://cdn.nba.com/headshots/nba/latest/1040x760/202334.png,https://cdn.nba.com/logos/nba/1610612750/primary/L/logo.svg
1630183,Jaden McDaniels,jaden-mcdaniels,3,F,6-9,185,"SEP 29, 2000",20.0,R,Washington,2020-21,1610612750,MIN,Minnesota Timberwolves,81.0,https://cdn.nba.com/headshots/nba/latest/1040x760/1630183.png,https://cdn.nba.com/logos/nba/1610612750/primary/L/logo.svg
1627774,Jake Layman,jake-layman,10,F,6-8,209,"MAR 07, 1994",27.0,4,Maryland,2020-21,1610612750,MIN,Minnesota Timberwolves,80.0,https://cdn.nba.com/headshots/nba/latest/1040x760/1627774.png,https://cdn.nba.com/logos/nba/1610612750/primary/L/logo.svg
1629020,Jarred Vanderbilt,jarred-vanderbilt,8,F,6-9,214,"APR 03, 1999",22.0,2,Kentucky,2020-21,1610612750,MIN,Minnesota Timberwolves,81.0,https://cdn.nba.com/headshots/nba/latest/1040x760/1629020.png,https://cdn.nba.com/logos/nba/1610612750/primary/L/logo.svg
1629633,Jarrett Culver,jarrett-culver,23,G-F,6-6,195,"FEB 20, 1999",22.0,1,Texas Tech,2020-21,1610612750,MIN,Minnesota Timberwolves,78.0,https://cdn.nba.com/headshots/nba/latest/1040x760/1629633.png,https://cdn.nba.com/logos/nba/1610612750/primary/L/logo.svg
1629669,Jaylen Nowell,jaylen-nowell,4,G,6-4,201,"JUL 09, 1999",21.0,1,Washington,2020-21,1610612750,MIN,Minnesota Timberwolves,76.0,https://cdn.nba.com/headshots/nba/latest/1040x760/1629669.png,https://cdn.nba.com/logos/nba/1610612750/primary/L/logo.svg
1629162,Jordan McLaughlin,jordan-mclaughlin,6,G,5-11,185,"APR 09, 1996",25.0,1,Southern California,2020-21,1610612750,MIN,Minnesota Timberwolves,71.0,https://cdn.nba.com/headshots/nba/latest/1040x760/1629162.png,https://cdn.nba.com/logos/nba/1610612750/primary/L/logo.svg
1629006,Josh Okogie,josh-okogie,20,G,6-4,213,"SEP 01, 1998",22.0,2,Georgia Tech,2020-21,1610612750,MIN,Minnesota Timberwolves,76.0,https://cdn.nba.com/headshots/nba/latest/1040x760/1629006.png,https://cdn.nba.com/logos/nba/1610612750/primary/L/logo.svg
1627823,Juancho Hernangomez,juancho-hernangomez,41,F,6-9,214,"SEP 28, 1995",25.0,4,Estudiantes,2020-21,1610612750,MIN,Minnesota Timberwolves,81.0,https://cdn.nba.com/headshots/nba/latest/1040x760/1627823.png,https://cdn.nba.com/logos/nba/1610612750/primary/L/logo.svg
1626157,Karl-Anthony Towns,karl-anthony-towns,32,C-F,6-11,248,"NOV 15, 1995",25.0,5,Kentucky,2020-21,1610612750,MIN,Minnesota Timberwolves,83.0,https://cdn.nba.com/headshots/nba/latest/1040x760/1626157.png,https://cdn.nba.com/logos/nba/1610612750/primary/L/logo.svg
1627736,Malik Beasley,malik-beasley,5,G,6-4,187,"NOV 26, 1996",24.0,4,Florida State,2020-21,1610612750,MIN,Minnesota Timberwolves,76.0,https://cdn.nba.com/headshots/nba/latest/1040x760/1627736.png,https://cdn.nba.com/logos/nba/1610612750/primary/L/logo.svg
1629675,Naz Reid,naz-reid,11,C-F,6-9,264,"AUG 26, 1999",21.0,1,Louisiana State,2020-21,1610612750,MIN,Minnesota Timberwolves,81.0,https://cdn.nba.com/headshots/nba/latest/1040x760/1629675.png,https://cdn.nba.com/logos/nba/1610612750/primary/L/logo.svg
201937,Ricky Rubio,ricky-rubio,9,G,6-3,190,"OCT 21, 1990",30.0,9,FC Barcelona,2020-21,1610612750,MIN,Minnesota Timberwolves,75.0,https://cdn.nba.com/headshots/nba/latest/1040x760/201937.png,https://cdn.nba.com/logos/nba/1610612750/primary/L/logo.svg
1627742,Brandon Ingram,brandon-ingram,14,F,6-8,190,"SEP 02, 1997",23.0,4,Duke,2020-21,1610612740,NOP,New Orleans Pelicans,80.0,https://cdn.nba.com/headshots/nba/latest/1040x760/1627742.png,https://cdn.nba.com/logos/nba/1610612740/primary/L/logo.svg
1629712,Didi Louzada,didi-louzada,,G,6-5,188,"JUL 02, 1999",21.0,R,Sydney,2020-21,1610612740,NOP,New Orleans Pelicans,77.0,https://cdn.nba.com/headshots/nba/latest/1040x760/1629712.png,https://cdn.nba.com/logos/nba/1610612740/primary/L/logo.svg
202339,Eric Bledsoe,eric-bledsoe,5,G,6-1,214,"DEC 09, 1989",31.0,10,Kentucky,2020-21,1610612740,NOP,New Orleans Pelicans,73.0,https://cdn.nba.com/headshots/nba/latest/1040x760/202339.png,https://cdn.nba.com/logos/nba/1610612740/primary/L/logo.svg
201949,James Johnson,james-johnson,16,F,6-7,240,"FEB 20, 1987",34.0,11,Wake Forest,2020-21,1610612740,NOP,New Orleans Pelicans,79.0,https://cdn.nba.com/headshots/nba/latest/1040x760/201949.png,https://cdn.nba.com/logos/nba/1610612740/primary/L/logo.svg
203263,James Nunnally,james-nunnally,21,F,6-7,205,"JUL 14, 1990",30.0,2,Cal-Santa Barbara,2020-21,1610612740,NOP,New Orleans Pelicans,79.0,https://cdn.nba.com/headshots/nba/latest/1040x760/203263.png,https://cdn.nba.com/logos/nba/1610612740/primary/L/logo.svg
1629637,Jaxson Hayes,jaxson-hayes,10,C-F,6-11,220,"MAY 23, 2000",21.0,1,Texas,2020-21,1610612740,NOP,New Orleans Pelicans,83.0,https://cdn.nba.com/headshots/nba/latest/1040x760/1629637.png,https://cdn.nba.com/logos/nba/1610612740/primary/L/logo.svg
1628404,Josh Hart,josh-hart,3,G,6-5,215,"MAR 06, 1995",26.0,3,Villanova,2020-21,1610612740,NOP,New Orleans Pelicans,77.0,https://cdn.nba.com/headshots/nba/latest/1040x760/1628404.png,https://cdn.nba.com/logos/nba/1610612740/primary/L/logo.svg
1630184,Kira Lewis Jr.,kira-lewis-jr,13,G,6-1,170,"APR 06, 2001",20.0,R,Alabama,2020-21,1610612740,NOP,New Orleans Pelicans,73.0,https://cdn.nba.com/headshots/nba/latest/1040x760/1630184.png,https://cdn.nba.com/logos/nba/1610612740/primary/L/logo.svg
1628366,Lonzo Ball,lonzo-ball,2,G,6-6,190,"OCT 27, 1997",23.0,3,UCLA,2020-21,1610612740,NOP,New Orleans Pelicans,78.0,https://cdn.nba.com/headshots/nba/latest/1040x760/1628366.png,https://cdn.nba.com/logos/nba/1610612740/primary/L/logo.svg
1630230,Naji Marshall,naji-marshall,8,F,6-7,220,"JAN 24, 1998",23.0,R,Xavier,2020-21,1610612740,NOP,New Orleans Pelicans,79.0,https://cdn.nba.com/headshots/nba/latest/1040x760/1630230.png,https://cdn.nba.com/logos/nba/1610612740/primary/L/logo.svg
1629638,Nickeil Alexander-Walker,nickeil-alexander-walker,6,G,6-6,205,"SEP 02, 1998",22.0,1,Virginia Tech,2020-21,1610612740,NOP,New Orleans Pelicans,78.0,https://cdn.nba.com/headshots/nba/latest/1040x760/1629638.png,https://cdn.nba.com/logos/nba/1610612740/primary/L/logo.svg
203500,Steven Adams,steven-adams,12,C,6-11,265,"JUL 20, 1993",27.0,7,Pittsburgh,2020-21,1610612740,NOP,New Orleans Pelicans,83.0,https://cdn.nba.com/headshots/nba/latest/1040x760/203500.png,https://cdn.nba.com/logos/nba/1610612740/primary/L/logo.svg
1629117,Wenyen Gabriel,wenyen-gabriel,32,F,6-9,205,"MAR 26, 1997",24.0,1,Kentucky,2020-21,1610612740,NOP,New Orleans Pelicans,81.0,https://cdn.nba.com/headshots/nba/latest/1040x760/1629117.png,https://cdn.nba.com/logos/nba/1610612740/primary/L/logo.svg
1628411,Wes Iwundu,wes-iwundu,4,F,6-6,195,"DEC 20, 1994",26.0,3,Kansas State,2020-21,1610612740,NOP,New Orleans Pelicans,78.0,https://cdn.nba.com/headshots/nba/latest/1040x760/1628411.png,https://cdn.nba.com/logos/nba/1610612740/primary/L/logo.svg
1626195,Willy Hernangomez,willy-hernangomez,9,C-F,6-11,250,"MAY 27, 1994",27.0,4,Cajasol Sevilla,2020-21,1610612740,NOP,New Orleans Pelicans,83.0,https://cdn.nba.com/headshots/nba/latest/1040x760/1626195.png,https://cdn.nba.com/logos/nba/1610612740/primary/L/logo.svg
1629627,Zion Williamson,zion-williamson,1,F,6-7,284,"JUL 06, 2000",20.0,1,Duke,2020-21,1610612740,NOP,New Orleans Pelicans,79.0,https://cdn.nba.com/headshots/nba/latest/1040x760/1629627.png,https://cdn.nba.com/logos/nba/1610612740/primary/L/logo.svg
202692,Alec Burks,alec-burks,18,G,6-6,214,"JUL 20, 1991",29.0,9,Colorado,2020-21,1610612752,NYK,New York Knicks,78.0,https://cdn.nba.com/headshots/nba/latest/1040x760/202692.png,https://cdn.nba.com/logos/nba/1610612752/primary/L/logo.svg
201565,Derrick Rose,derrick-rose,4,G,6-2,200,"OCT 04, 1988",32.0,11,Memphis,2020-21,1610612752,NYK,New York Knicks,74.0,https://cdn.nba.com/headshots/nba/latest/1040x760/201565.png,https://cdn.nba.com/logos/nba/1610612752/primary/L/logo.svg
203901,Elfrid Payton,elfrid-payton,6,G,6-3,195,"FEB 22, 1994",27.0,6,Louisana-Lafayette,2020-21,1610612752,NYK,New York Knicks,75.0,https://cdn.nba.com/headshots/nba/latest/1040x760/203901.png,https://cdn.nba.com/logos/nba/1610612752/primary/L/logo.svg
1628373,Frank Ntilikina,frank-ntilikina,11,G,6-4,200,"JUL 28, 1998",22.0,3,Strasbourg IG,2020-21,1610612752,NYK,New York Knicks,76.0,https://cdn.nba.com/headshots/nba/latest/1040x760/1628373.png,https://cdn.nba.com/logos/nba/1610612752/primary/L/logo.svg
1630193,Immanuel Quickley,immanuel-quickley,5,G,6-3,190,"JUN 17, 1999",22.0,R,Kentucky,2020-21,1610612752,NYK,New York Knicks,75.0,https://cdn.nba.com/headshots/nba/latest/1040x760/1630193.png,https://cdn.nba.com/logos/nba/1610612752/primary/L/logo.svg
1629607,Jared Harper,jared-harper,0,G,5-10,175,"SEP 14, 1997",23.0,1,Auburn,2020-21,1610612752,NYK,New York Knicks,70.0,https://cdn.nba.com/headshots/nba/latest/1040x760/1629607.png,https://cdn.nba.com/logos/nba/1610612752/primary/L/logo.svg
203944,Julius Randle,julius-randle,30,F-C,6-8,250,"NOV 29, 1994",26.0,6,Kentucky,2020-21,1610612752,NYK,New York Knicks,80.0,https://cdn.nba.com/headshots/nba/latest/1040x760/203944.png,https://cdn.nba.com/logos/nba/1610612752/primary/L/logo.svg
1628995,Kevin Knox II,kevin-knox-ii,20,F,6-7,215,"AUG 11, 1999",21.0,2,Kentucky,2020-21,1610612752,NYK,New York Knicks,79.0,https://cdn.nba.com/headshots/nba/latest/1040x760/1628995.png,https://cdn.nba.com/logos/nba/1610612752/primary/L/logo.svg
1630492,Luca Vildoza,luca-vildoza,,G,6-3,190,"AUG 11, 1995",25.0,R,Baskonia,2020-21,1610612752,NYK,New York Knicks,75.0,https://cdn.nba.com/headshots/nba/latest/1040x760/1630492.png,https://cdn.nba.com/logos/nba/1610612752/primary/L/logo.svg
1629011,Mitchell Robinson,mitchell-robinson,23,C-F,7-0,240,"APR 01, 1998",23.0,2,Western Kentucky,2020-21,1610612752,NYK,New York Knicks,84.0,https://cdn.nba.com/headshots/nba/latest/1040x760/1629011.png,https://cdn.nba.com/logos/nba/1610612752/primary/L/logo.svg
203457,Nerlens Noel,nerlens-noel,3,C-F,6-11,220,"APR 10, 1994",27.0,6,Kentucky,2020-21,1610612752,NYK,New York Knicks,83.0,https://cdn.nba.com/headshots/nba/latest/1040x760/203457.png,https://cdn.nba.com/logos/nba/1610612752/primary/L/logo.svg
203658,Norvel Pelle,norvel-pelle,14,C,6-10,231,"FEB 03, 1993",28.0,1,Iona,2020-21,1610612752,NYK,New York Knicks,82.0,https://cdn.nba.com/headshots/nba/latest/1040x760/203658.png,https://cdn.nba.com/logos/nba/1610612752/primary/L/logo.svg
1630167,Obi Toppin,obi-toppin,1,F,6-9,220,"MAR 04, 1998",23.0,R,Dayton,2020-21,1610612752,NYK,New York Knicks,81.0,https://cdn.nba.com/headshots/nba/latest/1040x760/1630167.png,https://cdn.nba.com/logos/nba/1610612752/primary/L/logo.svg
1629628,RJ Barrett,rj-barrett,9,F-G,6-6,214,"JUN 14, 2000",21.0,1,Duke,2020-21,1610612752,NYK,New York Knicks,78.0,https://cdn.nba.com/headshots/nba/latest/1040x760/1629628.png,https://cdn.nba.com/logos/nba/1610612752/primary/L/logo.svg
203493,Reggie Bullock Jr.,reggie-bullock-jr,25,G-F,6-6,205,"MAR 16, 1991",30.0,7,North Carolina,2020-21,1610612752,NYK,New York Knicks,78.0,https://cdn.nba.com/headshots/nba/latest/1040x760/203493.png,https://cdn.nba.com/logos/nba/1610612752/primary/L/logo.svg
201959,Taj Gibson,taj-gibson,67,F,6-9,232,"JUN 24, 1985",36.0,11,Southern California,2020-21,1610612752,NYK,New York Knicks,81.0,https://cdn.nba.com/headshots/nba/latest/1040x760/201959.png,https://cdn.nba.com/logos/nba/1610612752/primary/L/logo.svg
1629033,Theo Pinson,theo-pinson,21,G-F,6-5,212,"NOV 05, 1995",25.0,2,North Carolina,2020-21,1610612752,NYK,New York Knicks,77.0,https://cdn.nba.com/headshots/nba/latest/1040x760/1629033.png,https://cdn.nba.com/logos/nba/1610612752/primary/L/logo.svg
1630197,Aleksej Pokusevski,aleksej-pokusevski,17,C,7-0,190,"DEC 26, 2001",19.0,R,Olympiacos,2020-21,1610612760,OKC,Oklahoma City Thunder,84.0,https://cdn.nba.com/headshots/nba/latest/1040x760/1630197.png,https://cdn.nba.com/logos/nba/1610612760/primary/L/logo.svg
1629718,Charlie Brown Jr.,charlie-brown-jr,44,G,6-6,199,"FEB 02, 1997",24.0,1,St. Joseph's (PA),2020-21,1610612760,OKC,Oklahoma City Thunder,78.0,https://cdn.nba.com/headshots/nba/latest/1040x760/1629718.png,https://cdn.nba.com/logos/nba/1610612760/primary/L/logo.svg
1629647,Darius Bazley,darius-bazley,7,F-G,6-8,208,"JUN 12, 2000",21.0,1,Princeton HS (OH),2020-21,1610612760,OKC,Oklahoma City Thunder,80.0,https://cdn.nba.com/headshots/nba/latest/1040x760/1629647.png,https://cdn.nba.com/logos/nba/1610612760/primary/L/logo.svg
1630466,Gabriel Deck,gabriel-deck,6,F,6-6,231,"FEB 08, 1995",26.0,R,Real Madrid,2020-21,1610612760,OKC,Oklahoma City Thunder,78.0,https://cdn.nba.com/headshots/nba/latest/1040x760/1630466.png,https://cdn.nba.com/logos/nba/1610612760/primary/L/logo.svg
1629676,Isaiah Roby,isaiah-roby,22,F,6-8,230,"FEB 03, 1998",23.0,1,Nebraska,2020-21,1610612760,OKC,Oklahoma City Thunder,80.0,https://cdn.nba.com/headshots/nba/latest/1040x760/1629676.png,https://cdn.nba.com/logos/nba/1610612760/primary/L/logo.svg
1629658,Jaylen Hoard,jaylen-hoard,8,F,6-8,216,"MAR 30, 1999",22.0,1,Wake Forest,2020-21,1610612760,OKC,Oklahoma City Thunder,80.0,https://cdn.nba.com/headshots/nba/latest/1040x760/1629658.png,https://cdn.nba.com/logos/nba/1610612760/primary/L/logo.svg
1630221,Josh Hall,josh-hall,15,F,6-9,190,"OCT 08, 2000",20.0,R,Moravian Prep (NC),2020-21,1610612760,OKC,Oklahoma City Thunder,81.0,https://cdn.nba.com/headshots/nba/latest/1040x760/1630221.png,https://cdn.nba.com/logos/nba/1610612760/primary/L/logo.svg
202689,Kemba Walker,kemba-walker,8,G,6-0,184,"MAY 08, 1990",31.0,9,Connecticut,2020-21,1610612760,OKC,Oklahoma City Thunder,72.0,https://cdn.nba.com/headshots/nba/latest/1040x760/202689.png,https://cdn.nba.com/logos/nba/1610612760/primary/L/logo.svg
1629026,Kenrich Williams,kenrich-williams,34,G-F,6-6,210,"DEC 02, 1994",26.0,2,TCU,2020-21,1610612760,OKC,Oklahoma City Thunder,78.0,https://cdn.nba.com/headshots/nba/latest/1040x760/1629026.png,https://cdn.nba.com/logos/nba/1610612760/primary/L/logo.svg
1629652,Luguentz Dort,luguentz-dort,5,G,6-3,215,"APR 19, 1999",22.0,1,Arizona State,2020-21,1610612760,OKC,Oklahoma City Thunder,75.0,https://cdn.nba.com/headshots/nba/latest/1040x760/1629652.png,https://cdn.nba.com/logos/nba/1610612760/primary/L/logo.svg
203488,Mike Muscala,mike-muscala,33,F-C,6-10,240,"JUL 01, 1991",29.0,7,Bucknell,2020-21,1610612760,OKC,Oklahoma City Thunder,82.0,https://cdn.nba.com/headshots/nba/latest/1040x760/203488.png,https://cdn.nba.com/logos/nba/1610612760/primary/L/logo.svg
1628983,Shai Gilgeous-Alexander,shai-gilgeous-alexander,2,G-F,6-6,180,"JUL 12, 1998",22.0,2,Kentucky,2020-21,1610612760,OKC,Oklahoma City Thunder,78.0,https://cdn.nba.com/headshots/nba/latest/1040x760/1628983.png,https://cdn.nba.com/logos/nba/1610612760/primary/L/logo.svg
1629004,Svi Mykhailiuk,svi-mykhailiuk,14,G-F,6-7,205,"JUN 10, 1997",24.0,2,Kansas,2020-21,1610612760,OKC,Oklahoma City Thunder,79.0,https://cdn.nba.com/headshots/nba/latest/1040x760/1629004.png,https://cdn.nba.com/logos/nba/1610612760/primary/L/logo.svg
1630177,Theo Maledon,theo-maledon,11,G,6-4,175,"JUN 12, 2001",20.0,R,ASVEL,2020-21,1610612760,OKC,Oklahoma City Thunder,76.0,https://cdn.nba.com/headshots/nba/latest/1040x760/1630177.png,https://cdn.nba.com/logos/nba/1610612760/primary/L/logo.svg
1628396,Tony Bradley,tony-bradley,13,C-F,6-10,248,"JAN 08, 1998",23.0,3,North Carolina,2020-21,1610612760,OKC,Oklahoma City Thunder,82.0,https://cdn.nba.com/headshots/nba/latest/1040x760/1628396.png,https://cdn.nba.com/logos/nba/1610612760/primary/L/logo.svg
1629660,Ty Jerome,ty-jerome,16,G-F,6-5,195,"JUL 08, 1997",23.0,1,Virginia,2020-21,1610612760,OKC,Oklahoma City Thunder,77.0,https://cdn.nba.com/headshots/nba/latest/1040x760/1629660.png,https://cdn.nba.com/logos/nba/1610612760/primary/L/logo.svg
1626184,Chasson Randle,chasson-randle,25,G,6-2,185,"FEB 05, 1993",28.0,3,Stanford,2020-21,1610612753,ORL,Orlando Magic,74.0,https://cdn.nba.com/headshots/nba/latest/1040x760/1626184.png,https://cdn.nba.com/logos/nba/1610612753/primary/L/logo.svg
1629643,Chuma Okeke,chuma-okeke,3,F,6-6,229,"AUG 18, 1998",22.0,R,Auburn,2020-21,1610612753,ORL,Orlando Magic,78.0,https://cdn.nba.com/headshots/nba/latest/1040x760/1629643.png,https://cdn.nba.com/logos/nba/1610612753/primary/L/logo.svg
1630175,Cole Anthony,cole-anthony,50,G,6-2,185,"MAY 15, 2000",21.0,R,North Carolina,2020-21,1610612753,ORL,Orlando Magic,74.0,https://cdn.nba.com/headshots/nba/latest/1040x760/1630175.png,https://cdn.nba.com/logos/nba/1610612753/primary/L/logo.svg
1628407,Dwayne Bacon,dwayne-bacon,8,G-F,6-6,221,"AUG 30, 1995",25.0,3,Florida State,2020-21,1610612753,ORL,Orlando Magic,78.0,https://cdn.nba.com/headshots/nba/latest/1040x760/1628407.png,https://cdn.nba.com/logos/nba/1610612753/primary/L/logo.svg
203914,Gary Harris,gary-harris,14,G,6-4,210,"SEP 14, 1994",26.0,6,Michigan State,2020-21,1610612753,ORL,Orlando Magic,76.0,https://cdn.nba.com/headshots/nba/latest/1040x760/203914.png,https://cdn.nba.com/logos/nba/1610612753/primary/L/logo.svg
1629649,Ignas Brazdeikis,ignas-brazdeikis,17,F,6-6,221,"JAN 08, 1999",22.0,1,Michigan,2020-21,1610612753,ORL,Orlando Magic,78.0,https://cdn.nba.com/headshots/nba/latest/1040x760/1629649.png,https://cdn.nba.com/logos/nba/1610612753/primary/L/logo.svg
203516,James Ennis III,james-ennis-iii,11,F,6-6,215,"JUL 01, 1990",30.0,6,Cal State-Long Beach,2020-21,1610612753,ORL,Orlando Magic,78.0,https://cdn.nba.com/headshots/nba/latest/1040x760/203516.png,https://cdn.nba.com/logos/nba/1610612753/primary/L/logo.svg
1628371,Jonathan Isaac,jonathan-isaac,1,F,6-11,230,"OCT 03, 1997",23.0,3,Florida State,2020-21,1610612753,ORL,Orlando Magic,83.0,https://cdn.nba.com/headshots/nba/latest/1040x760/1628371.png,https://cdn.nba.com/logos/nba/1610612753/primary/L/logo.svg
1628365,Markelle Fultz,markelle-fultz,20,G,6-3,209,"MAY 29, 1998",23.0,3,Washington,2020-21,1610612753,ORL,Orlando Magic,75.0,https://cdn.nba.com/headshots/nba/latest/1040x760/1628365.png,https://cdn.nba.com/logos/nba/1610612753/primary/L/logo.svg
203487,Michael Carter-Williams,michael-carter-williams,7,G,6-5,190,"OCT 10, 1991",29.0,7,Syracuse,2020-21,1610612753,ORL,Orlando Magic,77.0,https://cdn.nba.com/headshots/nba/latest/1040x760/203487.png,https://cdn.nba.com/logos/nba/1610612753/primary/L/logo.svg
1628964,Mo Bamba,mo-bamba,5,C,7-0,231,"MAY 12, 1998",23.0,2,Texas,2020-21,1610612753,ORL,Orlando Magic,84.0,https://cdn.nba.com/headshots/nba/latest/1040x760/1628964.png,https://cdn.nba.com/logos/nba/1610612753/primary/L/logo.svg
1629021,Moritz Wagner,moritz-wagner,21,F-C,6-11,245,"APR 26, 1997",24.0,2,Michigan,2020-21,1610612753,ORL,Orlando Magic,83.0,https://cdn.nba.com/headshots/nba/latest/1040x760/1629021.png,https://cdn.nba.com/logos/nba/1610612753/primary/L/logo.svg
203490,Otto Porter Jr.,otto-porter-jr,22,F,6-8,198,"JUN 03, 1993",28.0,7,Georgetown,2020-21,1610612753,ORL,Orlando Magic,80.0,https://cdn.nba.com/headshots/nba/latest/1040x760/203490.png,https://cdn.nba.com/logos/nba/1610612753/primary/L/logo.svg
1630181,R.J. Hampton,rj-hampton,13,G,6-4,175,"FEB 07, 2001",20.0,R,Capital City Go-Go,2020-21,1610612753,ORL,Orlando Magic,76.0,https://cdn.nba.com/headshots/nba/latest/1040x760/1630181.png,https://cdn.nba.com/logos/nba/1610612753/primary/L/logo.svg
1628414,Sindarius Thornwell,sindarius-thornwell,15,G,6-4,215,"NOV 15, 1994",26.0,3,South Carolina,2020-21,1610612753,ORL,Orlando Magic,76.0,https://cdn.nba.com/headshots/nba/latest/1040x760/1628414.png,https://cdn.nba.com/logos/nba/1610612753/primary/L/logo.svg
203082,Terrence Ross,terrence-ross,31,G-F,6-6,206,"FEB 05, 1991",30.0,8,Washington,2020-21,1610612753,ORL,Orlando Magic,78.0,https://cdn.nba.com/headshots/nba/latest/1040x760/203082.png,https://cdn.nba.com/logos/nba/1610612753/primary/L/logo.svg
1628976,Wendell Carter Jr.,wendell-carter-jr,34,C-F,6-10,270,"APR 16, 1999",22.0,2,Duke,2020-21,1610612753,ORL,Orlando Magic,82.0,https://cdn.nba.com/headshots/nba/latest/1040x760/1628976.png,https://cdn.nba.com/logos/nba/1610612753/primary/L/logo.svg
201229,Anthony Tolliver,anthony-tolliver,43,F,6-8,240,"JUN 01, 1985",36.0,12,Creighton,2020-21,1610612755,PHI,Philadelphia 76ers,80.0,https://cdn.nba.com/headshots/nba/latest/1040x760/201229.png,https://cdn.nba.com/logos/nba/1610612755/primary/L/logo.svg
1627732,Ben Simmons,ben-simmons,25,G-F,6-11,240,"JUL 20, 1996",24.0,3,Louisiana State,2020-21,1610612755,PHI,Philadelphia 76ers,83.0,https://cdn.nba.com/headshots/nba/latest/1040x760/1627732.png,https://cdn.nba.com/logos/nba/1610612755/primary/L/logo.svg
201980,Danny Green,danny-green,14,G,6-6,215,"JUN 22, 1987",34.0,11,North Carolina,2020-21,1610612755,PHI,Philadelphia 76ers,78.0,https://cdn.nba.com/headshots/nba/latest/1040x760/201980.png,https://cdn.nba.com/logos/nba/1610612755/primary/L/logo.svg
2730,Dwight Howard,dwight-howard,39,C-F,6-10,265,"DEC 08, 1985",35.0,16,SW Atlanta Christian Academy (GA),2020-21,1610612755,PHI,Philadelphia 76ers,82.0,https://cdn.nba.com/headshots/nba/latest/1040x760/2730.png,https://cdn.nba.com/logos/nba/1610612755/primary/L/logo.svg
1627788,Furkan Korkmaz,furkan-korkmaz,30,G-F,6-7,202,"JUL 24, 1997",23.0,3,Anadolu Efes,2020-21,1610612755,PHI,Philadelphia 76ers,79.0,https://cdn.nba.com/headshots/nba/latest/1040x760/1627788.png,https://cdn.nba.com/logos/nba/1610612755/primary/L/logo.svg
1629109,Gary Clark,gary-clark,12,F,6-6,225,"NOV 16, 1994",26.0,2,Cincinnati,2020-21,1610612755,PHI,Philadelphia 76ers,78.0,https://cdn.nba.com/headshots/nba/latest/1040x760/1629109.png,https://cdn.nba.com/logos/nba/1610612755/primary/L/logo.svg
201588,George Hill,george-hill,33,G,6-4,188,"MAY 04, 1986",35.0,12,Indiana-Purdue Indianapolis,2020-21,1610612755,PHI,Philadelphia 76ers,76.0,https://cdn.nba.com/headshots/nba/latest/1040x760/201588.png,https://cdn.nba.com/logos/nba/1610612755/primary/L/logo.svg
1630198,Isaiah Joe,isaiah-joe,7,G,6-4,165,"JUL 02, 1999",21.0,R,Arkansas,2020-21,1610612755,PHI,Philadelphia 76ers,76.0,https://cdn.nba.com/headshots/nba/latest/1040x760/1630198.png,https://cdn.nba.com/logos/nba/1610612755/primary/L/logo.svg
203954,Joel Embiid,joel-embiid,21,C-F,7-0,280,"MAR 16, 1994",27.0,4,Kansas,2020-21,1610612755,PHI,Philadelphia 76ers,84.0,https://cdn.nba.com/headshots/nba/latest/1040x760/203954.png,https://cdn.nba.com/logos/nba/1610612755/primary/L/logo.svg
1629680,Matisse Thybulle,matisse-thybulle,22,G-F,6-5,201,"MAR 04, 1997",24.0,1,Washington,2020-21,1610612755,PHI,Philadelphia 76ers,77.0,https://cdn.nba.com/headshots/nba/latest/1040x760/1629680.png,https://cdn.nba.com/logos/nba/1610612755/primary/L/logo.svg
203118,Mike Scott,mike-scott,1,F,6-7,237,"JUL 16, 1988",32.0,8,Virginia,2020-21,1610612755,PHI,Philadelphia 76ers,79.0,https://cdn.nba.com/headshots/nba/latest/1040x760/203118.png,https://cdn.nba.com/logos/nba/1610612755/primary/L/logo.svg
1630194,Paul Reed,paul-reed,44,F,6-9,210,"JUN 14, 1999",22.0,R,DePaul,2020-21,1610612755,PHI,Philadelphia 76ers,81.0,https://cdn.nba.com/headshots/nba/latest/1040x760/1630194.png,https://cdn.nba.com/logos/nba/1610612755/primary/L/logo.svg
1629730,Rayjon Tucker,rayjon-tucker,9,G,6-3,209,"SEP 24, 1997",23.0,1,Arkansas-Little Rock,2020-21,1610612755,PHI,Philadelphia 76ers,75.0,https://cdn.nba.com/headshots/nba/latest/1040x760/1629730.png,https://cdn.nba.com/logos/nba/1610612755/primary/L/logo.svg
203552,Seth Curry,seth-curry,31,G,6-2,185,"AUG 23, 1990",30.0,7,Duke,2020-21,1610612755,PHI,Philadelphia 76ers,74.0,https://cdn.nba.com/headshots/nba/latest/1040x760/203552.png,https://cdn.nba.com/logos/nba/1610612755/primary/L/logo.svg
1629003,Shake Milton,shake-milton,18,G-F,6-5,205,"SEP 26, 1996",24.0,2,Southern Methodist,2020-21,1610612755,PHI,Philadelphia 76ers,77.0,https://cdn.nba.com/headshots/nba/latest/1040x760/1629003.png,https://cdn.nba.com/logos/nba/1610612755/primary/L/logo.svg
202699,Tobias Harris,tobias-harris,12,F,6-8,226,"JUL 15, 1992",28.0,9,Tennessee,2020-21,1610612755,PHI,Philadelphia 76ers,80.0,https://cdn.nba.com/headshots/nba/latest/1040x760/202699.png,https://cdn.nba.com/logos/nba/1610612755/primary/L/logo.svg
1630178,Tyrese Maxey,tyrese-maxey,0,G,6-2,200,"NOV 04, 2000",20.0,R,Kentucky,2020-21,1610612755,PHI,Philadelphia 76ers,74.0,https://cdn.nba.com/headshots/nba/latest/1040x760/1630178.png,https://cdn.nba.com/logos/nba/1610612755/primary/L/logo.svg
1627846,Abdel Nader,abdel-nader,11,F,6-5,225,"SEP 25, 1993",27.0,3,Iowa State,2020-21,1610612756,PHX,Phoenix Suns,77.0,https://cdn.nba.com/headshots/nba/latest/1040x760/1627846.png,https://cdn.nba.com/logos/nba/1610612756/primary/L/logo.svg
1629661,Cameron Johnson,cameron-johnson,23,F,6-8,210,"MAR 03, 1996",25.0,1,North Carolina,2020-21,1610612756,PHX,Phoenix Suns,80.0,https://cdn.nba.com/headshots/nba/latest/1040x760/1629661.png,https://cdn.nba.com/logos/nba/1610612756/primary/L/logo.svg
1626166,Cameron Payne,cameron-payne,15,G,6-1,183,"AUG 08, 1994",26.0,5,Murray State,2020-21,1610612756,PHX,Phoenix Suns,73.0,https://cdn.nba.com/headshots/nba/latest/1040x760/1626166.png,https://cdn.nba.com/logos/nba/1610612756/primary/L/logo.svg
101108,Chris Paul,chris-paul,3,G,6-0,175,"MAY 06, 1985",36.0,15,Wake Forest,2020-21,1610612756,PHX,Phoenix Suns,72.0,https://cdn.nba.com/headshots/nba/latest/1040x760/101108.png,https://cdn.nba.com/logos/nba/1610612756/primary/L/logo.svg
203967,Dario Šarić,dario-šarić,20,F-C,6-10,225,"APR 08, 1994",27.0,4,Anadolu Efes,2020-21,1610612756,PHX,Phoenix Suns,82.0,https://cdn.nba.com/headshots/nba/latest/1040x760/203967.png,https://cdn.nba.com/logos/nba/1610612756/primary/L/logo.svg
1629028,Deandre Ayton,deandre-ayton,22,C,6-11,250,"JUL 23, 1998",22.0,2,Arizona,2020-21,1610612756,PHX,Phoenix Suns,83.0,https://cdn.nba.com/headshots/nba/latest/1040x760/1629028.png,https://cdn.nba.com/logos/nba/1610612756/primary/L/logo.svg
1626164,Devin Booker,devin-booker,1,G,6-5,206,"OCT 30, 1996",24.0,5,Kentucky,2020-21,1610612756,PHX,Phoenix Suns,77.0,https://cdn.nba.com/headshots/nba/latest/1040x760/1626164.png,https://cdn.nba.com/logos/nba/1610612756/primary/L/logo.svg
202734,E'Twaun Moore,etwaun-moore,55,G,6-3,191,"FEB 25, 1989",32.0,9,Purdue,2020-21,1610612756,PHX,Phoenix Suns,75.0,https://cdn.nba.com/headshots/nba/latest/1040x760/202734.png,https://cdn.nba.com/logos/nba/1610612756/primary/L/logo.svg
1626163,Frank Kaminsky,frank-kaminsky,8,F-C,7-0,240,"APR 04, 1993",28.0,5,Wisconsin,2020-21,1610612756,PHX,Phoenix Suns,84.0,https://cdn.nba.com/headshots/nba/latest/1040x760/1626163.png,https://cdn.nba.com/logos/nba/1610612756/primary/L/logo.svg
203109,Jae Crowder,jae-crowder,99,F,6-6,235,"JUL 06, 1990",30.0,8,Marquette,2020-21,1610612756,PHX,Phoenix Suns,78.0,https://cdn.nba.com/headshots/nba/latest/1040x760/203109.png,https://cdn.nba.com/logos/nba/1610612756/primary/L/logo.svg
1630188,Jalen Smith,jalen-smith,10,F-C,6-10,215,"MAR 16, 2000",21.0,R,Maryland,2020-21,1610612756,PHX,Phoenix Suns,82.0,https://cdn.nba.com/headshots/nba/latest/1040x760/1630188.png,https://cdn.nba.com/logos/nba/1610612756/primary/L/logo.svg
1628975,Jevon Carter,jevon-carter,4,G,6-1,200,"SEP 14, 1995",25.0,2,West Virginia,2020-21,1610612756,PHX,Phoenix Suns,73.0,https://cdn.nba.com/headshots/nba/latest/1040x760/1628975.png,https://cdn.nba.com/logos/nba/1610612756/primary/L/logo.svg
204038,Langston Galloway,langston-galloway,2,G,6-1,200,"DEC 09, 1991",29.0,6,St. Joseph's (PA),2020-21,1610612756,PHX,Phoenix Suns,73.0,https://cdn.nba.com/headshots/nba/latest/1040x760/204038.png,https://cdn.nba.com/logos/nba/1610612756/primary/L/logo.svg
1628969,Mikal Bridges,mikal-bridges,25,F,6-6,209,"AUG 30, 1996",24.0,2,Villanova,2020-21,1610612756,PHX,Phoenix Suns,78.0,https://cdn.nba.com/headshots/nba/latest/1040x760/1628969.png,https://cdn.nba.com/logos/nba/1610612756/primary/L/logo.svg
1628470,Torrey Craig,torrey-craig,12,F,6-7,221,"DEC 19, 1990",30.0,3,South Carolina Upstate,2020-21,1610612756,PHX,Phoenix Suns,79.0,https://cdn.nba.com/headshots/nba/latest/1040x760/1628470.png,https://cdn.nba.com/logos/nba/1610612756/primary/L/logo.svg
1630234,Ty-Shon Alexander,ty-shon-alexander,0,G,6-3,195,"JUL 16, 1998",22.0,R,Creighton,2020-21,1610612756,PHX,Phoenix Suns,75.0,https://cdn.nba.com/headshots/nba/latest/1040x760/1630234.png,https://cdn.nba.com/logos/nba/1610612756/primary/L/logo.svg
1629014,Anfernee Simons,anfernee-simons,1,G,6-3,181,"JUN 08, 1999",22.0,2,Edgewater HS (FL),2020-21,1610612757,POR,Portland Trail Blazers,75.0,https://cdn.nba.com/headshots/nba/latest/1040x760/1629014.png,https://cdn.nba.com/logos/nba/1610612757/primary/L/logo.svg
1629604,CJ Elleby,cj-elleby,16,F-G,6-6,200,"JUN 16, 2000",21.0,R,Washington State,2020-21,1610612757,POR,Portland Trail Blazers,78.0,https://cdn.nba.com/headshots/nba/latest/1040x760/1629604.png,https://cdn.nba.com/logos/nba/1610612757/primary/L/logo.svg
203468,CJ McCollum,cj-mccollum,3,G,6-3,190,"SEP 19, 1991",29.0,7,Lehigh,2020-21,1610612757,POR,Portland Trail Blazers,75.0,https://cdn.nba.com/headshots/nba/latest/1040x760/203468.png,https://cdn.nba.com/logos/nba/1610612757/primary/L/logo.svg
2546,Carmelo Anthony,carmelo-anthony,00,F,6-7,238,"MAY 29, 1984",37.0,17,Syracuse,2020-21,1610612757,POR,Portland Trail Blazers,79.0,https://cdn.nba.com/headshots/nba/latest/1040x760/2546.png,https://cdn.nba.com/logos/nba/1610612757/primary/L/logo.svg
203081,Damian Lillard,damian-lillard,0,G,6-2,195,"JUL 15, 1990",30.0,8,Weber State,2020-21,1610612757,POR,Portland Trail Blazers,74.0,https://cdn.nba.com/headshots/nba/latest/1040x760/203081.png,https://cdn.nba.com/logos/nba/1610612757/primary/L/logo.svg
1627884,Derrick Jones Jr.,derrick-jones-jr,5,F,6-5,210,"FEB 15, 1997",24.0,4,UNLV,2020-21,1610612757,POR,Portland Trail Blazers,77.0,https://cdn.nba.com/headshots/nba/latest/1040x760/1627884.png,https://cdn.nba.com/logos/nba/1610612757/primary/L/logo.svg
202683,Enes Freedom,enes-freedom,11,C,6-10,250,"MAY 20, 1992",29.0,9,Fenerbahce,2020-21,1610612757,POR,Portland Trail Blazers,82.0,https://cdn.nba.com/headshots/nba/latest/1040x760/202683.png,https://cdn.nba.com/logos/nba/1610612757/primary/L/logo.svg
1628385,Harry Giles III,harry-giles-iii,4,F-C,6-11,240,"APR 22, 1998",23.0,2,Duke,2020-21,1610612757,POR,Portland Trail Blazers,83.0,https://cdn.nba.com/headshots/nba/latest/1040x760/1628385.png,https://cdn.nba.com/logos/nba/1610612757/primary/L/logo.svg
203994,Jusuf Nurkić,jusuf-nurkić,27,C,6-11,290,"AUG 23, 1994",26.0,6,Cedevita,2020-21,1610612757,POR,Portland Trail Blazers,83.0,https://cdn.nba.com/headshots/nba/latest/1040x760/203994.png,https://cdn.nba.com/logos/nba/1610612757/primary/L/logo.svg
1629833,Keljin Blevins,keljin-blevins,21,G,6-4,200,"NOV 24, 1995",25.0,R,Montana State,2020-21,1610612757,POR,Portland Trail Blazers,76.0,https://cdn.nba.com/headshots/nba/latest/1040x760/1629833.png,https://cdn.nba.com/logos/nba/1610612757/primary/L/logo.svg
1629642,Nassir Little,nassir-little,9,F-G,6-5,220,"FEB 11, 2000",21.0,1,North Carolina,2020-21,1610612757,POR,Portland Trail Blazers,77.0,https://cdn.nba.com/headshots/nba/latest/1040x760/1629642.png,https://cdn.nba.com/logos/nba/1610612757/primary/L/logo.svg
1626181,Norman Powell,norman-powell,24,G,6-3,215,"MAY 25, 1993",28.0,5,UCLA,2020-21,1610612757,POR,Portland Trail Blazers,75.0,https://cdn.nba.com/headshots/nba/latest/1040x760/1626181.png,https://cdn.nba.com/logos/nba/1610612757/primary/L/logo.svg
203496,Robert Covington,robert-covington,23,F,6-7,209,"DEC 14, 1990",30.0,7,Tennessee State,2020-21,1610612757,POR,Portland Trail Blazers,79.0,https://cdn.nba.com/headshots/nba/latest/1040x760/203496.png,https://cdn.nba.com/logos/nba/1610612757/primary/L/logo.svg
1626178,Rondae Hollis-Jefferson,rondae-hollis-jefferson,2,F,6-6,217,"JAN 03, 1995",26.0,5,Arizona,2020-21,1610612757,POR,Portland Trail Blazers,78.0,https://cdn.nba.com/headshots/nba/latest/1040x760/1626178.png,https://cdn.nba.com/logos/nba/1610612757/primary/L/logo.svg
1628388,T.J. Leaf,tj-leaf,18,F,6-10,222,"APR 30, 1997",24.0,3,UCLA,2020-21,1610612757,POR,Portland Trail Blazers,82.0,https://cdn.nba.com/headshots/nba/latest/1040x760/1628388.png,https://cdn.nba.com/logos/nba/1610612757/primary/L/logo.svg
1628380,Zach Collins,zach-collins,33,F-C,6-11,250,"NOV 19, 1997",23.0,3,Gonzaga,2020-21,1610612757,POR,Portland Trail Blazers,83.0,https://cdn.nba.com/headshots/nba/latest/1040x760/1628380.png,https://cdn.nba.com/logos/nba/1610612757/primary/L/logo.svg
1627741,Buddy Hield,buddy-hield,24,G,6-4,220,"DEC 17, 1992",28.0,4,Oklahoma,2020-21,1610612758,SAC,Sacramento Kings,76.0,https://cdn.nba.com/headshots/nba/latest/1040x760/1627741.png,https://cdn.nba.com/logos/nba/1610612758/primary/L/logo.svg
1629002,Chimezie Metu,chimezie-metu,25,F-C,6-9,225,"MAR 22, 1997",24.0,2,USC,2020-21,1610612758,SAC,Sacramento Kings,81.0,https://cdn.nba.com/headshots/nba/latest/1040x760/1629002.png,https://cdn.nba.com/logos/nba/1610612758/primary/L/logo.svg
1627745,Damian Jones,damian-jones,15,C,6-11,245,"JUN 30, 1995",26.0,4,Vanderbilt,2020-21,1610612758,SAC,Sacramento Kings,83.0,https://cdn.nba.com/headshots/nba/latest/1040x760/1627745.png,https://cdn.nba.com/logos/nba/1610612758/primary/L/logo.svg
1628368,De'Aaron Fox,deaaron-fox,5,G,6-3,185,"DEC 20, 1997",23.0,3,Kentucky,2020-21,1610612758,SAC,Sacramento Kings,75.0,https://cdn.nba.com/headshots/nba/latest/1040x760/1628368.png,https://cdn.nba.com/logos/nba/1610612758/primary/L/logo.svg
1626153,Delon Wright,delon-wright,55,G,6-5,185,"APR 26, 1992",29.0,5,Utah,2020-21,1610612758,SAC,Sacramento Kings,77.0,https://cdn.nba.com/headshots/nba/latest/1040x760/1626153.png,https://cdn.nba.com/logos/nba/1610612758/primary/L/logo.svg
203084,Harrison Barnes,harrison-barnes,40,F,6-8,225,"MAY 30, 1992",29.0,8,North Carolina,2020-21,1610612758,SAC,Sacramento Kings,80.0,https://cdn.nba.com/headshots/nba/latest/1040x760/203084.png,https://cdn.nba.com/logos/nba/1610612758/primary/L/logo.svg
202355,Hassan Whiteside,hassan-whiteside,20,C,7-0,265,"JUN 13, 1989",32.0,8,Marshall,2020-21,1610612758,SAC,Sacramento Kings,84.0,https://cdn.nba.com/headshots/nba/latest/1040x760/202355.png,https://cdn.nba.com/logos/nba/1610612758/primary/L/logo.svg
1630186,Jahmi'us Ramsey,jahmius-ramsey,3,G,6-3,190,"JUN 09, 2001",20.0,R,Texas Tech,2020-21,1610612758,SAC,Sacramento Kings,75.0,https://cdn.nba.com/headshots/nba/latest/1040x760/1630186.png,https://cdn.nba.com/logos/nba/1610612758/primary/L/logo.svg
1629713,Justin James,justin-james,10,G-F,6-7,190,"JAN 24, 1997",24.0,1,Wyoming,2020-21,1610612758,SAC,Sacramento Kings,79.0,https://cdn.nba.com/headshots/nba/latest/1040x760/1629713.png,https://cdn.nba.com/logos/nba/1610612758/primary/L/logo.svg
1629657,Kyle Guy,kyle-guy,7,G,6-1,167,"AUG 11, 1997",23.0,1,Virginia,2020-21,1610612758,SAC,Sacramento Kings,73.0,https://cdn.nba.com/headshots/nba/latest/1040x760/1629657.png,https://cdn.nba.com/logos/nba/1610612758/primary/L/logo.svg
1629663,Louis King,louis-king,23,F,6-7,205,"APR 06, 1999",22.0,1,Oregon,2020-21,1610612758,SAC,Sacramento Kings,79.0,https://cdn.nba.com/headshots/nba/latest/1040x760/1629663.png,https://cdn.nba.com/logos/nba/1610612758/primary/L/logo.svg
1628963,Marvin Bagley III,marvin-bagley-iii,35,F,6-11,235,"MAR 14, 1999",22.0,2,Duke,2020-21,1610612758,SAC,Sacramento Kings,83.0,https://cdn.nba.com/headshots/nba/latest/1040x760/1628963.png,https://cdn.nba.com/logos/nba/1610612758/primary/L/logo.svg
203090,Maurice Harkless,maurice-harkless,8,F-G,6-7,220,"MAY 11, 1993",28.0,8,"St. John's, N.Y.",2020-21,1610612758,SAC,Sacramento Kings,79.0,https://cdn.nba.com/headshots/nba/latest/1040x760/203090.png,https://cdn.nba.com/logos/nba/1610612758/primary/L/logo.svg
1626158,Richaun Holmes,richaun-holmes,22,F,6-10,235,"OCT 15, 1993",27.0,5,Bowling Green,2020-21,1610612758,SAC,Sacramento Kings,82.0,https://cdn.nba.com/headshots/nba/latest/1040x760/1626158.png,https://cdn.nba.com/logos/nba/1610612758/primary/L/logo.svg
1630218,Robert Woodard II,robert-woodard-ii,13,F,6-6,235,"SEP 22, 1999",21.0,R,Mississippi State,2020-21,1610612758,SAC,Sacramento Kings,78.0,https://cdn.nba.com/headshots/nba/latest/1040x760/1630218.png,https://cdn.nba.com/logos/nba/1610612758/primary/L/logo.svg
1629056,Terence Davis,terence-davis,9,G,6-4,201,"MAY 16, 1997",24.0,1,Mississippi,2020-21,1610612758,SAC,Sacramento Kings,76.0,https://cdn.nba.com/headshots/nba/latest/1040x760/1629056.png,https://cdn.nba.com/logos/nba/1610612758/primary/L/logo.svg
1630169,Tyrese Haliburton,tyrese-haliburton,0,G,6-5,185,"FEB 29, 2000",21.0,R,Iowa State,2020-21,1610612758,SAC,Sacramento Kings,77.0,https://cdn.nba.com/headshots/nba/latest/1040x760/1630169.png,https://cdn.nba.com/logos/nba/1610612758/primary/L/logo.svg
1629610,DaQuan Jeffries,daquan-jeffries,55,G-F,6-5,230,"AUG 30, 1997",23.0,1,Tulsa,2020-21,1610612759,SAS,San Antonio Spurs,77.0,https://cdn.nba.com/headshots/nba/latest/1040x760/1629610.png,https://cdn.nba.com/logos/nba/1610612759/primary/L/logo.svg
201942,DeMar DeRozan,demar-derozan,10,G-F,6-6,220,"AUG 07, 1989",31.0,11,Southern California,2020-21,1610612759,SAS,San Antonio Spurs,78.0,https://cdn.nba.com/headshots/nba/latest/1040x760/201942.png,https://cdn.nba.com/logos/nba/1610612759/primary/L/logo.svg
1627749,Dejounte Murray,dejounte-murray,5,G,6-4,180,"SEP 19, 1996",24.0,4,Washington,2020-21,1610612759,SAS,San Antonio Spurs,76.0,https://cdn.nba.com/headshots/nba/latest/1040x760/1627749.png,https://cdn.nba.com/logos/nba/1610612759/primary/L/logo.svg
1628401,Derrick White,derrick-white,4,G,6-4,190,"JUL 02, 1994",26.0,3,Colorado,2020-21,1610612759,SAS,San Antonio Spurs,76.0,https://cdn.nba.com/headshots/nba/latest/1040x760/1628401.png,https://cdn.nba.com/logos/nba/1610612759/primary/L/logo.svg
1630170,Devin Vassell,devin-vassell,24,G-F,6-5,200,"AUG 23, 2000",20.0,R,Florida State,2020-21,1610612759,SAS,San Antonio Spurs,77.0,https://cdn.nba.com/headshots/nba/latest/1040x760/1630170.png,https://cdn.nba.com/logos/nba/1610612759/primary/L/logo.svg
1629234,Drew Eubanks,drew-eubanks,14,F-C,6-9,245,"FEB 01, 1997",24.0,2,Oregon State,2020-21,1610612759,SAS,San Antonio Spurs,81.0,https://cdn.nba.com/headshots/nba/latest/1040x760/1629234.png,https://cdn.nba.com/logos/nba/1610612759/primary/L/logo.svg
203476,Gorgui Dieng,gorgui-dieng,7,C,6-10,252,"JAN 18, 1990",31.0,7,Louisville,2020-21,1610612759,SAS,San Antonio Spurs,82.0,https://cdn.nba.com/headshots/nba/latest/1040x760/203476.png,https://cdn.nba.com/logos/nba/1610612759/primary/L/logo.svg
1627751,Jakob Poeltl,jakob-poeltl,25,C,7-1,245,"OCT 15, 1995",25.0,4,Utah,2020-21,1610612759,SAS,San Antonio Spurs,85.0,https://cdn.nba.com/headshots/nba/latest/1040x760/1627751.png,https://cdn.nba.com/logos/nba/1610612759/primary/L/logo.svg
1628966,Keita Bates-Diop,keita-bates-diop,31,F,6-8,229,"JAN 23, 1996",25.0,2,Ohio State,2020-21,1610612759,SAS,San Antonio Spurs,80.0,https://cdn.nba.com/headshots/nba/latest/1040x760/1628966.png,https://cdn.nba.com/logos/nba/1610612759/primary/L/logo.svg
1629640,Keldon Johnson,keldon-johnson,3,F-G,6-5,220,"OCT 11, 1999",21.0,1,Kentucky,2020-21,1610612759,SAS,San Antonio Spurs,77.0,https://cdn.nba.com/headshots/nba/latest/1040x760/1629640.png,https://cdn.nba.com/logos/nba/1610612759/primary/L/logo.svg
1629022,Lonnie Walker IV,lonnie-walker-iv,1,G-F,6-4,204,"DEC 14, 1998",22.0,2,Miami,2020-21,1610612759,SAS,San Antonio Spurs,76.0,https://cdn.nba.com/headshots/nba/latest/1040x760/1629022.png,https://cdn.nba.com/logos/nba/1610612759/primary/L/logo.svg
1629677,Luka Samanic,luka-samanic,19,F,6-10,227,"JAN 09, 2000",21.0,1,Union Olimpija,2020-21,1610612759,SAS,San Antonio Spurs,82.0,https://cdn.nba.com/headshots/nba/latest/1040x760/1629677.png,https://cdn.nba.com/logos/nba/1610612759/primary/L/logo.svg
201988,Patty Mills,patty-mills,8,G,6-1,180,"AUG 11, 1988",32.0,11,St. Mary's,2020-21,1610612759,SAS,San Antonio Spurs,73.0,https://cdn.nba.com/headshots/nba/latest/1040x760/201988.png,https://cdn.nba.com/logos/nba/1610612759/primary/L/logo.svg
1629683,Quinndary Weatherspoon,quinndary-weatherspoon,15,G,6-3,205,"SEP 10, 1996",24.0,1,Mississippi State,2020-21,1610612759,SAS,San Antonio Spurs,75.0,https://cdn.nba.com/headshots/nba/latest/1040x760/1629683.png,https://cdn.nba.com/logos/nba/1610612759/primary/L/logo.svg
200752,Rudy Gay,rudy-gay,22,F-G,6-8,250,"AUG 17, 1986",34.0,14,Connecticut,2020-21,1610612759,SAS,San Antonio Spurs,80.0,https://cdn.nba.com/headshots/nba/latest/1040x760/200752.png,https://cdn.nba.com/logos/nba/1610612759/primary/L/logo.svg
1630200,Tre Jones,tre-jones,33,G,6-1,185,"JAN 08, 2000",21.0,R,Duke,2020-21,1610612759,SAS,San Antonio Spurs,73.0,https://cdn.nba.com/headshots/nba/latest/1040x760/1630200.png,https://cdn.nba.com/logos/nba/1610612759/primary/L/logo.svg
1626168,Trey Lyles,trey-lyles,41,F,6-9,234,"NOV 05, 1995",25.0,5,Kentucky,2020-21,1610612759,SAS,San Antonio Spurs,81.0,https://cdn.nba.com/headshots/nba/latest/1040x760/1626168.png,https://cdn.nba.com/logos/nba/1610612759/primary/L/logo.svg
203382,Aron Baynes,aron-baynes,46,C-F,6-10,260,"DEC 09, 1986",34.0,8,Washington State,2020-21,1610612761,TOR,Toronto Raptors,82.0,https://cdn.nba.com/headshots/nba/latest/1040x760/203382.png,https://cdn.nba.com/logos/nba/1610612761/primary/L/logo.svg
1628449,Chris Boucher,chris-boucher,25,F-C,6-9,200,"JAN 11, 1993",28.0,3,Oregon,2020-21,1610612761,TOR,Toronto Raptors,81.0,https://cdn.nba.com/headshots/nba/latest/1040x760/1628449.png,https://cdn.nba.com/logos/nba/1610612761/primary/L/logo.svg
1627761,DeAndre' Bembry,deandre-bembry,95,G-F,6-5,210,"JUL 04, 1994",26.0,4,St. Joseph's (PA),2020-21,1610612761,TOR,Toronto Raptors,77.0,https://cdn.nba.com/headshots/nba/latest/1040x760/1627761.png,https://cdn.nba.com/logos/nba/1610612761/primary/L/logo.svg
1627832,Fred VanVleet,fred-vanvleet,23,G,6-1,197,"FEB 25, 1994",27.0,4,Wichita State,2020-21,1610612761,TOR,Toronto Raptors,73.0,https://cdn.nba.com/headshots/nba/latest/1040x760/1627832.png,https://cdn.nba.com/logos/nba/1610612761/primary/L/logo.svg
1630273,Freddie Gillespie,freddie-gillespie,,F,6-9,245,"JUN 14, 1997",24.0,R,Baylor,2020-21,1610612761,TOR,Toronto Raptors,81.0,https://cdn.nba.com/headshots/nba/latest/1040x760/1630273.png,https://cdn.nba.com/logos/nba/1610612761/primary/L/logo.svg
1629018,Gary Trent Jr.,gary-trent-jr,33,G-F,6-5,209,"JAN 18, 1999",22.0,2,Duke,2020-21,1610612761,TOR,Toronto Raptors,77.0,https://cdn.nba.com/headshots/nba/latest/1040x760/1629018.png,https://cdn.nba.com/logos/nba/1610612761/primary/L/logo.svg
203920,Khem Birch,khem-birch,24,C,6-9,233,"SEP 28, 1992",28.0,3,UNLV,2020-21,1610612761,TOR,Toronto Raptors,81.0,https://cdn.nba.com/headshots/nba/latest/1040x760/203920.png,https://cdn.nba.com/logos/nba/1610612761/primary/L/logo.svg
200768,Kyle Lowry,kyle-lowry,7,G,6-0,196,"MAR 25, 1986",35.0,14,Villanova,2020-21,1610612761,TOR,Toronto Raptors,72.0,https://cdn.nba.com/headshots/nba/latest/1040x760/200768.png,https://cdn.nba.com/logos/nba/1610612761/primary/L/logo.svg
1630201,Malachi Flynn,malachi-flynn,8,G,6-1,175,"MAY 09, 1998",23.0,R,San Diego State,2020-21,1610612761,TOR,Toronto Raptors,73.0,https://cdn.nba.com/headshots/nba/latest/1040x760/1630201.png,https://cdn.nba.com/logos/nba/1610612761/primary/L/logo.svg
1628384,OG Anunoby,og-anunoby,3,F,6-7,232,"JUL 17, 1997",23.0,3,Indiana,2020-21,1610612761,TOR,Toronto Raptors,79.0,https://cdn.nba.com/headshots/nba/latest/1040x760/1628384.png,https://cdn.nba.com/logos/nba/1610612761/primary/L/logo.svg
1627783,Pascal Siakam,pascal-siakam,43,F,6-9,230,"APR 02, 1994",27.0,4,New Mexico State,2020-21,1610612761,TOR,Toronto Raptors,81.0,https://cdn.nba.com/headshots/nba/latest/1040x760/1627783.png,https://cdn.nba.com/logos/nba/1610612761/primary/L/logo.svg
1628778,Paul Watson,paul-watson,1,G,6-6,210,"DEC 30, 1994",26.0,1,Fresno State,2020-21,1610612761,TOR,Toronto Raptors,78.0,https://cdn.nba.com/headshots/nba/latest/1040x760/1628778.png,https://cdn.nba.com/logos/nba/1610612761/primary/L/logo.svg
203918,Rodney Hood,rodney-hood,32,G-F,6-8,208,"OCT 20, 1992",28.0,6,Duke,2020-21,1610612761,TOR,Toronto Raptors,80.0,https://cdn.nba.com/headshots/nba/latest/1040x760/203918.png,https://cdn.nba.com/logos/nba/1610612761/primary/L/logo.svg
1626169,Stanley Johnson,stanley-johnson,5,F-G,6-6,242,"MAY 29, 1996",25.0,5,Arizona,2020-21,1610612761,TOR,Toronto Raptors,78.0,https://cdn.nba.com/headshots/nba/latest/1040x760/1626169.png,https://cdn.nba.com/logos/nba/1610612761/primary/L/logo.svg
1629139,Yuta Watanabe,yuta-watanabe,18,G-F,6-9,215,"OCT 13, 1994",26.0,2,George Washington,2020-21,1610612761,TOR,Toronto Raptors,81.0,https://cdn.nba.com/headshots/nba/latest/1040x760/1629139.png,https://cdn.nba.com/logos/nba/1610612761/primary/L/logo.svg
202711,Bojan Bogdanovic,bojan-bogdanovic,44,F,6-7,226,"APR 18, 1989",32.0,6,Fenerbahce,2020-21,1610612762,UTA,Utah Jazz,79.0,https://cdn.nba.com/headshots/nba/latest/1040x760/202711.png,https://cdn.nba.com/logos/nba/1610612762/primary/L/logo.svg
202324,Derrick Favors,derrick-favors,15,F,6-9,265,"JUL 15, 1991",29.0,10,Georgia Tech,2020-21,1610612762,UTA,Utah Jazz,81.0,https://cdn.nba.com/headshots/nba/latest/1040x760/202324.png,https://cdn.nba.com/logos/nba/1610612762/primary/L/logo.svg
1628378,Donovan Mitchell,donovan-mitchell,45,G,6-1,215,"SEP 07, 1996",24.0,3,Louisville,2020-21,1610612762,UTA,Utah Jazz,73.0,https://cdn.nba.com/headshots/nba/latest/1040x760/1628378.png,https://cdn.nba.com/logos/nba/1610612762/primary/L/logo.svg
1630190,Elijah Hughes,elijah-hughes,33,G,6-5,215,"MAR 10, 1998",23.0,R,Syracuse,2020-21,1610612762,UTA,Utah Jazz,77.0,https://cdn.nba.com/headshots/nba/latest/1040x760/1630190.png,https://cdn.nba.com/logos/nba/1610612762/primary/L/logo.svg
101141,Ersan Ilyasova,ersan-ilyasova,77,F,6-9,235,"MAY 15, 1987",34.0,12,FC Barcelona,2020-21,1610612762,UTA,Utah Jazz,81.0,https://cdn.nba.com/headshots/nba/latest/1040x760/101141.png,https://cdn.nba.com/logos/nba/1610612762/primary/L/logo.svg
1627777,Georges Niang,georges-niang,31,F,6-7,230,"JUN 17, 1993",28.0,4,Iowa State,2020-21,1610612762,UTA,Utah Jazz,79.0,https://cdn.nba.com/headshots/nba/latest/1040x760/1627777.png,https://cdn.nba.com/logos/nba/1610612762/primary/L/logo.svg
1629714,Jarrell Brantley,jarrell-brantley,5,F,6-5,250,"JUN 07, 1996",25.0,1,College of Charleston,2020-21,1610612762,UTA,Utah Jazz,77.0,https://cdn.nba.com/headshots/nba/latest/1040x760/1629714.png,https://cdn.nba.com/logos/nba/1610612762/primary/L/logo.svg
204060,Joe Ingles,joe-ingles,2,F-G,6-8,220,"OCT 02, 1987",33.0,6,Maccabi Tel Aviv,2020-21,1610612762,UTA,Utah Jazz,80.0,https://cdn.nba.com/headshots/nba/latest/1040x760/204060.png,https://cdn.nba.com/logos/nba/1610612762/primary/L/logo.svg
203903,Jordan Clarkson,jordan-clarkson,00,G,6-4,194,"JUN 07, 1992",29.0,6,Missouri,2020-21,1610612762,UTA,Utah Jazz,76.0,https://cdn.nba.com/headshots/nba/latest/1040x760/203903.png,https://cdn.nba.com/logos/nba/1610612762/primary/L/logo.svg
1629752,Juwan Morgan,juwan-morgan,16,F,6-7,232,"APR 17, 1997",24.0,1,Indiana,2020-21,1610612762,UTA,Utah Jazz,79.0,https://cdn.nba.com/headshots/nba/latest/1040x760/1629752.png,https://cdn.nba.com/logos/nba/1610612762/primary/L/logo.svg
1629744,Matt Thomas,matt-thomas,21,G,6-4,190,"AUG 04, 1994",26.0,1,Iowa State,2020-21,1610612762,UTA,Utah Jazz,76.0,https://cdn.nba.com/headshots/nba/latest/1040x760/1629744.png,https://cdn.nba.com/logos/nba/1610612762/primary/L/logo.svg
201144,Mike Conley,mike-conley,10,G,6-1,175,"OCT 11, 1987",33.0,13,Ohio State,2020-21,1610612762,UTA,Utah Jazz,73.0,https://cdn.nba.com/headshots/nba/latest/1040x760/201144.png,https://cdn.nba.com/logos/nba/1610612762/primary/L/logo.svg
1629671,Miye Oni,miye-oni,81,G-F,6-5,206,"AUG 04, 1997",23.0,1,Yale,2020-21,1610612762,UTA,Utah Jazz,77.0,https://cdn.nba.com/headshots/nba/latest/1040x760/1629671.png,https://cdn.nba.com/logos/nba/1610612762/primary/L/logo.svg
1626220,Royce O'Neale,royce-oneale,23,F,6-4,226,"JUN 05, 1993",28.0,3,Baylor,2020-21,1610612762,UTA,Utah Jazz,76.0,https://cdn.nba.com/headshots/nba/latest/1040x760/1626220.png,https://cdn.nba.com/logos/nba/1610612762/primary/L/logo.svg
203497,Rudy Gobert,rudy-gobert,27,C,7-1,258,"JUN 26, 1992",29.0,7,Cholet,2020-21,1610612762,UTA,Utah Jazz,85.0,https://cdn.nba.com/headshots/nba/latest/1040x760/203497.png,https://cdn.nba.com/logos/nba/1610612762/primary/L/logo.svg
1630235,Trent Forrest,trent-forrest,3,G,6-4,210,"JUN 12, 1998",23.0,R,Florida State,2020-21,1610612762,UTA,Utah Jazz,76.0,https://cdn.nba.com/headshots/nba/latest/1040x760/1630235.png,https://cdn.nba.com/logos/nba/1610612762/primary/L/logo.svg
1628962,Udoka Azubuike,udoka-azubuike,20,C-F,6-10,280,"SEP 17, 1999",21.0,R,Kansas,2020-21,1610612762,UTA,Utah Jazz,82.0,https://cdn.nba.com/headshots/nba/latest/1040x760/1628962.png,https://cdn.nba.com/logos/nba/1610612762/primary/L/logo.svg
203458,Alex Len,alex-len,27,C,7-0,250,"JUN 16, 1993",28.0,7,Maryland,2020-21,1610612764,WAS,Washington Wizards,84.0,https://cdn.nba.com/headshots/nba/latest/1040x760/203458.png,https://cdn.nba.com/logos/nba/1610612764/primary/L/logo.svg
1630264,Anthony Gill,anthony-gill,16,F,6-7,230,"OCT 17, 1992",28.0,R,Virginia,2020-21,1610612764,WAS,Washington Wizards,79.0,https://cdn.nba.com/headshots/nba/latest/1040x760/1630264.png,https://cdn.nba.com/logos/nba/1610612764/primary/L/logo.svg
203078,Bradley Beal,bradley-beal,3,G,6-3,207,"JUN 28, 1993",28.0,8,Florida,2020-21,1610612764,WAS,Washington Wizards,75.0,https://cdn.nba.com/headshots/nba/latest/1040x760/203078.png,https://cdn.nba.com/logos/nba/1610612764/primary/L/logo.svg
1630258,Caleb Homesley,caleb-homesley,,G,6-6,205,"NOV 27, 1996",24.0,R,Liberty,2020-21,1610612764,WAS,Washington Wizards,78.0,https://cdn.nba.com/headshots/nba/latest/1040x760/1630258.png,https://cdn.nba.com/logos/nba/1610612764/primary/L/logo.svg
1630216,Cassius Winston,cassius-winston,5,G,6-1,185,"FEB 28, 1998",23.0,R,Michigan State,2020-21,1610612764,WAS,Washington Wizards,73.0,https://cdn.nba.com/headshots/nba/latest/1040x760/1630216.png,https://cdn.nba.com/logos/nba/1610612764/primary/L/logo.svg
1628990,Chandler Hutchison,chandler-hutchison,1,F-G,6-6,210,"APR 26, 1996",25.0,2,Boise State,2020-21,1610612764,WAS,Washington Wizards,78.0,https://cdn.nba.com/headshots/nba/latest/1040x760/1628990.png,https://cdn.nba.com/logos/nba/1610612764/primary/L/logo.svg
1629655,Daniel Gafford,daniel-gafford,21,F-C,6-10,234,"OCT 01, 1998",22.0,1,Arkansas,2020-21,1610612764,WAS,Washington Wizards,82.0,https://cdn.nba.com/headshots/nba/latest/1040x760/1629655.png,https://cdn.nba.com/logos/nba/1610612764/primary/L/logo.svg
202722,Davis Bertans,davis-bertans,42,F,6-10,225,"NOV 12, 1992",28.0,4,Baskonia,2020-21,1610612764,WAS,Washington Wizards,82.0,https://cdn.nba.com/headshots/nba/latest/1040x760/202722.png,https://cdn.nba.com/logos/nba/1610612764/primary/L/logo.svg
1630166,Deni Avdija,deni-avdija,9,F,6-9,210,"JAN 03, 2001",20.0,R,Maccabi Tel Aviv,2020-21,1610612764,WAS,Washington Wizards,81.0,https://cdn.nba.com/headshots/nba/latest/1040x760/1630166.png,https://cdn.nba.com/logos/nba/1610612764/primary/L/logo.svg
1629726,Garrison Mathews,garrison-mathews,24,G,6-5,215,"OCT 24, 1996",24.0,1,Lipscomb,2020-21,1610612764,WAS,Washington Wizards,77.0,https://cdn.nba.com/headshots/nba/latest/1040x760/1629726.png,https://cdn.nba.com/logos/nba/1610612764/primary/L/logo.svg
1629067,Isaac Bonga,isaac-bonga,17,G,6-8,180,"NOV 08, 1999",21.0,2,Skyliners Frankfurt,2020-21,1610612764,WAS,Washington Wizards,80.0,https://cdn.nba.com/headshots/nba/latest/1040x760/1629067.png,https://cdn.nba.com/logos/nba/1610612764/primary/L/logo.svg
202397,Ish Smith,ish-smith,14,G,6-0,175,"JUL 05, 1988",32.0,10,Wake Forest,2020-21,1610612764,WAS,Washington Wizards,72.0,https://cdn.nba.com/headshots/nba/latest/1040x760/202397.png,https://cdn.nba.com/logos/nba/1610612764/primary/L/logo.svg
203526,Raul Neto,raul-neto,19,G,6-1,180,"MAY 19, 1992",29.0,5,Murcia,2020-21,1610612764,WAS,Washington Wizards,73.0,https://cdn.nba.com/headshots/nba/latest/1040x760/203526.png,https://cdn.nba.com/logos/nba/1610612764/primary/L/logo.svg
201577,Robin Lopez,robin-lopez,15,C,7-0,281,"APR 01, 1988",33.0,12,Stanford,2020-21,1610612764,WAS,Washington Wizards,84.0,https://cdn.nba.com/headshots/nba/latest/1040x760/201577.png,https://cdn.nba.com/logos/nba/1610612764/primary/L/logo.svg
1629060,Rui Hachimura,rui-hachimura,8,F,6-8,230,"FEB 08, 1998",23.0,1,Gonzaga,2020-21,1610612764,WAS,Washington Wizards,80.0,https://cdn.nba.com/headshots/nba/latest/1040x760/1629060.png,https://cdn.nba.com/logos/nba/1610612764/primary/L/logo.svg
201566,Russell Westbrook,russell-westbrook,4,G,6-3,200,"NOV 12, 1988",32.0,12,UCLA,2020-21,1610612764,WAS,Washington Wizards,75.0,https://cdn.nba.com/headshots/nba/latest/1040x760/201566.png,https://cdn.nba.com/logos/nba/1610612764/primary/L/logo.svg
1628418,Thomas Bryant,thomas-bryant,13,C-F,6-10,248,"JUL 31, 1997",23.0,3,Indiana,2020-21,1610612764,WAS,Washington Wizards,82.0,https://cdn.nba.com/headshots/nba/latest/1040x760/1628418.png,https://cdn.nba.com/logos/nba/1610612764/primary/L/logo.svg
203992,Bogdan Bogdanović,bogdan-bogdanović,13,G,6-6,225,"AUG 18, 1992",29.0,4,Fenerbahce,2021-22,1610612737,ATL,Atlanta Hawks,78.0,https://cdn.nba.com/headshots/nba/latest/1040x760/203992.png,https://cdn.nba.com/logos/nba/1610612737/primary/L/logo.svg
1630602,Chaundee Brown Jr.,chaundee-brown-jr,38,F,6-5,215,"DEC 04, 1998",23.0,R,Michigan,2021-22,1610612737,ATL,Atlanta Hawks,77.0,https://cdn.nba.com/headshots/nba/latest/1040x760/1630602.png,https://cdn.nba.com/logos/nba/1610612737/primary/L/logo.svg
203991,Clint Capela,clint-capela,15,C,6-10,256,"MAY 18, 1994",28.0,7,Elan Chalon,2021-22,1610612737,ATL,Atlanta Hawks,82.0,https://cdn.nba.com/headshots/nba/latest/1040x760/203991.png,https://cdn.nba.com/logos/nba/1610612737/primary/L/logo.svg
201568,Danilo Gallinari,danilo-gallinari,8,F,6-10,236,"AUG 08, 1988",33.0,12,Olimpia Milano,2021-22,1610612737,ATL,Atlanta Hawks,82.0,https://cdn.nba.com/headshots/nba/latest/1040x760/201568.png,https://cdn.nba.com/logos/nba/1610612737/primary/L/logo.svg
1629631,De'Andre Hunter,deandre-hunter,12,F-G,6-8,221,"DEC 02, 1997",24.0,2,Virginia,2021-22,1610612737,ATL,Atlanta Hawks,80.0,https://cdn.nba.com/headshots/nba/latest/1040x760/1629631.png,https://cdn.nba.com/logos/nba/1610612737/primary/L/logo.svg
1626153,Delon Wright,delon-wright,0,G,6-5,185,"APR 26, 1992",30.0,6,Utah,2021-22,1610612737,ATL,Atlanta Hawks,77.0,https://cdn.nba.com/headshots/nba/latest/1040x760/1626153.png,https://cdn.nba.com/logos/nba/1610612737/primary/L/logo.svg
203476,Gorgui Dieng,gorgui-dieng,10,C,6-10,248,"JAN 18, 1990",32.0,8,Louisville,2021-22,1610612737,ATL,Atlanta Hawks,82.0,https://cdn.nba.com/headshots/nba/latest/1040x760/203476.png,https://cdn.nba.com/logos/nba/1610612737/primary/L/logo.svg
1630552,Jalen Johnson,jalen-johnson,1,F,6-8,219,"DEC 18, 2001",20.0,R,Duke,2021-22,1610612737,ATL,Atlanta Hawks,80.0,https://cdn.nba.com/headshots/nba/latest/1040x760/1630552.png,https://cdn.nba.com/logos/nba/1610612737/primary/L/logo.svg
1628381,John Collins,john-collins,20,F-C,6-9,226,"SEP 23, 1997",24.0,4,Wake Forest,2021-22,1610612737,ATL,Atlanta Hawks,81.0,https://cdn.nba.com/headshots/nba/latest/1040x760/1628381.png,https://cdn.nba.com/logos/nba/1610612737/primary/L/logo.svg
1628989,Kevin Huerter,kevin-huerter,3,G-F,6-7,198,"AUG 27, 1998",23.0,3,Maryland,2021-22,1610612737,ATL,Atlanta Hawks,79.0,https://cdn.nba.com/headshots/nba/latest/1040x760/1628989.png,https://cdn.nba.com/logos/nba/1610612737/primary/L/logo.svg
1628995,Kevin Knox II,kevin-knox-ii,5,F,6-7,215,"AUG 11, 1999",22.0,3,Kentucky,2021-22,1610612737,ATL,Atlanta Hawks,79.0,https://cdn.nba.com/headshots/nba/latest/1040x760/1628995.png,https://cdn.nba.com/logos/nba/1610612737/primary/L/logo.svg
101150,Lou Williams,lou-williams,6,G,6-2,175,"OCT 27, 1986",35.0,16,South Gwinnett HS (GA),2021-22,1610612737,ATL,Atlanta Hawks,74.0,https://cdn.nba.com/headshots/nba/latest/1040x760/101150.png,https://cdn.nba.com/logos/nba/1610612737/primary/L/logo.svg
1630168,Onyeka Okongwu,onyeka-okongwu,17,F-C,6-8,240,"DEC 11, 2000",21.0,1,Southern California,2021-22,1610612737,ATL,Atlanta Hawks,80.0,https://cdn.nba.com/headshots/nba/latest/1040x760/1630168.png,https://cdn.nba.com/logos/nba/1610612737/primary/L/logo.svg
1630536,Sharife Cooper,sharife-cooper,2,G,6-1,176,"JUN 11, 2001",21.0,R,Auburn,2021-22,1610612737,ATL,Atlanta Hawks,73.0,https://cdn.nba.com/headshots/nba/latest/1040x760/1630536.png,https://cdn.nba.com/logos/nba/1610612737/primary/L/logo.svg
1630219,Skylar Mays,skylar-mays,4,G,6-4,205,"SEP 05, 1997",24.0,1,Louisiana State,2021-22,1610612737,ATL,Atlanta Hawks,76.0,https://cdn.nba.com/headshots/nba/latest/1040x760/1630219.png,https://cdn.nba.com/logos/nba/1610612737/primary/L/logo.svg
1627789,Timothe Luwawu-Cabarrot,timothe-luwawu-cabarrot,7,G-F,6-7,215,"MAY 09, 1995",27.0,5,Mega Basket,2021-22,1610612737,ATL,Atlanta Hawks,79.0,https://cdn.nba.com/headshots/nba/latest/1040x760/1627789.png,https://cdn.nba.com/logos/nba/1610612737/primary/L/logo.svg
1629027,Trae Young,trae-young,11,G,6-1,164,"SEP 19, 1998",23.0,3,Oklahoma,2021-22,1610612737,ATL,Atlanta Hawks,73.0,https://cdn.nba.com/headshots/nba/latest/1040x760/1629027.png,https://cdn.nba.com/logos/nba/1610612737/primary/L/logo.svg
203083,Andre Drummond,andre-drummond,0,C,6-10,279,"AUG 10, 1993",28.0,9,Connecticut,2021-22,1610612751,BKN,Brooklyn Nets,82.0,https://cdn.nba.com/headshots/nba/latest/1040x760/203083.png,https://cdn.nba.com/logos/nba/1610612751/primary/L/logo.svg
1627732,Ben Simmons,ben-simmons,10,G-F,6-11,240,"JUL 20, 1996",25.0,4,Louisiana State,2021-22,1610612751,BKN,Brooklyn Nets,83.0,https://cdn.nba.com/headshots/nba/latest/1040x760/1627732.png,https://cdn.nba.com/logos/nba/1610612751/primary/L/logo.svg
201933,Blake Griffin,blake-griffin,2,F,6-9,250,"MAR 16, 1989",33.0,11,Oklahoma,2021-22,1610612751,BKN,Brooklyn Nets,81.0,https://cdn.nba.com/headshots/nba/latest/1040x760/201933.png,https://cdn.nba.com/logos/nba/1610612751/primary/L/logo.svg
1628971,Bruce Brown,bruce-brown,1,G-F,6-4,202,"AUG 15, 1996",25.0,3,Miami,2021-22,1610612751,BKN,Brooklyn Nets,76.0,https://cdn.nba.com/headshots/nba/latest/1040x760/1628971.png,https://cdn.nba.com/logos/nba/1610612751/primary/L/logo.svg
1630560,Cam Thomas,cam-thomas,24,G,6-3,210,"OCT 13, 2001",20.0,R,Louisiana State,2021-22,1610612751,BKN,Brooklyn Nets,75.0,https://cdn.nba.com/headshots/nba/latest/1040x760/1630560.png,https://cdn.nba.com/logos/nba/1610612751/primary/L/logo.svg
1630561,David Duke Jr.,david-duke-jr,6,G,6-4,204,"OCT 13, 1999",22.0,R,Providence,2021-22,1610612751,BKN,Brooklyn Nets,76.0,https://cdn.nba.com/headshots/nba/latest/1040x760/1630561.png,https://cdn.nba.com/logos/nba/1610612751/primary/L/logo.svg
1630549,Day'Ron Sharpe,dayron-sharpe,20,F,6-9,265,"NOV 06, 2001",20.0,R,North Carolina,2021-22,1610612751,BKN,Brooklyn Nets,81.0,https://cdn.nba.com/headshots/nba/latest/1040x760/1630549.png,https://cdn.nba.com/logos/nba/1610612751/primary/L/logo.svg
201609,Goran Dragic,goran-dragic,9,G,6-3,190,"MAY 06, 1986",36.0,13,Union Olimpija,2021-22,1610612751,BKN,Brooklyn Nets,75.0,https://cdn.nba.com/headshots/nba/latest/1040x760/201609.png,https://cdn.nba.com/logos/nba/1610612751/primary/L/logo.svg
203925,Joe Harris,joe-harris,12,G-F,6-6,220,"SEP 06, 1991",30.0,7,Virginia,2021-22,1610612751,BKN,Brooklyn Nets,78.0,https://cdn.nba.com/headshots/nba/latest/1040x760/203925.png,https://cdn.nba.com/logos/nba/1610612751/primary/L/logo.svg
1630556,Kessler Edwards,kessler-edwards,14,F,6-7,203,"AUG 09, 2000",21.0,R,Pepperdine,2021-22,1610612751,BKN,Brooklyn Nets,79.0,https://cdn.nba.com/headshots/nba/latest/1040x760/1630556.png,https://cdn.nba.com/logos/nba/1610612751/primary/L/logo.svg
201142,Kevin Durant,kevin-durant,7,F,6-10,240,"SEP 29, 1988",33.0,14,Texas,2021-22,1610612751,BKN,Brooklyn Nets,82.0,https://cdn.nba.com/headshots/nba/latest/1040x760/201142.png,https://cdn.nba.com/logos/nba/1610612751/primary/L/logo.svg
202681,Kyrie Irving,kyrie-irving,11,G,6-2,195,"MAR 23, 1992",30.0,10,Duke,2021-22,1610612751,BKN,Brooklyn Nets,74.0,https://cdn.nba.com/headshots/nba/latest/1040x760/202681.png,https://cdn.nba.com/logos/nba/1610612751/primary/L/logo.svg
200746,LaMarcus Aldridge,lamarcus-aldridge,21,C-F,6-11,250,"JUL 19, 1985",36.0,15,University of Texas at Austin,2021-22,1610612751,BKN,Brooklyn Nets,83.0,https://cdn.nba.com/headshots/nba/latest/1040x760/200746.png,https://cdn.nba.com/logos/nba/1610612751/primary/L/logo.svg
1629651,Nic Claxton,nic-claxton,33,F-C,6-11,215,"APR 17, 1999",23.0,2,Georgia,2021-22,1610612751,BKN,Brooklyn Nets,83.0,https://cdn.nba.com/headshots/nba/latest/1040x760/1629651.png,https://cdn.nba.com/logos/nba/1610612751/primary/L/logo.svg
201988,Patty Mills,patty-mills,8,G,6-0,180,"AUG 11, 1988",33.0,12,St. Mary's,2021-22,1610612751,BKN,Brooklyn Nets,72.0,https://cdn.nba.com/headshots/nba/latest/1040x760/201988.png,https://cdn.nba.com/logos/nba/1610612751/primary/L/logo.svg
203552,Seth Curry,seth-curry,30,G,6-2,185,"AUG 23, 1990",31.0,8,Duke,2021-22,1610612751,BKN,Brooklyn Nets,74.0,https://cdn.nba.com/headshots/nba/latest/1040x760/203552.png,https://cdn.nba.com/logos/nba/1610612751/primary/L/logo.svg
1630174,Aaron Nesmith,aaron-nesmith,26,G-F,6-5,215,"OCT 16, 1999",22.0,1,Vanderbilt,2021-22,1610612738,BOS,Boston Celtics,77.0,https://cdn.nba.com/headshots/nba/latest/1040x760/1630174.png,https://cdn.nba.com/logos/nba/1610612738/primary/L/logo.svg
201143,Al Horford,al-horford,42,C-F,6-9,240,"JUN 03, 1986",36.0,14,Florida,2021-22,1610612738,BOS,Boston Celtics,81.0,https://cdn.nba.com/headshots/nba/latest/1040x760/201143.png,https://cdn.nba.com/logos/nba/1610612738/primary/L/logo.svg
1630271,Brodric Thomas,brodric-thomas,97,G,6-5,185,"JAN 28, 1997",25.0,1,Truman State,2021-22,1610612738,BOS,Boston Celtics,77.0,https://cdn.nba.com/headshots/nba/latest/1040x760/1630271.png,https://cdn.nba.com/logos/nba/1610612738/primary/L/logo.svg
1628464,Daniel Theis,daniel-theis,27,F-C,6-9,245,"APR 04, 1992",30.0,4,Brose Bamberg,2021-22,1610612738,BOS,Boston Celtics,81.0,https://cdn.nba.com/headshots/nba/latest/1040x760/1628464.png,https://cdn.nba.com/logos/nba/1610612738/primary/L/logo.svg
1628401,Derrick White,derrick-white,9,G,6-4,190,"JUL 02, 1994",27.0,4,Colorado,2021-22,1610612738,BOS,Boston Celtics,76.0,https://cdn.nba.com/headshots/nba/latest/1040x760/1628401.png,https://cdn.nba.com/logos/nba/1610612738/primary/L/logo.svg
1629684,Grant Williams,grant-williams,12,F,6-6,236,"NOV 30, 1998",23.0,2,Tennessee,2021-22,1610612738,BOS,Boston Celtics,78.0,https://cdn.nba.com/headshots/nba/latest/1040x760/1629684.png,https://cdn.nba.com/logos/nba/1610612738/primary/L/logo.svg
1627759,Jaylen Brown,jaylen-brown,7,G-F,6-6,223,"OCT 24, 1996",25.0,5,California,2021-22,1610612738,BOS,Boston Celtics,78.0,https://cdn.nba.com/headshots/nba/latest/1040x760/1627759.png,https://cdn.nba.com/logos/nba/1610612738/primary/L/logo.svg
1628369,Jayson Tatum,jayson-tatum,0,F-G,6-8,210,"MAR 03, 1998",24.0,4,Duke,2021-22,1610612738,BOS,Boston Celtics,80.0,https://cdn.nba.com/headshots/nba/latest/1040x760/1628369.png,https://cdn.nba.com/logos/nba/1610612738/primary/L/logo.svg
1629752,Juwan Morgan,juwan-morgan,16,F,6-7,232,"APR 17, 1997",25.0,2,Indiana,2021-22,1610612738,BOS,Boston Celtics,79.0,https://cdn.nba.com/headshots/nba/latest/1040x760/1629752.png,https://cdn.nba.com/logos/nba/1610612738/primary/L/logo.svg
1628436,Luke Kornet,luke-kornet,40,C-F,7-2,250,"JUL 15, 1995",26.0,4,Vanderbilt,2021-22,1610612738,BOS,Boston Celtics,86.0,https://cdn.nba.com/headshots/nba/latest/1040x760/1628436.png,https://cdn.nba.com/logos/nba/1610612738/primary/L/logo.svg
1630238,Malik Fitts,malik-fitts,8,F,6-5,230,"JUL 04, 1997",24.0,1,St. Mary's College,2021-22,1610612738,BOS,Boston Celtics,77.0,https://cdn.nba.com/headshots/nba/latest/1040x760/1630238.png,https://cdn.nba.com/logos/nba/1610612738/primary/L/logo.svg
203935,Marcus Smart,marcus-smart,36,G,6-4,220,"MAR 06, 1994",28.0,7,Oklahoma State,2021-22,1610612738,BOS,Boston Celtics,76.0,https://cdn.nba.com/headshots/nba/latest/1040x760/203935.png,https://cdn.nba.com/logos/nba/1610612738/primary/L/logo.svg
1630346,Matt Ryan,matt-ryan,,F,6-7,215,"APR 17, 1997",25.0,R,Tennessee-Chattanooga,2021-22,1610612738,BOS,Boston Celtics,79.0,https://cdn.nba.com/headshots/nba/latest/1040x760/1630346.png,https://cdn.nba.com/logos/nba/1610612738/primary/L/logo.svg
203917,Nik Stauskas,nik-stauskas,13,G,6-6,207,"OCT 07, 1993",28.0,5,Michigan,2021-22,1610612738,BOS,Boston Celtics,78.0,https://cdn.nba.com/headshots/nba/latest/1040x760/203917.png,https://cdn.nba.com/logos/nba/1610612738/primary/L/logo.svg
1630202,Payton Pritchard,payton-pritchard,11,G,6-1,195,"JAN 28, 1998",24.0,1,Oregon,2021-22,1610612738,BOS,Boston Celtics,73.0,https://cdn.nba.com/headshots/nba/latest/1040x760/1630202.png,https://cdn.nba.com/logos/nba/1610612738/primary/L/logo.svg
1629057,Robert Williams III,robert-williams-iii,44,C-F,6-9,237,"OCT 17, 1997",24.0,3,Texas A&M,2021-22,1610612738,BOS,Boston Celtics,81.0,https://cdn.nba.com/headshots/nba/latest/1040x760/1629057.png,https://cdn.nba.com/logos/nba/1610612738/primary/L/logo.svg
1630573,Sam Hauser,sam-hauser,30,F,6-7,217,"DEC 08, 1997",24.0,R,Virginia,2021-22,1610612738,BOS,Boston Celtics,79.0,https://cdn.nba.com/headshots/nba/latest/1040x760/1630573.png,https://cdn.nba.com/logos/nba/1610612738/primary/L/logo.svg
1629083,Arnoldas Kulboka,arnoldas-kulboka,98,F,6-10,209,"JAN 04, 1998",24.0,R,Bilbao,2021-22,1610612766,CHA,Charlotte Hornets,82.0,https://cdn.nba.com/headshots/nba/latest/1040x760/1629083.png,https://cdn.nba.com/logos/nba/1610612766/primary/L/logo.svg
1628998,Cody Martin,cody-martin,11,F,6-6,205,"SEP 28, 1995",26.0,2,Nevada,2021-22,1610612766,CHA,Charlotte Hornets,78.0,https://cdn.nba.com/headshots/nba/latest/1040x760/1628998.png,https://cdn.nba.com/logos/nba/1610612766/primary/L/logo.svg
202330,Gordon Hayward,gordon-hayward,20,F,6-7,225,"MAR 23, 1990",32.0,11,Butler,2021-22,1610612766,CHA,Charlotte Hornets,79.0,https://cdn.nba.com/headshots/nba/latest/1040x760/202330.png,https://cdn.nba.com/logos/nba/1610612766/primary/L/logo.svg
202738,Isaiah Thomas,isaiah-thomas,4,G,5-9,185,"FEB 07, 1989",33.0,10,Washington,2021-22,1610612766,CHA,Charlotte Hornets,69.0,https://cdn.nba.com/headshots/nba/latest/1040x760/202738.png,https://cdn.nba.com/logos/nba/1610612766/primary/L/logo.svg
1630550,JT Thor,jt-thor,21,F,6-9,203,"AUG 26, 2002",19.0,R,Auburn,2021-22,1610612766,CHA,Charlotte Hornets,81.0,https://cdn.nba.com/headshots/nba/latest/1040x760/1630550.png,https://cdn.nba.com/logos/nba/1610612766/primary/L/logo.svg
1629667,Jalen McDaniels,jalen-mcdaniels,6,F-C,6-9,205,"JAN 31, 1998",24.0,2,San Diego State,2021-22,1610612766,CHA,Charlotte Hornets,81.0,https://cdn.nba.com/headshots/nba/latest/1040x760/1629667.png,https://cdn.nba.com/logos/nba/1610612766/primary/L/logo.svg
1630547,James Bouknight,james-bouknight,5,G,6-4,190,"SEP 18, 2000",21.0,R,Connecticut,2021-22,1610612766,CHA,Charlotte Hornets,76.0,https://cdn.nba.com/headshots/nba/latest/1040x760/1630547.png,https://cdn.nba.com/logos/nba/1610612766/primary/L/logo.svg
1630539,Kai Jones,kai-jones,23,C-F,6-10,221,"JAN 19, 2001",21.0,R,Texas,2021-22,1610612766,CHA,Charlotte Hornets,82.0,https://cdn.nba.com/headshots/nba/latest/1040x760/1630539.png,https://cdn.nba.com/logos/nba/1610612766/primary/L/logo.svg
1626162,Kelly Oubre Jr.,kelly-oubre-jr,12,F-G,6-6,203,"DEC 09, 1995",26.0,6,Kansas,2021-22,1610612766,CHA,Charlotte Hornets,78.0,https://cdn.nba.com/headshots/nba/latest/1040x760/1626162.png,https://cdn.nba.com/logos/nba/1610612766/primary/L/logo.svg
1630163,LaMelo Ball,lamelo-ball,2,G,6-7,180,"AUG 22, 2001",20.0,1,Illawarra,2021-22,1610612766,CHA,Charlotte Hornets,79.0,https://cdn.nba.com/headshots/nba/latest/1040x760/1630163.png,https://cdn.nba.com/logos/nba/1610612766/primary/L/logo.svg
203486,Mason Plumlee,mason-plumlee,24,F-C,6-11,254,"MAR 05, 1990",32.0,8,Duke,2021-22,1610612766,CHA,Charlotte Hornets,83.0,https://cdn.nba.com/headshots/nba/latest/1040x760/203486.png,https://cdn.nba.com/logos/nba/1610612766/primary/L/logo.svg
1628970,Miles Bridges,miles-bridges,0,F,6-7,225,"MAR 21, 1998",24.0,3,Michigan State,2021-22,1610612766,CHA,Charlotte Hornets,79.0,https://cdn.nba.com/headshots/nba/latest/1040x760/1628970.png,https://cdn.nba.com/logos/nba/1610612766/primary/L/logo.svg
1626149,Montrezl Harrell,montrezl-harrell,8,F-C,6-7,240,"JAN 26, 1994",28.0,6,Louisville,2021-22,1610612766,CHA,Charlotte Hornets,79.0,https://cdn.nba.com/headshots/nba/latest/1040x760/1626149.png,https://cdn.nba.com/logos/nba/1610612766/primary/L/logo.svg
1630208,Nick Richards,nick-richards,14,C,7-0,245,"NOV 29, 1997",24.0,1,Kentucky,2021-22,1610612766,CHA,Charlotte Hornets,84.0,https://cdn.nba.com/headshots/nba/latest/1040x760/1630208.png,https://cdn.nba.com/logos/nba/1610612766/primary/L/logo.svg
1629023,P.J. Washington,pj-washington,25,F,6-7,230,"AUG 23, 1998",23.0,2,Kentucky,2021-22,1610612766,CHA,Charlotte Hornets,79.0,https://cdn.nba.com/headshots/nba/latest/1040x760/1629023.png,https://cdn.nba.com/logos/nba/1610612766/primary/L/logo.svg
1630575,Scottie Lewis,scottie-lewis,16,G,6-5,185,"MAR 12, 2000",22.0,R,Florida,2021-22,1610612766,CHA,Charlotte Hornets,77.0,https://cdn.nba.com/headshots/nba/latest/1040x760/1630575.png,https://cdn.nba.com/logos/nba/1610612766/primary/L/logo.svg
1626179,Terry Rozier,terry-rozier,3,G,6-1,190,"MAR 17, 1994",28.0,6,Louisville,2021-22,1610612766,CHA,Charlotte Hornets,73.0,https://cdn.nba.com/headshots/nba/latest/1040x760/1626179.png,https://cdn.nba.com/logos/nba/1610612766/primary/L/logo.svg
1627936,Alex Caruso,alex-caruso,6,G,6-5,186,"FEB 28, 1994",28.0,4,Texas A&M,2021-22,1610612741,CHI,Chicago Bulls,77.0,https://cdn.nba.com/headshots/nba/latest/1040x760/1627936.png,https://cdn.nba.com/logos/nba/1610612741/primary/L/logo.svg
1630245,Ayo Dosunmu,ayo-dosunmu,12,G,6-4,200,"JAN 17, 2000",22.0,R,Illinois,2021-22,1610612741,CHI,Chicago Bulls,76.0,https://cdn.nba.com/headshots/nba/latest/1040x760/1630245.png,https://cdn.nba.com/logos/nba/1610612741/primary/L/logo.svg
1629632,Coby White,coby-white,0,G,6-4,195,"FEB 16, 2000",22.0,2,North Carolina,2021-22,1610612741,CHI,Chicago Bulls,76.0,https://cdn.nba.com/headshots/nba/latest/1040x760/1629632.png,https://cdn.nba.com/logos/nba/1610612741/primary/L/logo.svg
201942,DeMar DeRozan,demar-derozan,11,G-F,6-6,220,"AUG 07, 1989",32.0,12,Southern California,2021-22,1610612741,CHI,Chicago Bulls,78.0,https://cdn.nba.com/headshots/nba/latest/1040x760/201942.png,https://cdn.nba.com/logos/nba/1610612741/primary/L/logo.svg
1627884,Derrick Jones Jr.,derrick-jones-jr,5,F,6-6,210,"FEB 15, 1997",25.0,5,UNLV,2021-22,1610612741,CHI,Chicago Bulls,78.0,https://cdn.nba.com/headshots/nba/latest/1040x760/1627884.png,https://cdn.nba.com/logos/nba/1610612741/primary/L/logo.svg
1629750,Javonte Green,javonte-green,24,G-F,6-5,205,"JUL 23, 1993",28.0,2,Radford,2021-22,1610612741,CHI,Chicago Bulls,77.0,https://cdn.nba.com/headshots/nba/latest/1040x760/1629750.png,https://cdn.nba.com/logos/nba/1610612741/primary/L/logo.svg
1628366,Lonzo Ball,lonzo-ball,2,G,6-6,190,"OCT 27, 1997",24.0,4,UCLA,2021-22,1610612741,CHI,Chicago Bulls,78.0,https://cdn.nba.com/headshots/nba/latest/1040x760/1628366.png,https://cdn.nba.com/logos/nba/1610612741/primary/L/logo.svg
1630792,Malcolm Hill,malcolm-hill,14,F,6-6,220,"OCT 26, 1995",26.0,R,Illinois,2021-22,1610612741,CHI,Chicago Bulls,78.0,https://cdn.nba.com/headshots/nba/latest/1040x760/1630792.png,https://cdn.nba.com/logos/nba/1610612741/primary/L/logo.svg
1630250,Marko Simonovic,marko-simonovic,19,C,6-11,220,"OCT 15, 1999",22.0,R,Mega Basket,2021-22,1610612741,CHI,Chicago Bulls,83.0,https://cdn.nba.com/headshots/nba/latest/1040x760/1630250.png,https://cdn.nba.com/logos/nba/1610612741/primary/L/logo.svg
1629744,Matt Thomas,matt-thomas,21,G,6-3,190,"AUG 04, 1994",27.0,2,Iowa State,2021-22,1610612741,CHI,Chicago Bulls,75.0,https://cdn.nba.com/headshots/nba/latest/1040x760/1629744.png,https://cdn.nba.com/logos/nba/1610612741/primary/L/logo.svg
202696,Nikola Vučević,nikola-vučević,9,C,6-10,260,"OCT 24, 1990",31.0,10,Southern California,2021-22,1610612741,CHI,Chicago Bulls,82.0,https://cdn.nba.com/headshots/nba/latest/1040x760/202696.png,https://cdn.nba.com/logos/nba/1610612741/primary/L/logo.svg
1630172,Patrick Williams,patrick-williams,44,F,6-7,215,"AUG 26, 2001",20.0,1,Florida State,2021-22,1610612741,CHI,Chicago Bulls,79.0,https://cdn.nba.com/headshots/nba/latest/1040x760/1630172.png,https://cdn.nba.com/logos/nba/1610612741/primary/L/logo.svg
1628396,Tony Bradley,tony-bradley,13,C-F,6-10,248,"JAN 08, 1998",24.0,4,North Carolina,2021-22,1610612741,CHI,Chicago Bulls,82.0,https://cdn.nba.com/headshots/nba/latest/1040x760/1628396.png,https://cdn.nba.com/logos/nba/1610612741/primary/L/logo.svg
202684,Tristan Thompson,tristan-thompson,3,C-F,6-9,254,"MAR 13, 1991",31.0,10,Texas-Austin,2021-22,1610612741,CHI,Chicago Bulls,81.0,https://cdn.nba.com/headshots/nba/latest/1040x760/202684.png,https://cdn.nba.com/logos/nba/1610612741/primary/L/logo.svg
1628972,Troy Brown Jr.,troy-brown-jr,7,G-F,6-6,215,"JUL 28, 1999",22.0,3,Oregon,2021-22,1610612741,CHI,Chicago Bulls,78.0,https://cdn.nba.com/headshots/nba/latest/1040x760/1628972.png,https://cdn.nba.com/logos/nba/1610612741/primary/L/logo.svg
1629076,Tyler Cook,tyler-cook,25,F,6-8,255,"SEP 23, 1997",24.0,2,Iowa,2021-22,1610612741,CHI,Chicago Bulls,80.0,https://cdn.nba.com/headshots/nba/latest/1040x760/1629076.png,https://cdn.nba.com/logos/nba/1610612741/primary/L/logo.svg
203897,Zach LaVine,zach-lavine,8,G-F,6-5,200,"MAR 10, 1995",27.0,7,UCLA,2021-22,1610612741,CHI,Chicago Bulls,77.0,https://cdn.nba.com/headshots/nba/latest/1040x760/203897.png,https://cdn.nba.com/logos/nba/1610612741/primary/L/logo.svg
1629164,Brandon Goodwin,brandon-goodwin,00,G,6-0,180,"OCT 02, 1995",26.0,3,Florida Gulf Coast,2021-22,1610612739,CLE,Cleveland Cavaliers,72.0,https://cdn.nba.com/headshots/nba/latest/1040x760/1629164.png,https://cdn.nba.com/logos/nba/1610612739/primary/L/logo.svg
1627747,Caris LeVert,caris-levert,3,G,6-6,205,"AUG 25, 1994",27.0,5,Michigan,2021-22,1610612739,CLE,Cleveland Cavaliers,78.0,https://cdn.nba.com/headshots/nba/latest/1040x760/1627747.png,https://cdn.nba.com/logos/nba/1610612739/primary/L/logo.svg
1626224,Cedi Osman,cedi-osman,16,F,6-7,230,"APR 08, 1995",27.0,4,Anadolu Efes,2021-22,1610612739,CLE,Cleveland Cavaliers,79.0,https://cdn.nba.com/headshots/nba/latest/1040x760/1626224.png,https://cdn.nba.com/logos/nba/1610612739/primary/L/logo.svg
1629012,Collin Sexton,collin-sexton,2,G,6-1,190,"JAN 04, 1999",23.0,3,Alabama,2021-22,1610612739,CLE,Cleveland Cavaliers,73.0,https://cdn.nba.com/headshots/nba/latest/1040x760/1629012.png,https://cdn.nba.com/logos/nba/1610612739/primary/L/logo.svg
1629636,Darius Garland,darius-garland,10,G,6-1,192,"JAN 26, 2000",22.0,2,Vanderbilt,2021-22,1610612739,CLE,Cleveland Cavaliers,73.0,https://cdn.nba.com/headshots/nba/latest/1040x760/1629636.png,https://cdn.nba.com/logos/nba/1610612739/primary/L/logo.svg
1629731,Dean Wade,dean-wade,32,F-C,6-9,228,"NOV 20, 1996",25.0,2,Kansas State,2021-22,1610612739,CLE,Cleveland Cavaliers,81.0,https://cdn.nba.com/headshots/nba/latest/1040x760/1629731.png,https://cdn.nba.com/logos/nba/1610612739/primary/L/logo.svg
1629685,Dylan Windler,dylan-windler,9,G-F,6-6,196,"SEP 22, 1996",25.0,1,Belmont,2021-22,1610612739,CLE,Cleveland Cavaliers,78.0,https://cdn.nba.com/headshots/nba/latest/1040x760/1629685.png,https://cdn.nba.com/logos/nba/1610612739/primary/L/logo.svg
202334,Ed Davis,ed-davis,21,C-F,6-9,218,"JUN 05, 1989",33.0,11,North Carolina,2021-22,1610612739,CLE,Cleveland Cavaliers,81.0,https://cdn.nba.com/headshots/nba/latest/1040x760/202334.png,https://cdn.nba.com/logos/nba/1610612739/primary/L/logo.svg
1630596,Evan Mobley,evan-mobley,4,C,6-11,215,"JUN 18, 2001",21.0,R,Southern California,2021-22,1610612739,CLE,Cleveland Cavaliers,83.0,https://cdn.nba.com/headshots/nba/latest/1040x760/1630596.png,https://cdn.nba.com/logos/nba/1610612739/primary/L/logo.svg
1630171,Isaac Okoro,isaac-okoro,35,F-G,6-5,225,"JAN 26, 2001",21.0,1,Auburn,2021-22,1610612739,CLE,Cleveland Cavaliers,77.0,https://cdn.nba.com/headshots/nba/latest/1040x760/1630171.png,https://cdn.nba.com/logos/nba/1610612739/primary/L/logo.svg
1628386,Jarrett Allen,jarrett-allen,31,C,6-10,243,"APR 21, 1998",24.0,4,Texas,2021-22,1610612739,CLE,Cleveland Cavaliers,82.0,https://cdn.nba.com/headshots/nba/latest/1040x760/1628386.png,https://cdn.nba.com/logos/nba/1610612739/primary/L/logo.svg
201567,Kevin Love,kevin-love,0,F-C,6-8,251,"SEP 07, 1988",33.0,13,UCLA,2021-22,1610612739,CLE,Cleveland Cavaliers,80.0,https://cdn.nba.com/headshots/nba/latest/1040x760/201567.png,https://cdn.nba.com/logos/nba/1610612739/primary/L/logo.svg
1630205,Lamar Stevens,lamar-stevens,8,F,6-6,230,"JUL 09, 1997",24.0,1,Penn State,2021-22,1610612739,CLE,Cleveland Cavaliers,78.0,https://cdn.nba.com/headshots/nba/latest/1040x760/1630205.png,https://cdn.nba.com/logos/nba/1610612739/primary/L/logo.svg
1628374,Lauri Markkanen,lauri-markkanen,24,F-C,6-11,240,"MAY 22, 1997",25.0,4,Arizona,2021-22,1610612739,CLE,Cleveland Cavaliers,83.0,https://cdn.nba.com/headshots/nba/latest/1040x760/1628374.png,https://cdn.nba.com/logos/nba/1610612739/primary/L/logo.svg
1629650,Moses Brown,moses-brown,6,C,7-2,245,"OCT 13, 1999",22.0,2,UCLA,2021-22,1610612739,CLE,Cleveland Cavaliers,86.0,https://cdn.nba.com/headshots/nba/latest/1040x760/1629650.png,https://cdn.nba.com/logos/nba/1610612739/primary/L/logo.svg
200765,Rajon Rondo,rajon-rondo,1,G,6-1,180,"FEB 22, 1986",36.0,15,Kentucky,2021-22,1610612739,CLE,Cleveland Cavaliers,73.0,https://cdn.nba.com/headshots/nba/latest/1040x760/200765.png,https://cdn.nba.com/logos/nba/1610612739/primary/L/logo.svg
1630612,Ruben Nembhard Jr.,ruben-nembhard-jr,5,G,6-4,200,"MAR 22, 1999",23.0,R,Texas Christian,2021-22,1610612739,CLE,Cleveland Cavaliers,76.0,https://cdn.nba.com/headshots/nba/latest/1040x760/1630612.png,https://cdn.nba.com/logos/nba/1610612739/primary/L/logo.svg
1626246,Boban Marjanovic,boban-marjanovic,51,C,7-3,290,"AUG 15, 1988",33.0,6,Crvena zvezda,2021-22,1610612742,DAL,Dallas Mavericks,87.0,https://cdn.nba.com/headshots/nba/latest/1040x760/1626246.png,https://cdn.nba.com/logos/nba/1610612742/primary/L/logo.svg
202722,Davis Bertans,davis-bertans,44,F,6-10,225,"NOV 12, 1992",29.0,5,Baskonia,2021-22,1610612742,DAL,Dallas Mavericks,82.0,https://cdn.nba.com/headshots/nba/latest/1040x760/202722.png,https://cdn.nba.com/logos/nba/1610612742/primary/L/logo.svg
1627827,Dorian Finney-Smith,dorian-finney-smith,10,F,6-7,220,"MAY 04, 1993",29.0,5,Florida,2021-22,1610612742,DAL,Dallas Mavericks,79.0,https://cdn.nba.com/headshots/nba/latest/1040x760/1627827.png,https://cdn.nba.com/logos/nba/1610612742/primary/L/logo.svg
203939,Dwight Powell,dwight-powell,7,F-C,6-10,240,"JUL 20, 1991",30.0,7,Stanford,2021-22,1610612742,DAL,Dallas Mavericks,82.0,https://cdn.nba.com/headshots/nba/latest/1040x760/203939.png,https://cdn.nba.com/logos/nba/1610612742/primary/L/logo.svg
1628373,Frank Ntilikina,frank-ntilikina,21,G,6-4,200,"JUL 28, 1998",23.0,4,Strasbourg IG,2021-22,1610612742,DAL,Dallas Mavericks,76.0,https://cdn.nba.com/headshots/nba/latest/1040x760/1628373.png,https://cdn.nba.com/logos/nba/1610612742/primary/L/logo.svg
1628973,Jalen Brunson,jalen-brunson,13,G,6-1,190,"AUG 31, 1996",25.0,3,Villanova,2021-22,1610612742,DAL,Dallas Mavericks,73.0,https://cdn.nba.com/headshots/nba/latest/1040x760/1628973.png,https://cdn.nba.com/logos/nba/1610612742/primary/L/logo.svg
1630182,Josh Green,josh-green,8,G,6-5,200,"NOV 16, 2000",21.0,1,Arizona,2021-22,1610612742,DAL,Dallas Mavericks,77.0,https://cdn.nba.com/headshots/nba/latest/1040x760/1630182.png,https://cdn.nba.com/logos/nba/1610612742/primary/L/logo.svg
1629029,Luka Dončić,luka-dončić,77,F-G,6-7,230,"FEB 28, 1999",23.0,3,Real Madrid,2021-22,1610612742,DAL,Dallas Mavericks,79.0,https://cdn.nba.com/headshots/nba/latest/1040x760/1629029.png,https://cdn.nba.com/logos/nba/1610612742/primary/L/logo.svg
1627737,Marquese Chriss,marquese-chriss,35,F,6-9,240,"JUL 02, 1997",24.0,5,Washington,2021-22,1610612742,DAL,Dallas Mavericks,81.0,https://cdn.nba.com/headshots/nba/latest/1040x760/1627737.png,https://cdn.nba.com/logos/nba/1610612742/primary/L/logo.svg
1628467,Maxi Kleber,maxi-kleber,42,F,6-10,240,"JAN 29, 1992",30.0,4,Bayern Munich,2021-22,1610612742,DAL,Dallas Mavericks,82.0,https://cdn.nba.com/headshots/nba/latest/1040x760/1628467.png,https://cdn.nba.com/logos/nba/1610612742/primary/L/logo.svg
1630589,Moses Wright,moses-wright,5,F,6-8,226,"DEC 23, 1998",23.0,R,Georgia Tech,2021-22,1610612742,DAL,Dallas Mavericks,80.0,https://cdn.nba.com/headshots/nba/latest/1040x760/1630589.png,https://cdn.nba.com/logos/nba/1610612742/primary/L/logo.svg
203493,Reggie Bullock Jr.,reggie-bullock-jr,25,G-F,6-6,205,"MAR 16, 1991",31.0,8,North Carolina,2021-22,1610612742,DAL,Dallas Mavericks,78.0,https://cdn.nba.com/headshots/nba/latest/1040x760/203493.png,https://cdn.nba.com/logos/nba/1610612742/primary/L/logo.svg
203915,Spencer Dinwiddie,spencer-dinwiddie,26,G,6-6,215,"APR 06, 1993",29.0,7,Colorado,2021-22,1610612742,DAL,Dallas Mavericks,78.0,https://cdn.nba.com/headshots/nba/latest/1040x760/203915.png,https://cdn.nba.com/logos/nba/1610612742/primary/L/logo.svg
1628425,Sterling Brown,sterling-brown,0,G-F,6-5,219,"FEB 10, 1995",27.0,4,Southern Methodist,2021-22,1610612742,DAL,Dallas Mavericks,77.0,https://cdn.nba.com/headshots/nba/latest/1040x760/1628425.png,https://cdn.nba.com/logos/nba/1610612742/primary/L/logo.svg
1629033,Theo Pinson,theo-pinson,1,G-F,6-5,212,"NOV 05, 1995",26.0,3,North Carolina,2021-22,1610612742,DAL,Dallas Mavericks,77.0,https://cdn.nba.com/headshots/nba/latest/1040x760/1629033.png,https://cdn.nba.com/logos/nba/1610612742/primary/L/logo.svg
203501,Tim Hardaway Jr.,tim-hardaway-jr,11,G-F,6-5,205,"MAR 16, 1992",30.0,8,Michigan,2021-22,1610612742,DAL,Dallas Mavericks,77.0,https://cdn.nba.com/headshots/nba/latest/1040x760/203501.png,https://cdn.nba.com/logos/nba/1610612742/primary/L/logo.svg
203504,Trey Burke,trey-burke,3,G,6-0,185,"NOV 12, 1992",29.0,8,Michigan,2021-22,1610612742,DAL,Dallas Mavericks,72.0,https://cdn.nba.com/headshots/nba/latest/1040x760/203504.png,https://cdn.nba.com/logos/nba/1610612742/primary/L/logo.svg
203932,Aaron Gordon,aaron-gordon,50,F,6-8,235,"SEP 16, 1995",26.0,7,Arizona,2021-22,1610612743,DEN,Denver Nuggets,80.0,https://cdn.nba.com/headshots/nba/latest/1040x760/203932.png,https://cdn.nba.com/logos/nba/1610612743/primary/L/logo.svg
203085,Austin Rivers,austin-rivers,25,G,6-4,200,"AUG 01, 1992",29.0,9,Duke,2021-22,1610612743,DEN,Denver Nuggets,76.0,https://cdn.nba.com/headshots/nba/latest/1040x760/203085.png,https://cdn.nba.com/logos/nba/1610612743/primary/L/logo.svg
1630538,Bones Hyland,bones-hyland,3,G,6-2,169,"SEP 14, 2000",21.0,R,Virginia Commonwealth,2021-22,1610612743,DEN,Denver Nuggets,74.0,https://cdn.nba.com/headshots/nba/latest/1040x760/1630538.png,https://cdn.nba.com/logos/nba/1610612743/primary/L/logo.svg
1627854,Bryn Forbes,bryn-forbes,6,G,6-2,205,"JUL 23, 1993",28.0,5,Michigan State,2021-22,1610612743,DEN,Denver Nuggets,74.0,https://cdn.nba.com/headshots/nba/latest/1040x760/1627854.png,https://cdn.nba.com/logos/nba/1610612743/primary/L/logo.svg
1628432,Davon Reed,davon-reed,9,G,6-5,206,"JUN 11, 1995",27.0,2,Miami,2021-22,1610612743,DEN,Denver Nuggets,77.0,https://cdn.nba.com/headshots/nba/latest/1040x760/1628432.png,https://cdn.nba.com/logos/nba/1610612743/primary/L/logo.svg
202326,DeMarcus Cousins,demarcus-cousins,4,C,6-10,270,"AUG 13, 1990",31.0,10,Kentucky,2021-22,1610612743,DEN,Denver Nuggets,82.0,https://cdn.nba.com/headshots/nba/latest/1040x760/202326.png,https://cdn.nba.com/logos/nba/1610612743/primary/L/logo.svg
1630267,Facundo Campazzo,facundo-campazzo,7,G,5-10,195,"MAR 23, 1991",31.0,1,Murcia,2021-22,1610612743,DEN,Denver Nuggets,70.0,https://cdn.nba.com/headshots/nba/latest/1040x760/1630267.png,https://cdn.nba.com/logos/nba/1610612743/primary/L/logo.svg
203210,JaMychal Green,jamychal-green,,F-C,6-8,227,"JUN 21, 1990",32.0,7,Alabama,2021-22,1610612743,DEN,Denver Nuggets,80.0,https://cdn.nba.com/headshots/nba/latest/1040x760/203210.png,https://cdn.nba.com/logos/nba/1610612743/primary/L/logo.svg
1627750,Jamal Murray,jamal-murray,27,G,6-3,215,"FEB 23, 1997",25.0,5,Kentucky,2021-22,1610612743,DEN,Denver Nuggets,75.0,https://cdn.nba.com/headshots/nba/latest/1040x760/1627750.png,https://cdn.nba.com/logos/nba/1610612743/primary/L/logo.svg
201145,Jeff Green,jeff-green,32,F,6-8,235,"AUG 28, 1986",35.0,14,Georgetown,2021-22,1610612743,DEN,Denver Nuggets,80.0,https://cdn.nba.com/headshots/nba/latest/1040x760/201145.png,https://cdn.nba.com/logos/nba/1610612743/primary/L/logo.svg
1630210,Markus Howard,markus-howard,00,G,5-10,175,"MAR 03, 1999",23.0,1,Marquette,2021-22,1610612743,DEN,Denver Nuggets,70.0,https://cdn.nba.com/headshots/nba/latest/1040x760/1630210.png,https://cdn.nba.com/logos/nba/1610612743/primary/L/logo.svg
1629008,Michael Porter Jr.,michael-porter-jr,1,F,6-10,218,"JUN 29, 1998",24.0,2,Missouri,2021-22,1610612743,DEN,Denver Nuggets,82.0,https://cdn.nba.com/headshots/nba/latest/1040x760/1629008.png,https://cdn.nba.com/logos/nba/1610612743/primary/L/logo.svg
1628420,Monté Morris,monté-morris,11,G,6-2,183,"JUN 27, 1995",27.0,4,Iowa State,2021-22,1610612743,DEN,Denver Nuggets,74.0,https://cdn.nba.com/headshots/nba/latest/1040x760/1628420.png,https://cdn.nba.com/logos/nba/1610612743/primary/L/logo.svg
203999,Nikola Jokić,nikola-jokić,15,C,6-11,284,"FEB 19, 1995",27.0,6,Mega Basket,2021-22,1610612743,DEN,Denver Nuggets,83.0,https://cdn.nba.com/headshots/nba/latest/1040x760/203999.png,https://cdn.nba.com/logos/nba/1610612743/primary/L/logo.svg
1628427,Vlatko Čančar,vlatko-čančar,31,F,6-8,236,"APR 10, 1997",25.0,2,San Pablo Burgos,2021-22,1610612743,DEN,Denver Nuggets,80.0,https://cdn.nba.com/headshots/nba/latest/1040x760/1628427.png,https://cdn.nba.com/logos/nba/1610612743/primary/L/logo.svg
203115,Will Barton,will-barton,5,G,6-5,181,"JAN 06, 1991",31.0,9,Memphis,2021-22,1610612743,DEN,Denver Nuggets,77.0,https://cdn.nba.com/headshots/nba/latest/1040x760/203115.png,https://cdn.nba.com/logos/nba/1610612743/primary/L/logo.svg
1630192,Zeke Nnaji,zeke-nnaji,22,F-C,6-9,240,"JAN 09, 2001",21.0,1,Arizona,2021-22,1610612743,DEN,Denver Nuggets,81.0,https://cdn.nba.com/headshots/nba/latest/1040x760/1630192.png,https://cdn.nba.com/logos/nba/1610612743/primary/L/logo.svg
1630296,Braxton Key,braxton-key,17,F,6-8,225,"FEB 14, 1997",25.0,R,Virginia,2021-22,1610612765,DET,Detroit Pistons,80.0,https://cdn.nba.com/headshots/nba/latest/1040x760/1630296.png,https://cdn.nba.com/logos/nba/1610612765/primary/L/logo.svg
1630595,Cade Cunningham,cade-cunningham,2,G,6-6,220,"SEP 25, 2001",20.0,R,Oklahoma State,2021-22,1610612765,DET,Detroit Pistons,78.0,https://cdn.nba.com/headshots/nba/latest/1040x760/1630595.png,https://cdn.nba.com/logos/nba/1610612765/primary/L/logo.svg
1629035,Carsen Edwards,carsen-edwards,4,G,5-11,200,"MAR 12, 1998",24.0,2,Purdue,2021-22,1610612765,DET,Detroit Pistons,71.0,https://cdn.nba.com/headshots/nba/latest/1040x760/1629035.png,https://cdn.nba.com/logos/nba/1610612765/primary/L/logo.svg
202709,Cory Joseph,cory-joseph,18,G,6-3,200,"AUG 20, 1991",30.0,10,Texas,2021-22,1610612765,DET,Detroit Pistons,75.0,https://cdn.nba.com/headshots/nba/latest/1040x760/202709.png,https://cdn.nba.com/logos/nba/1610612765/primary/L/logo.svg
1628402,Frank Jackson,frank-jackson,5,G,6-3,205,"MAY 04, 1998",24.0,3,Duke,2021-22,1610612765,DET,Detroit Pistons,75.0,https://cdn.nba.com/headshots/nba/latest/1040x760/1628402.png,https://cdn.nba.com/logos/nba/1610612765/primary/L/logo.svg
1628977,Hamidou Diallo,hamidou-diallo,6,G,6-5,202,"JUL 31, 1998",23.0,3,Kentucky,2021-22,1610612765,DET,Detroit Pistons,77.0,https://cdn.nba.com/headshots/nba/latest/1040x760/1628977.png,https://cdn.nba.com/logos/nba/1610612765/primary/L/logo.svg
1630587,Isaiah Livers,isaiah-livers,12,F,6-6,232,"JUL 28, 1998",23.0,R,Michigan,2021-22,1610612765,DET,Detroit Pistons,78.0,https://cdn.nba.com/headshots/nba/latest/1040x760/1630587.png,https://cdn.nba.com/logos/nba/1610612765/primary/L/logo.svg
1630191,Isaiah Stewart,isaiah-stewart,28,F-C,6-8,250,"MAY 22, 2001",21.0,1,Washington,2021-22,1610612765,DET,Detroit Pistons,80.0,https://cdn.nba.com/headshots/nba/latest/1040x760/1630191.png,https://cdn.nba.com/logos/nba/1610612765/primary/L/logo.svg
1630691,Jamorko Pickett,jamorko-pickett,24,F,6-9,206,"DEC 24, 1997",24.0,R,Georgetown,2021-22,1610612765,DET,Detroit Pistons,81.0,https://cdn.nba.com/headshots/nba/latest/1040x760/1630691.png,https://cdn.nba.com/logos/nba/1610612765/primary/L/logo.svg
203924,Jerami Grant,jerami-grant,9,F,6-8,210,"MAR 12, 1994",28.0,7,Syracuse,2021-22,1610612765,DET,Detroit Pistons,80.0,https://cdn.nba.com/headshots/nba/latest/1040x760/203924.png,https://cdn.nba.com/logos/nba/1610612765/primary/L/logo.svg
203482,Kelly Olynyk,kelly-olynyk,13,F-C,6-11,240,"APR 19, 1991",31.0,8,Gonzaga,2021-22,1610612765,DET,Detroit Pistons,83.0,https://cdn.nba.com/headshots/nba/latest/1040x760/203482.png,https://cdn.nba.com/logos/nba/1610612765/primary/L/logo.svg
1630165,Killian Hayes,killian-hayes,7,G,6-5,195,"JUL 27, 2001",20.0,1,Ratiopharm Ulm,2021-22,1610612765,DET,Detroit Pistons,77.0,https://cdn.nba.com/headshots/nba/latest/1040x760/1630165.png,https://cdn.nba.com/logos/nba/1610612765/primary/L/logo.svg
1630568,Luka Garza,luka-garza,55,C,6-10,243,"DEC 27, 1998",23.0,R,Iowa,2021-22,1610612765,DET,Detroit Pistons,82.0,https://cdn.nba.com/headshots/nba/latest/1040x760/1630568.png,https://cdn.nba.com/logos/nba/1610612765/primary/L/logo.svg
1628963,Marvin Bagley III,marvin-bagley-iii,35,F,6-11,235,"MAR 14, 1999",23.0,3,Duke,2021-22,1610612765,DET,Detroit Pistons,83.0,https://cdn.nba.com/headshots/nba/latest/1040x760/1628963.png,https://cdn.nba.com/logos/nba/1610612765/primary/L/logo.svg
203585,Rodney McGruder,rodney-mcgruder,17,G,6-4,205,"JUL 29, 1991",30.0,5,Kansas State,2021-22,1610612765,DET,Detroit Pistons,76.0,https://cdn.nba.com/headshots/nba/latest/1040x760/203585.png,https://cdn.nba.com/logos/nba/1610612765/primary/L/logo.svg
1630240,Saben Lee,saben-lee,38,G,6-2,183,"JUN 23, 1999",23.0,1,Vanderbilt,2021-22,1610612765,DET,Detroit Pistons,74.0,https://cdn.nba.com/headshots/nba/latest/1040x760/1630240.png,https://cdn.nba.com/logos/nba/1610612765/primary/L/logo.svg
1630180,Saddiq Bey,saddiq-bey,41,F,6-7,215,"APR 09, 1999",23.0,1,Villanova,2021-22,1610612765,DET,Detroit Pistons,79.0,https://cdn.nba.com/headshots/nba/latest/1040x760/1630180.png,https://cdn.nba.com/logos/nba/1610612765/primary/L/logo.svg
2738,Andre Iguodala,andre-iguodala,9,G-F,6-6,215,"JAN 28, 1984",38.0,17,Arizona,2021-22,1610612744,GSW,Golden State Warriors,78.0,https://cdn.nba.com/headshots/nba/latest/1040x760/2738.png,https://cdn.nba.com/logos/nba/1610612744/primary/L/logo.svg
203952,Andrew Wiggins,andrew-wiggins,22,F,6-7,197,"FEB 23, 1995",27.0,7,Kansas,2021-22,1610612744,GSW,Golden State Warriors,79.0,https://cdn.nba.com/headshots/nba/latest/1040x760/203952.png,https://cdn.nba.com/logos/nba/1610612744/primary/L/logo.svg
1629185,Chris Chiozza,chris-chiozza,2,G,5-11,175,"NOV 21, 1995",26.0,3,Florida,2021-22,1610612744,GSW,Golden State Warriors,71.0,https://cdn.nba.com/headshots/nba/latest/1040x760/1629185.png,https://cdn.nba.com/logos/nba/1610612744/primary/L/logo.svg
1627814,Damion Lee,damion-lee,1,G-F,6-5,210,"OCT 21, 1992",29.0,4,Drexel,2021-22,1610612744,GSW,Golden State Warriors,77.0,https://cdn.nba.com/headshots/nba/latest/1040x760/1627814.png,https://cdn.nba.com/logos/nba/1610612744/primary/L/logo.svg
203110,Draymond Green,draymond-green,23,F,6-6,230,"MAR 04, 1990",32.0,9,Michigan State,2021-22,1610612744,GSW,Golden State Warriors,78.0,https://cdn.nba.com/headshots/nba/latest/1040x760/203110.png,https://cdn.nba.com/logos/nba/1610612744/primary/L/logo.svg
1627780,Gary Payton II,gary-payton-ii,0,G,6-3,195,"DEC 01, 1992",29.0,5,Oregon State,2021-22,1610612744,GSW,Golden State Warriors,75.0,https://cdn.nba.com/headshots/nba/latest/1040x760/1627780.png,https://cdn.nba.com/logos/nba/1610612744/primary/L/logo.svg
1630164,James Wiseman,james-wiseman,33,C,7-0,240,"MAR 31, 2001",21.0,1,Memphis,2021-22,1610612744,GSW,Golden State Warriors,84.0,https://cdn.nba.com/headshots/nba/latest/1040x760/1630164.png,https://cdn.nba.com/logos/nba/1610612744/primary/L/logo.svg
1630228,Jonathan Kuminga,jonathan-kuminga,00,F,6-7,225,"OCT 06, 2002",19.0,R,NBA G League Ignite,2021-22,1610612744,GSW,Golden State Warriors,79.0,https://cdn.nba.com/headshots/nba/latest/1040x760/1630228.png,https://cdn.nba.com/logos/nba/1610612744/primary/L/logo.svg
1629673,Jordan Poole,jordan-poole,3,G,6-4,194,"JUN 19, 1999",23.0,2,Michigan,2021-22,1610612744,GSW,Golden State Warriors,76.0,https://cdn.nba.com/headshots/nba/latest/1040x760/1629673.png,https://cdn.nba.com/logos/nba/1610612744/primary/L/logo.svg
1629308,Juan Toscano-Anderson,juan-toscano-anderson,95,F,6-6,209,"APR 10, 1993",29.0,2,Marquette,2021-22,1610612744,GSW,Golden State Warriors,78.0,https://cdn.nba.com/headshots/nba/latest/1040x760/1629308.png,https://cdn.nba.com/logos/nba/1610612744/primary/L/logo.svg
1626172,Kevon Looney,kevon-looney,5,F,6-9,222,"FEB 06, 1996",26.0,6,UCLA,2021-22,1610612744,GSW,Golden State Warriors,81.0,https://cdn.nba.com/headshots/nba/latest/1040x760/1626172.png,https://cdn.nba.com/logos/nba/1610612744/primary/L/logo.svg
202691,Klay Thompson,klay-thompson,11,G,6-6,220,"FEB 08, 1990",32.0,10,Washington State,2021-22,1610612744,GSW,Golden State Warriors,78.0,https://cdn.nba.com/headshots/nba/latest/1040x760/202691.png,https://cdn.nba.com/logos/nba/1610612744/primary/L/logo.svg
1630541,Moses Moody,moses-moody,4,G,6-5,211,"MAY 31, 2002",20.0,R,Arkansas,2021-22,1610612744,GSW,Golden State Warriors,77.0,https://cdn.nba.com/headshots/nba/latest/1040x760/1630541.png,https://cdn.nba.com/logos/nba/1610612744/primary/L/logo.svg
202357,Nemanja Bjelica,nemanja-bjelica,8,F,6-9,234,"MAY 09, 1988",34.0,6,Fenerbahce,2021-22,1610612744,GSW,Golden State Warriors,81.0,https://cdn.nba.com/headshots/nba/latest/1040x760/202357.png,https://cdn.nba.com/logos/nba/1610612744/primary/L/logo.svg
203490,Otto Porter Jr.,otto-porter-jr,32,F,6-8,198,"JUN 03, 1993",29.0,8,Georgetown,2021-22,1610612744,GSW,Golden State Warriors,80.0,https://cdn.nba.com/headshots/nba/latest/1040x760/203490.png,https://cdn.nba.com/logos/nba/1610612744/primary/L/logo.svg
1629683,Quinndary Weatherspoon,quinndary-weatherspoon,15,G,6-3,205,"SEP 10, 1996",25.0,2,Mississippi State,2021-22,1610612744,GSW,Golden State Warriors,75.0,https://cdn.nba.com/headshots/nba/latest/1040x760/1629683.png,https://cdn.nba.com/logos/nba/1610612744/primary/L/logo.svg
201939,Stephen Curry,stephen-curry,30,G,6-2,185,"MAR 14, 1988",34.0,12,Davidson,2021-22,1610612744,GSW,Golden State Warriors,74.0,https://cdn.nba.com/headshots/nba/latest/1040x760/201939.png,https://cdn.nba.com/logos/nba/1610612744/primary/L/logo.svg
1630578,Alperen Sengun,alperen-sengun,28,C,6-10,243,"JUL 25, 2002",19.0,R,Besiktas,2021-22,1610612745,HOU,Houston Rockets,82.0,https://cdn.nba.com/headshots/nba/latest/1040x760/1630578.png,https://cdn.nba.com/logos/nba/1610612745/primary/L/logo.svg
1630237,Anthony Lamb,anthony-lamb,33,F,6-6,227,"JAN 20, 1998",24.0,1,Vermont,2021-22,1610612745,HOU,Houston Rockets,78.0,https://cdn.nba.com/headshots/nba/latest/1040x760/1630237.png,https://cdn.nba.com/logos/nba/1610612745/primary/L/logo.svg
1628981,Bruno Fernando,bruno-fernando,20,F-C,6-9,240,"AUG 15, 1998",23.0,2,Maryland,2021-22,1610612745,HOU,Houston Rockets,81.0,https://cdn.nba.com/headshots/nba/latest/1040x760/1628981.png,https://cdn.nba.com/logos/nba/1610612745/primary/L/logo.svg
1626174,Christian Wood,christian-wood,35,F,6-9,214,"SEP 27, 1995",26.0,5,UNLV,2021-22,1610612745,HOU,Houston Rockets,81.0,https://cdn.nba.com/headshots/nba/latest/1040x760/1626174.png,https://cdn.nba.com/logos/nba/1610612745/primary/L/logo.svg
1630227,Daishen Nix,daishen-nix,15,G,6-4,226,"FEB 13, 2002",20.0,R,NBA G League Ignite,2021-22,1610612745,HOU,Houston Rockets,76.0,https://cdn.nba.com/headshots/nba/latest/1040x760/1630227.png,https://cdn.nba.com/logos/nba/1610612745/primary/L/logo.svg
1628021,David Nwaba,david-nwaba,2,G-F,6-5,219,"JAN 14, 1993",29.0,5,Cal Poly-Obispo,2021-22,1610612745,HOU,Houston Rockets,77.0,https://cdn.nba.com/headshots/nba/latest/1040x760/1628021.png,https://cdn.nba.com/logos/nba/1610612745/primary/L/logo.svg
203471,Dennis Schröder,dennis-schröder,17,G,6-1,172,"SEP 15, 1993",28.0,8,Braunschweig,2021-22,1610612745,HOU,Houston Rockets,73.0,https://cdn.nba.com/headshots/nba/latest/1040x760/203471.png,https://cdn.nba.com/logos/nba/1610612745/primary/L/logo.svg
201569,Eric Gordon,eric-gordon,10,G,6-3,215,"DEC 25, 1988",33.0,13,Indiana,2021-22,1610612745,HOU,Houston Rockets,75.0,https://cdn.nba.com/headshots/nba/latest/1040x760/201569.png,https://cdn.nba.com/logos/nba/1610612745/primary/L/logo.svg
1629726,Garrison Mathews,garrison-mathews,25,G,6-5,215,"OCT 24, 1996",25.0,2,Lipscomb,2021-22,1610612745,HOU,Houston Rockets,77.0,https://cdn.nba.com/headshots/nba/latest/1040x760/1629726.png,https://cdn.nba.com/logos/nba/1610612745/primary/L/logo.svg
1630256,Jae'Sean Tate,jaesean-tate,8,F,6-4,230,"OCT 28, 1995",26.0,1,Ohio State,2021-22,1610612745,HOU,Houston Rockets,76.0,https://cdn.nba.com/headshots/nba/latest/1040x760/1630256.png,https://cdn.nba.com/logos/nba/1610612745/primary/L/logo.svg
1630224,Jalen Green,jalen-green,0,G,6-4,186,"FEB 09, 2002",20.0,R,NBA G League Ignite,2021-22,1610612745,HOU,Houston Rockets,76.0,https://cdn.nba.com/headshots/nba/latest/1040x760/1630224.png,https://cdn.nba.com/logos/nba/1610612745/primary/L/logo.svg
202322,John Wall,john-wall,1,G,6-3,210,"SEP 06, 1990",31.0,10,Kentucky,2021-22,1610612745,HOU,Houston Rockets,75.0,https://cdn.nba.com/headshots/nba/latest/1040x760/202322.png,https://cdn.nba.com/logos/nba/1610612745/primary/L/logo.svg
1630528,Josh Christopher,josh-christopher,9,G,6-3,215,"DEC 08, 2001",20.0,R,Arizona State,2021-22,1610612745,HOU,Houston Rockets,75.0,https://cdn.nba.com/headshots/nba/latest/1040x760/1630528.png,https://cdn.nba.com/logos/nba/1610612745/primary/L/logo.svg
1630231,KJ Martin,kj-martin,6,F,6-5,215,"JAN 06, 2001",21.0,1,IMG Academy (FL),2021-22,1610612745,HOU,Houston Rockets,77.0,https://cdn.nba.com/headshots/nba/latest/1040x760/1630231.png,https://cdn.nba.com/logos/nba/1610612745/primary/L/logo.svg
1629645,Kevin Porter Jr.,kevin-porter-jr,3,G-F,6-4,203,"MAY 04, 2000",22.0,2,Southern California,2021-22,1610612745,HOU,Houston Rockets,76.0,https://cdn.nba.com/headshots/nba/latest/1040x760/1629645.png,https://cdn.nba.com/logos/nba/1610612745/primary/L/logo.svg
1630243,Trevelin Queen,trevelin-queen,21,G,6-6,190,"FEB 25, 1997",25.0,R,New Mexico State,2021-22,1610612745,HOU,Houston Rockets,78.0,https://cdn.nba.com/headshots/nba/latest/1040x760/1630243.png,https://cdn.nba.com/logos/nba/1610612745/primary/L/logo.svg
1630586,Usman Garuba,usman-garuba,16,F,6-8,229,"MAR 09, 2002",20.0,R,Real Madrid,2021-22,1610612745,HOU,Houston Rockets,80.0,https://cdn.nba.com/headshots/nba/latest/1040x760/1630586.png,https://cdn.nba.com/logos/nba/1610612745/primary/L/logo.svg
1627741,Buddy Hield,buddy-hield,24,G,6-4,220,"DEC 17, 1992",29.0,5,Oklahoma,2021-22,1610612754,IND,Indiana Pacers,76.0,https://cdn.nba.com/headshots/nba/latest/1040x760/1627741.png,https://cdn.nba.com/logos/nba/1610612754/primary/L/logo.svg
1630537,Chris Duarte,chris-duarte,3,G,6-5,190,"JUN 13, 1997",25.0,R,Oregon,2021-22,1610612754,IND,Indiana Pacers,77.0,https://cdn.nba.com/headshots/nba/latest/1040x760/1630537.png,https://cdn.nba.com/logos/nba/1610612754/primary/L/logo.svg
1630613,Duane Washington Jr.,duane-washington-jr,4,G,6-3,197,"MAR 24, 2000",22.0,R,Ohio State,2021-22,1610612754,IND,Indiana Pacers,75.0,https://cdn.nba.com/headshots/nba/latest/1040x760/1630613.png,https://cdn.nba.com/logos/nba/1610612754/primary/L/logo.svg
1628221,Gabe York,gabe-york,,G,6-3,190,"AUG 02, 1993",28.0,R,Arizona,2021-22,1610612754,IND,Indiana Pacers,75.0,https://cdn.nba.com/headshots/nba/latest/1040x760/1628221.png,https://cdn.nba.com/logos/nba/1610612754/primary/L/logo.svg
1629048,Goga Bitadze,goga-bitadze,88,C-F,7-0,250,"JUL 20, 1999",22.0,2,Mega Basket,2021-22,1610612754,IND,Indiana Pacers,84.0,https://cdn.nba.com/headshots/nba/latest/1040x760/1629048.png,https://cdn.nba.com/logos/nba/1610612754/primary/L/logo.svg
1630543,Isaiah Jackson,isaiah-jackson,23,F,6-10,205,"JAN 10, 2002",20.0,R,Kentucky,2021-22,1610612754,IND,Indiana Pacers,82.0,https://cdn.nba.com/headshots/nba/latest/1040x760/1630543.png,https://cdn.nba.com/logos/nba/1610612754/primary/L/logo.svg
1630188,Jalen Smith,jalen-smith,25,F-C,6-10,215,"MAR 16, 2000",22.0,1,Maryland,2021-22,1610612754,IND,Indiana Pacers,82.0,https://cdn.nba.com/headshots/nba/latest/1040x760/1630188.png,https://cdn.nba.com/logos/nba/1610612754/primary/L/logo.svg
202362,Lance Stephenson,lance-stephenson,6,F,6-5,210,"SEP 05, 1990",31.0,9,Cincinnati,2021-22,1610612754,IND,Indiana Pacers,77.0,https://cdn.nba.com/headshots/nba/latest/1040x760/202362.png,https://cdn.nba.com/logos/nba/1610612754/primary/L/logo.svg
1627763,Malcolm Brogdon,malcolm-brogdon,7,G,6-5,229,"DEC 11, 1992",29.0,5,Virginia,2021-22,1610612754,IND,Indiana Pacers,77.0,https://cdn.nba.com/headshots/nba/latest/1040x760/1627763.png,https://cdn.nba.com/logos/nba/1610612754/primary/L/logo.svg
1626167,Myles Turner,myles-turner,33,C-F,6-11,250,"MAR 24, 1996",26.0,6,Texas,2021-22,1610612754,IND,Indiana Pacers,83.0,https://cdn.nba.com/headshots/nba/latest/1040x760/1626167.png,https://cdn.nba.com/logos/nba/1610612754/primary/L/logo.svg
1630207,Nate Hinton,nate-hinton,14,G-F,6-5,210,"JUN 08, 1999",23.0,1,Houston,2021-22,1610612754,IND,Indiana Pacers,77.0,https://cdn.nba.com/headshots/nba/latest/1040x760/1630207.png,https://cdn.nba.com/logos/nba/1610612754/primary/L/logo.svg
1629052,Oshae Brissett,oshae-brissett,12,F-G,6-7,210,"JUN 20, 1998",24.0,2,Syracuse,2021-22,1610612754,IND,Indiana Pacers,79.0,https://cdn.nba.com/headshots/nba/latest/1040x760/1629052.png,https://cdn.nba.com/logos/nba/1610612754/primary/L/logo.svg
201937,Ricky Rubio,ricky-rubio,99,G,6-2,190,"OCT 21, 1990",31.0,10,FC Barcelona,2021-22,1610612754,IND,Indiana Pacers,74.0,https://cdn.nba.com/headshots/nba/latest/1040x760/201937.png,https://cdn.nba.com/logos/nba/1610612754/primary/L/logo.svg
204456,T.J. McConnell,tj-mcconnell,9,G,6-1,190,"MAR 25, 1992",30.0,6,Arizona,2021-22,1610612754,IND,Indiana Pacers,73.0,https://cdn.nba.com/headshots/nba/latest/1040x760/204456.png,https://cdn.nba.com/logos/nba/1610612754/primary/L/logo.svg
203933,T.J. Warren,tj-warren,1,F,6-8,220,"SEP 05, 1993",28.0,7,North Carolina State,2021-22,1610612754,IND,Indiana Pacers,80.0,https://cdn.nba.com/headshots/nba/latest/1040x760/203933.png,https://cdn.nba.com/logos/nba/1610612754/primary/L/logo.svg
1630678,Terry Taylor,terry-taylor,32,F,6-5,230,"SEP 23, 1999",22.0,R,Austin Peay,2021-22,1610612754,IND,Indiana Pacers,77.0,https://cdn.nba.com/headshots/nba/latest/1040x760/1630678.png,https://cdn.nba.com/logos/nba/1610612754/primary/L/logo.svg
1630169,Tyrese Haliburton,tyrese-haliburton,0,G,6-5,185,"FEB 29, 2000",22.0,1,Iowa State,2021-22,1610612754,IND,Indiana Pacers,77.0,https://cdn.nba.com/headshots/nba/latest/1040x760/1630169.png,https://cdn.nba.com/logos/nba/1610612754/primary/L/logo.svg
1629599,Amir Coffey,amir-coffey,7,G-F,6-7,210,"JUN 17, 1997",25.0,2,Minnesota,2021-22,1610612746,LAC,Los Angeles Clippers,79.0,https://cdn.nba.com/headshots/nba/latest/1040x760/1629599.png,https://cdn.nba.com/logos/nba/1610612746/primary/L/logo.svg
1630527,Brandon Boston,brandon-boston,4,G,6-6,188,"NOV 28, 2001",20.0,R,Kentucky,2021-22,1610612746,LAC,Los Angeles Clippers,78.0,https://cdn.nba.com/headshots/nba/latest/1040x760/1630527.png,https://cdn.nba.com/logos/nba/1610612746/primary/L/logo.svg
1628392,Isaiah Hartenstein,isaiah-hartenstein,55,C-F,7-0,250,"MAY 05, 1998",24.0,3,Zalgiris,2021-22,1610612746,LAC,Los Angeles Clippers,84.0,https://cdn.nba.com/headshots/nba/latest/1040x760/1628392.png,https://cdn.nba.com/logos/nba/1610612746/primary/L/logo.svg
1627826,Ivica Zubac,ivica-zubac,40,C,7-0,240,"MAR 18, 1997",25.0,5,Mega Basket,2021-22,1610612746,LAC,Los Angeles Clippers,84.0,https://cdn.nba.com/headshots/nba/latest/1040x760/1627826.png,https://cdn.nba.com/logos/nba/1610612746/primary/L/logo.svg
1630554,Jason Preston,jason-preston,17,G,6-3,181,"AUG 10, 1999",22.0,R,Ohio,2021-22,1610612746,LAC,Los Angeles Clippers,75.0,https://cdn.nba.com/headshots/nba/latest/1040x760/1630554.png,https://cdn.nba.com/logos/nba/1610612746/primary/L/logo.svg
1630206,Jay Scrubb,jay-scrubb,0,G,6-5,220,"SEP 01, 2000",21.0,1,John A. Logan,2021-22,1610612746,LAC,Los Angeles Clippers,77.0,https://cdn.nba.com/headshots/nba/latest/1040x760/1630206.png,https://cdn.nba.com/logos/nba/1610612746/primary/L/logo.svg
202695,Kawhi Leonard,kawhi-leonard,2,F,6-7,225,"JUN 29, 1991",31.0,10,San Diego State,2021-22,1610612746,LAC,Los Angeles Clippers,79.0,https://cdn.nba.com/headshots/nba/latest/1040x760/202695.png,https://cdn.nba.com/logos/nba/1610612746/primary/L/logo.svg
1628379,Luke Kennard,luke-kennard,5,G,6-5,206,"JUN 24, 1996",26.0,4,Duke,2021-22,1610612746,LAC,Los Angeles Clippers,77.0,https://cdn.nba.com/headshots/nba/latest/1040x760/1628379.png,https://cdn.nba.com/logos/nba/1610612746/primary/L/logo.svg
202694,Marcus Morris Sr.,marcus-morris-sr,8,F,6-8,218,"SEP 02, 1989",32.0,10,Kansas,2021-22,1610612746,LAC,Los Angeles Clippers,80.0,https://cdn.nba.com/headshots/nba/latest/1040x760/202694.png,https://cdn.nba.com/logos/nba/1610612746/primary/L/logo.svg
201587,Nicolas Batum,nicolas-batum,33,G-F,6-8,230,"DEC 14, 1988",33.0,13,Le Mans,2021-22,1610612746,LAC,Los Angeles Clippers,80.0,https://cdn.nba.com/headshots/nba/latest/1040x760/201587.png,https://cdn.nba.com/logos/nba/1610612746/primary/L/logo.svg
1626181,Norman Powell,norman-powell,24,G,6-3,215,"MAY 25, 1993",29.0,6,UCLA,2021-22,1610612746,LAC,Los Angeles Clippers,75.0,https://cdn.nba.com/headshots/nba/latest/1040x760/1626181.png,https://cdn.nba.com/logos/nba/1610612746/primary/L/logo.svg
202331,Paul George,paul-george,13,F,6-8,220,"MAY 02, 1990",32.0,11,Fresno State,2021-22,1610612746,LAC,Los Angeles Clippers,80.0,https://cdn.nba.com/headshots/nba/latest/1040x760/202331.png,https://cdn.nba.com/logos/nba/1610612746/primary/L/logo.svg
202704,Reggie Jackson,reggie-jackson,1,G,6-2,208,"APR 16, 1990",32.0,10,Boston College,2021-22,1610612746,LAC,Los Angeles Clippers,74.0,https://cdn.nba.com/headshots/nba/latest/1040x760/202704.png,https://cdn.nba.com/logos/nba/1610612746/primary/L/logo.svg
203496,Robert Covington,robert-covington,23,F,6-7,209,"DEC 14, 1990",31.0,8,Tennessee State,2021-22,1610612746,LAC,Los Angeles Clippers,79.0,https://cdn.nba.com/headshots/nba/latest/1040x760/203496.png,https://cdn.nba.com/logos/nba/1610612746/primary/L/logo.svg
203918,Rodney Hood,rodney-hood,22,G-F,6-8,208,"OCT 20, 1992",29.0,7,Duke,2021-22,1610612746,LAC,Los Angeles Clippers,80.0,https://cdn.nba.com/headshots/nba/latest/1040x760/203918.png,https://cdn.nba.com/logos/nba/1610612746/primary/L/logo.svg
1629611,Terance Mann,terance-mann,14,G-F,6-5,215,"OCT 18, 1996",25.0,2,Florida State,2021-22,1610612746,LAC,Los Angeles Clippers,77.0,https://cdn.nba.com/headshots/nba/latest/1040x760/1629611.png,https://cdn.nba.com/logos/nba/1610612746/primary/L/logo.svg
1629875,Xavier Moon,xavier-moon,15,G,6-2,165,"JAN 02, 1995",27.0,R,Morehead State,2021-22,1610612746,LAC,Los Angeles Clippers,74.0,https://cdn.nba.com/headshots/nba/latest/1040x760/1629875.png,https://cdn.nba.com/logos/nba/1610612746/primary/L/logo.svg
203076,Anthony Davis,anthony-davis,3,F-C,6-10,253,"MAR 11, 1993",29.0,9,Kentucky,2021-22,1610612747,LAL,Los Angeles Lakers,82.0,https://cdn.nba.com/headshots/nba/latest/1040x760/203076.png,https://cdn.nba.com/logos/nba/1610612747/primary/L/logo.svg
1630559,Austin Reaves,austin-reaves,15,G,6-5,197,"MAY 29, 1998",24.0,R,Oklahoma,2021-22,1610612747,LAL,Los Angeles Lakers,77.0,https://cdn.nba.com/headshots/nba/latest/1040x760/1630559.png,https://cdn.nba.com/logos/nba/1610612747/primary/L/logo.svg
202340,Avery Bradley,avery-bradley,20,G,6-3,180,"NOV 26, 1990",31.0,11,University of Texas at Austin,2021-22,1610612747,LAL,Los Angeles Lakers,75.0,https://cdn.nba.com/headshots/nba/latest/1040x760/202340.png,https://cdn.nba.com/logos/nba/1610612747/primary/L/logo.svg
2546,Carmelo Anthony,carmelo-anthony,7,F,6-7,238,"MAY 29, 1984",38.0,18,Syracuse,2021-22,1610612747,LAL,Los Angeles Lakers,79.0,https://cdn.nba.com/headshots/nba/latest/1040x760/2546.png,https://cdn.nba.com/logos/nba/1610612747/primary/L/logo.svg
201571,D.J. Augustin,dj-augustin,4,G,5-11,183,"NOV 10, 1987",34.0,13,Texas,2021-22,1610612747,LAL,Los Angeles Lakers,71.0,https://cdn.nba.com/headshots/nba/latest/1040x760/201571.png,https://cdn.nba.com/logos/nba/1610612747/primary/L/logo.svg
2730,Dwight Howard,dwight-howard,39,C-F,6-10,265,"DEC 08, 1985",36.0,17,SW Atlanta Christian Academy (GA),2021-22,1610612747,LAL,Los Angeles Lakers,82.0,https://cdn.nba.com/headshots/nba/latest/1040x760/2730.png,https://cdn.nba.com/logos/nba/1610612747/primary/L/logo.svg
1629134,Kendrick Nunn,kendrick-nunn,12,G,6-2,190,"AUG 03, 1995",26.0,2,Oakland,2021-22,1610612747,LAL,Los Angeles Lakers,74.0,https://cdn.nba.com/headshots/nba/latest/1040x760/1629134.png,https://cdn.nba.com/logos/nba/1610612747/primary/L/logo.svg
203145,Kent Bazemore,kent-bazemore,9,G-F,6-4,195,"JUL 01, 1989",32.0,9,Old Dominion,2021-22,1610612747,LAL,Los Angeles Lakers,76.0,https://cdn.nba.com/headshots/nba/latest/1040x760/203145.png,https://cdn.nba.com/logos/nba/1610612747/primary/L/logo.svg
2544,LeBron James,lebron-james,6,F,6-9,250,"DEC 30, 1984",37.0,18,St. Vincent-St. Mary HS (OH),2021-22,1610612747,LAL,Los Angeles Lakers,81.0,https://cdn.nba.com/headshots/nba/latest/1040x760/2544.png,https://cdn.nba.com/logos/nba/1610612747/primary/L/logo.svg
1630644,Mac McClung,mac-mcclung,37,G,6-2,185,"JAN 06, 1999",23.0,R,Texas Tech,2021-22,1610612747,LAL,Los Angeles Lakers,74.0,https://cdn.nba.com/headshots/nba/latest/1040x760/1630644.png,https://cdn.nba.com/logos/nba/1610612747/primary/L/logo.svg
1628370,Malik Monk,malik-monk,11,G,6-3,200,"FEB 04, 1998",24.0,4,Kentucky,2021-22,1610612747,LAL,Los Angeles Lakers,75.0,https://cdn.nba.com/headshots/nba/latest/1040x760/1628370.png,https://cdn.nba.com/logos/nba/1610612747/primary/L/logo.svg
1630222,Mason Jones,mason-jones,40,G,6-4,200,"JUL 21, 1998",23.0,1,Arkansas,2021-22,1610612747,LAL,Los Angeles Lakers,76.0,https://cdn.nba.com/headshots/nba/latest/1040x760/1630222.png,https://cdn.nba.com/logos/nba/1610612747/primary/L/logo.svg
201566,Russell Westbrook,russell-westbrook,0,G,6-3,200,"NOV 12, 1988",33.0,13,UCLA,2021-22,1610612747,LAL,Los Angeles Lakers,75.0,https://cdn.nba.com/headshots/nba/latest/1040x760/201566.png,https://cdn.nba.com/logos/nba/1610612747/primary/L/logo.svg
1626169,Stanley Johnson,stanley-johnson,14,F-G,6-6,242,"MAY 29, 1996",26.0,6,Arizona,2021-22,1610612747,LAL,Los Angeles Lakers,78.0,https://cdn.nba.com/headshots/nba/latest/1040x760/1626169.png,https://cdn.nba.com/logos/nba/1610612747/primary/L/logo.svg
1629659,Talen Horton-Tucker,talen-horton-tucker,5,G,6-4,234,"NOV 25, 2000",21.0,2,Iowa State,2021-22,1610612747,LAL,Los Angeles Lakers,76.0,https://cdn.nba.com/headshots/nba/latest/1040x760/1629659.png,https://cdn.nba.com/logos/nba/1610612747/primary/L/logo.svg
201961,Wayne Ellington,wayne-ellington,2,G,6-4,207,"NOV 29, 1987",34.0,12,North Carolina,2021-22,1610612747,LAL,Los Angeles Lakers,76.0,https://cdn.nba.com/headshots/nba/latest/1040x760/201961.png,https://cdn.nba.com/logos/nba/1610612747/primary/L/logo.svg
1629117,Wenyen Gabriel,wenyen-gabriel,35,F,6-9,205,"MAR 26, 1997",25.0,2,Kentucky,2021-22,1610612747,LAL,Los Angeles Lakers,81.0,https://cdn.nba.com/headshots/nba/latest/1040x760/1629117.png,https://cdn.nba.com/logos/nba/1610612747/primary/L/logo.svg
1629634,Brandon Clarke,brandon-clarke,15,F,6-8,215,"SEP 19, 1996",25.0,2,Gonzaga,2021-22,1610612763,MEM,Memphis Grizzlies,80.0,https://cdn.nba.com/headshots/nba/latest/1040x760/1629634.png,https://cdn.nba.com/logos/nba/1610612763/primary/L/logo.svg
1629001,De'Anthony Melton,deanthony-melton,0,G,6-2,200,"MAY 28, 1998",24.0,3,Southern California,2021-22,1610612763,MEM,Memphis Grizzlies,74.0,https://cdn.nba.com/headshots/nba/latest/1040x760/1629001.png,https://cdn.nba.com/logos/nba/1610612763/primary/L/logo.svg
1630217,Desmond Bane,desmond-bane,22,G,6-5,215,"JUN 25, 1998",24.0,1,TCU,2021-22,1610612763,MEM,Memphis Grizzlies,77.0,https://cdn.nba.com/headshots/nba/latest/1040x760/1630217.png,https://cdn.nba.com/logos/nba/1610612763/primary/L/logo.svg
1628415,Dillon Brooks,dillon-brooks,24,G-F,6-7,225,"JAN 22, 1996",26.0,4,Oregon,2021-22,1610612763,MEM,Memphis Grizzlies,79.0,https://cdn.nba.com/headshots/nba/latest/1040x760/1628415.png,https://cdn.nba.com/logos/nba/1610612763/primary/L/logo.svg
1629630,Ja Morant,ja-morant,12,G,6-3,174,"AUG 10, 1999",22.0,2,Murray State,2021-22,1610612763,MEM,Memphis Grizzlies,75.0,https://cdn.nba.com/headshots/nba/latest/1040x760/1629630.png,https://cdn.nba.com/logos/nba/1610612763/primary/L/logo.svg
1628991,Jaren Jackson Jr.,jaren-jackson-jr,13,F-C,6-11,242,"SEP 15, 1999",22.0,3,Michigan State,2021-22,1610612763,MEM,Memphis Grizzlies,83.0,https://cdn.nba.com/headshots/nba/latest/1040x760/1628991.png,https://cdn.nba.com/logos/nba/1610612763/primary/L/logo.svg
1629633,Jarrett Culver,jarrett-culver,23,G-F,6-6,195,"FEB 20, 1999",23.0,2,Texas Tech,2021-22,1610612763,MEM,Memphis Grizzlies,78.0,https://cdn.nba.com/headshots/nba/latest/1040x760/1629633.png,https://cdn.nba.com/logos/nba/1610612763/primary/L/logo.svg
1629723,John Konchar,john-konchar,46,G,6-5,210,"MAR 22, 1996",26.0,2,Indiana-Purdue Fort Wayne,2021-22,1610612763,MEM,Memphis Grizzlies,77.0,https://cdn.nba.com/headshots/nba/latest/1040x760/1629723.png,https://cdn.nba.com/logos/nba/1610612763/primary/L/logo.svg
1629681,Killian Tillie,killian-tillie,35,F-C,6-9,220,"MAR 05, 1998",24.0,1,Gonzaga,2021-22,1610612763,MEM,Memphis Grizzlies,81.0,https://cdn.nba.com/headshots/nba/latest/1040x760/1629681.png,https://cdn.nba.com/logos/nba/1610612763/primary/L/logo.svg
203937,Kyle Anderson,kyle-anderson,1,F-G,6-9,230,"SEP 20, 1993",28.0,7,UCLA,2021-22,1610612763,MEM,Memphis Grizzlies,81.0,https://cdn.nba.com/headshots/nba/latest/1040x760/203937.png,https://cdn.nba.com/logos/nba/1610612763/primary/L/logo.svg
1630583,Santi Aldama,santi-aldama,7,F-C,6-11,215,"JAN 10, 2001",21.0,R,Loyola-Maryland,2021-22,1610612763,MEM,Memphis Grizzlies,83.0,https://cdn.nba.com/headshots/nba/latest/1040x760/1630583.png,https://cdn.nba.com/logos/nba/1610612763/primary/L/logo.svg
203500,Steven Adams,steven-adams,4,C,6-11,265,"JUL 20, 1993",28.0,8,Pittsburgh,2021-22,1610612763,MEM,Memphis Grizzlies,83.0,https://cdn.nba.com/headshots/nba/latest/1040x760/203500.png,https://cdn.nba.com/logos/nba/1610612763/primary/L/logo.svg
1630179,Tyrell Terry,tyrell-terry,3,G,6-2,160,"SEP 28, 2000",21.0,1,Stanford,2021-22,1610612763,MEM,Memphis Grizzlies,74.0,https://cdn.nba.com/headshots/nba/latest/1040x760/1630179.png,https://cdn.nba.com/logos/nba/1610612763/primary/L/logo.svg
1626145,Tyus Jones,tyus-jones,21,G,6-0,196,"MAY 10, 1996",26.0,6,Duke,2021-22,1610612763,MEM,Memphis Grizzlies,72.0,https://cdn.nba.com/headshots/nba/latest/1040x760/1626145.png,https://cdn.nba.com/logos/nba/1610612763/primary/L/logo.svg
1630214,Xavier Tillman,xavier-tillman,2,F,6-8,245,"JAN 12, 1999",23.0,1,Michigan State,2021-22,1610612763,MEM,Memphis Grizzlies,80.0,https://cdn.nba.com/headshots/nba/latest/1040x760/1630214.png,https://cdn.nba.com/logos/nba/1610612763/primary/L/logo.svg
1630582,Yves Pons,yves-pons,5,F,6-5,206,"MAY 07, 1999",23.0,R,Tennessee,2021-22,1610612763,MEM,Memphis Grizzlies,77.0,https://cdn.nba.com/headshots/nba/latest/1040x760/1630582.png,https://cdn.nba.com/logos/nba/1610612763/primary/L/logo.svg
1630533,Ziaire Williams,ziaire-williams,8,F,6-9,185,"SEP 12, 2001",20.0,R,Stanford,2021-22,1610612763,MEM,Memphis Grizzlies,81.0,https://cdn.nba.com/headshots/nba/latest/1040x760/1630533.png,https://cdn.nba.com/logos/nba/1610612763/primary/L/logo.svg
1628389,Bam Adebayo,bam-adebayo,13,C-F,6-9,255,"JUL 18, 1997",24.0,4,Kentucky,2021-22,1610612748,MIA,Miami Heat,81.0,https://cdn.nba.com/headshots/nba/latest/1040x760/1628389.png,https://cdn.nba.com/logos/nba/1610612748/primary/L/logo.svg
1628997,Caleb Martin,caleb-martin,16,F,6-5,205,"SEP 28, 1995",26.0,2,Nevada,2021-22,1610612748,MIA,Miami Heat,77.0,https://cdn.nba.com/headshots/nba/latest/1040x760/1628997.png,https://cdn.nba.com/logos/nba/1610612748/primary/L/logo.svg
203473,Dewayne Dedmon,dewayne-dedmon,21,C,7-0,245,"AUG 12, 1989",32.0,8,USC,2021-22,1610612748,MIA,Miami Heat,84.0,https://cdn.nba.com/headshots/nba/latest/1040x760/203473.png,https://cdn.nba.com/logos/nba/1610612748/primary/L/logo.svg
1629130,Duncan Robinson,duncan-robinson,55,F,6-7,215,"APR 22, 1994",28.0,3,Michigan,2021-22,1610612748,MIA,Miami Heat,79.0,https://cdn.nba.com/headshots/nba/latest/1040x760/1629130.png,https://cdn.nba.com/logos/nba/1610612748/primary/L/logo.svg
1629216,Gabe Vincent,gabe-vincent,2,G,6-3,200,"JUN 14, 1996",26.0,2,California-Santa Barbara,2021-22,1610612748,MIA,Miami Heat,75.0,https://cdn.nba.com/headshots/nba/latest/1040x760/1629216.png,https://cdn.nba.com/logos/nba/1610612748/primary/L/logo.svg
1629312,Haywood Highsmith,haywood-highsmith,24,F,6-4,220,"DEC 09, 1996",25.0,1,Wheeling Jesuit,2021-22,1610612748,MIA,Miami Heat,76.0,https://cdn.nba.com/headshots/nba/latest/1040x760/1629312.png,https://cdn.nba.com/logos/nba/1610612748/primary/L/logo.svg
1630606,Javonte Smart,javonte-smart,15,G,6-4,205,"JUN 03, 1999",23.0,R,Louisiana State,2021-22,1610612748,MIA,Miami Heat,76.0,https://cdn.nba.com/headshots/nba/latest/1040x760/1630606.png,https://cdn.nba.com/logos/nba/1610612748/primary/L/logo.svg
202710,Jimmy Butler III,jimmy-butler-iii,22,F,6-7,230,"SEP 14, 1989",32.0,10,Marquette,2021-22,1610612748,MIA,Miami Heat,79.0,https://cdn.nba.com/headshots/nba/latest/1040x760/202710.png,https://cdn.nba.com/logos/nba/1610612748/primary/L/logo.svg
200768,Kyle Lowry,kyle-lowry,7,G,6-0,196,"MAR 25, 1986",36.0,15,Villanova,2021-22,1610612748,MIA,Miami Heat,72.0,https://cdn.nba.com/headshots/nba/latest/1040x760/200768.png,https://cdn.nba.com/logos/nba/1610612748/primary/L/logo.svg
202693,Markieff Morris,markieff-morris,8,F,6-9,245,"SEP 02, 1989",32.0,10,Kansas,2021-22,1610612748,MIA,Miami Heat,81.0,https://cdn.nba.com/headshots/nba/latest/1040x760/202693.png,https://cdn.nba.com/logos/nba/1610612748/primary/L/logo.svg
1629622,Max Strus,max-strus,31,G-F,6-5,215,"MAR 28, 1996",26.0,2,DePaul,2021-22,1610612748,MIA,Miami Heat,77.0,https://cdn.nba.com/headshots/nba/latest/1040x760/1629622.png,https://cdn.nba.com/logos/nba/1610612748/primary/L/logo.svg
1628539,Mychal Mulder,mychal-mulder,12,G,6-3,195,"JUN 12, 1994",28.0,2,Kentucky,2021-22,1610612748,MIA,Miami Heat,75.0,https://cdn.nba.com/headshots/nba/latest/1040x760/1628539.png,https://cdn.nba.com/logos/nba/1610612748/primary/L/logo.svg
1630209,Omer Yurtseven,omer-yurtseven,77,C,6-11,275,"JUN 19, 1998",24.0,R,Georgetown,2021-22,1610612748,MIA,Miami Heat,83.0,https://cdn.nba.com/headshots/nba/latest/1040x760/1630209.png,https://cdn.nba.com/logos/nba/1610612748/primary/L/logo.svg
200782,P.J. Tucker,pj-tucker,17,F,6-5,245,"MAY 05, 1985",37.0,10,Texas,2021-22,1610612748,MIA,Miami Heat,77.0,https://cdn.nba.com/headshots/nba/latest/1040x760/200782.png,https://cdn.nba.com/logos/nba/1610612748/primary/L/logo.svg
1629639,Tyler Herro,tyler-herro,14,G,6-5,195,"JAN 20, 2000",22.0,2,Kentucky,2021-22,1610612748,MIA,Miami Heat,77.0,https://cdn.nba.com/headshots/nba/latest/1040x760/1629639.png,https://cdn.nba.com/logos/nba/1610612748/primary/L/logo.svg
2617,Udonis Haslem,udonis-haslem,40,F,6-8,235,"JUN 09, 1980",42.0,18,Florida,2021-22,1610612748,MIA,Miami Heat,80.0,https://cdn.nba.com/headshots/nba/latest/1040x760/2617.png,https://cdn.nba.com/logos/nba/1610612748/primary/L/logo.svg
203506,Victor Oladipo,victor-oladipo,4,G,6-4,213,"MAY 04, 1992",30.0,8,Indiana,2021-22,1610612748,MIA,Miami Heat,76.0,https://cdn.nba.com/headshots/nba/latest/1040x760/203506.png,https://cdn.nba.com/logos/nba/1610612748/primary/L/logo.svg
1626171,Bobby Portis,bobby-portis,9,F,6-10,250,"FEB 10, 1995",27.0,6,Arkansas,2021-22,1610612749,MIL,Milwaukee Bucks,82.0,https://cdn.nba.com/headshots/nba/latest/1040x760/1626171.png,https://cdn.nba.com/logos/nba/1610612749/primary/L/logo.svg
201572,Brook Lopez,brook-lopez,11,C,7-0,282,"APR 01, 1988",34.0,13,Stanford,2021-22,1610612749,MIL,Milwaukee Bucks,84.0,https://cdn.nba.com/headshots/nba/latest/1040x760/201572.png,https://cdn.nba.com/logos/nba/1610612749/primary/L/logo.svg
201588,George Hill,george-hill,3,G,6-4,188,"MAY 04, 1986",36.0,13,Indiana-Purdue Indianapolis,2021-22,1610612749,MIL,Milwaukee Bucks,76.0,https://cdn.nba.com/headshots/nba/latest/1040x760/201588.png,https://cdn.nba.com/logos/nba/1610612749/primary/L/logo.svg
203507,Giannis Antetokounmpo,giannis-antetokounmpo,34,F,6-11,242,"DEC 06, 1994",27.0,8,Filathlitikos,2021-22,1610612749,MIL,Milwaukee Bucks,83.0,https://cdn.nba.com/headshots/nba/latest/1040x760/203507.png,https://cdn.nba.com/logos/nba/1610612749/primary/L/logo.svg
1628960,Grayson Allen,grayson-allen,7,G,6-4,198,"OCT 08, 1995",26.0,3,Duke,2021-22,1610612749,MIL,Milwaukee Bucks,76.0,https://cdn.nba.com/headshots/nba/latest/1040x760/1628960.png,https://cdn.nba.com/logos/nba/1610612749/primary/L/logo.svg
1628975,Jevon Carter,jevon-carter,5,G,6-1,200,"SEP 14, 1995",26.0,3,West Virginia,2021-22,1610612749,MIL,Milwaukee Bucks,73.0,https://cdn.nba.com/headshots/nba/latest/1040x760/1628975.png,https://cdn.nba.com/logos/nba/1610612749/primary/L/logo.svg
1629670,Jordan Nwora,jordan-nwora,13,F,6-8,225,"SEP 09, 1998",23.0,1,Louisville,2021-22,1610612749,MIL,Milwaukee Bucks,80.0,https://cdn.nba.com/headshots/nba/latest/1040x760/1629670.png,https://cdn.nba.com/logos/nba/1610612749/primary/L/logo.svg
201950,Jrue Holiday,jrue-holiday,21,G,6-3,205,"JUN 12, 1990",32.0,12,UCLA,2021-22,1610612749,MIL,Milwaukee Bucks,75.0,https://cdn.nba.com/headshots/nba/latest/1040x760/201950.png,https://cdn.nba.com/logos/nba/1610612749/primary/L/logo.svg
203114,Khris Middleton,khris-middleton,22,F,6-7,222,"AUG 12, 1991",30.0,9,Texas A&M,2021-22,1610612749,MIL,Milwaukee Bucks,79.0,https://cdn.nba.com/headshots/nba/latest/1040x760/203114.png,https://cdn.nba.com/logos/nba/1610612749/primary/L/logo.svg
1629623,Lindell Wigginton,lindell-wigginton,28,G,6-1,189,"MAR 28, 1998",24.0,R,Iowa State,2021-22,1610612749,MIL,Milwaukee Bucks,73.0,https://cdn.nba.com/headshots/nba/latest/1040x760/1629623.png,https://cdn.nba.com/logos/nba/1610612749/primary/L/logo.svg
1630492,Luca Vildoza,luca-vildoza,6,G,6-3,190,"AUG 11, 1995",26.0,R,Baskonia,2021-22,1610612749,MIL,Milwaukee Bucks,75.0,https://cdn.nba.com/headshots/nba/latest/1040x760/1630492.png,https://cdn.nba.com/logos/nba/1610612749/primary/L/logo.svg
1626192,Pat Connaughton,pat-connaughton,24,G,6-5,209,"JAN 06, 1993",29.0,6,Notre Dame,2021-22,1610612749,MIL,Milwaukee Bucks,77.0,https://cdn.nba.com/headshots/nba/latest/1040x760/1626192.png,https://cdn.nba.com/logos/nba/1610612749/primary/L/logo.svg
1629730,Rayjon Tucker,rayjon-tucker,59,G,6-3,209,"SEP 24, 1997",24.0,2,Arkansas-Little Rock,2021-22,1610612749,MIL,Milwaukee Bucks,75.0,https://cdn.nba.com/headshots/nba/latest/1040x760/1629730.png,https://cdn.nba.com/logos/nba/1610612749/primary/L/logo.svg
1630572,Sandro Mamukelashvili,sandro-mamukelashvili,54,F-C,6-9,240,"MAY 23, 1999",23.0,R,Seton Hall,2021-22,1610612749,MIL,Milwaukee Bucks,81.0,https://cdn.nba.com/headshots/nba/latest/1040x760/1630572.png,https://cdn.nba.com/logos/nba/1610612749/primary/L/logo.svg
201586,Serge Ibaka,serge-ibaka,25,F,6-10,235,"SEP 18, 1989",32.0,12,Ricoh Manresa,2021-22,1610612749,MIL,Milwaukee Bucks,82.0,https://cdn.nba.com/headshots/nba/latest/1040x760/201586.png,https://cdn.nba.com/logos/nba/1610612749/primary/L/logo.svg
203648,Thanasis Antetokounmpo,thanasis-antetokounmpo,43,F,6-6,219,"JUL 18, 1992",29.0,3,Panathinaikos,2021-22,1610612749,MIL,Milwaukee Bucks,78.0,https://cdn.nba.com/headshots/nba/latest/1040x760/203648.png,https://cdn.nba.com/logos/nba/1610612749/primary/L/logo.svg
202083,Wesley Matthews,wesley-matthews,23,G,6-4,220,"OCT 14, 1986",35.0,12,Marquette,2021-22,1610612749,MIL,Milwaukee Bucks,76.0,https://cdn.nba.com/headshots/nba/latest/1040x760/202083.png,https://cdn.nba.com/logos/nba/1610612749/primary/L/logo.svg
1630162,Anthony Edwards,anthony-edwards,1,G,6-4,225,"AUG 05, 2001",20.0,1,Georgia,2021-22,1610612750,MIN,Minnesota Timberwolves,76.0,https://cdn.nba.com/headshots/nba/latest/1040x760/1630162.png,https://cdn.nba.com/logos/nba/1610612750/primary/L/logo.svg
1626156,D'Angelo Russell,dangelo-russell,0,G,6-4,193,"FEB 23, 1996",26.0,6,Ohio State,2021-22,1610612750,MIN,Minnesota Timberwolves,76.0,https://cdn.nba.com/headshots/nba/latest/1040x760/1626156.png,https://cdn.nba.com/logos/nba/1610612750/primary/L/logo.svg
202328,Greg Monroe,greg-monroe,15,F-C,6-10,250,"JUN 04, 1990",32.0,9,Georgetown,2021-22,1610612750,MIN,Minnesota Timberwolves,82.0,https://cdn.nba.com/headshots/nba/latest/1040x760/202328.png,https://cdn.nba.com/logos/nba/1610612750/primary/L/logo.svg
1630183,Jaden McDaniels,jaden-mcdaniels,3,F,6-9,185,"SEP 29, 2000",21.0,1,Washington,2021-22,1610612750,MIN,Minnesota Timberwolves,81.0,https://cdn.nba.com/headshots/nba/latest/1040x760/1630183.png,https://cdn.nba.com/logos/nba/1610612750/primary/L/logo.svg
1627774,Jake Layman,jake-layman,10,F,6-8,209,"MAR 07, 1994",28.0,5,Maryland,2021-22,1610612750,MIN,Minnesota Timberwolves,80.0,https://cdn.nba.com/headshots/nba/latest/1040x760/1627774.png,https://cdn.nba.com/logos/nba/1610612750/primary/L/logo.svg
1629020,Jarred Vanderbilt,jarred-vanderbilt,8,F,6-9,214,"APR 03, 1999",23.0,3,Kentucky,2021-22,1610612750,MIN,Minnesota Timberwolves,81.0,https://cdn.nba.com/headshots/nba/latest/1040x760/1629020.png,https://cdn.nba.com/logos/nba/1610612750/primary/L/logo.svg
1629669,Jaylen Nowell,jaylen-nowell,4,G,6-4,201,"JUL 09, 1999",22.0,2,Washington,2021-22,1610612750,MIN,Minnesota Timberwolves,76.0,https://cdn.nba.com/headshots/nba/latest/1040x760/1629669.png,https://cdn.nba.com/logos/nba/1610612750/primary/L/logo.svg
1629162,Jordan McLaughlin,jordan-mclaughlin,6,G,5-11,185,"APR 09, 1996",26.0,2,Southern California,2021-22,1610612750,MIN,Minnesota Timberwolves,71.0,https://cdn.nba.com/headshots/nba/latest/1040x760/1629162.png,https://cdn.nba.com/logos/nba/1610612750/primary/L/logo.svg
1629006,Josh Okogie,josh-okogie,20,G,6-4,213,"SEP 01, 1998",23.0,3,Georgia Tech,2021-22,1610612750,MIN,Minnesota Timberwolves,76.0,https://cdn.nba.com/headshots/nba/latest/1040x760/1629006.png,https://cdn.nba.com/logos/nba/1610612750/primary/L/logo.svg
1626157,Karl-Anthony Towns,karl-anthony-towns,32,C-F,6-11,248,"NOV 15, 1995",26.0,6,Kentucky,2021-22,1610612750,MIN,Minnesota Timberwolves,83.0,https://cdn.nba.com/headshots/nba/latest/1040x760/1626157.png,https://cdn.nba.com/logos/nba/1610612750/primary/L/logo.svg
1630195,Leandro Bolmaro,leandro-bolmaro,9,F,6-6,200,"SEP 11, 2000",21.0,R,FC Barcelona,2021-22,1610612750,MIN,Minnesota Timberwolves,78.0,https://cdn.nba.com/headshots/nba/latest/1040x760/1630195.png,https://cdn.nba.com/logos/nba/1610612750/primary/L/logo.svg
1627736,Malik Beasley,malik-beasley,5,G,6-4,187,"NOV 26, 1996",25.0,5,Florida State,2021-22,1610612750,MIN,Minnesota Timberwolves,76.0,https://cdn.nba.com/headshots/nba/latest/1040x760/1627736.png,https://cdn.nba.com/logos/nba/1610612750/primary/L/logo.svg
1630593,McKinley Wright IV,mckinley-wright-iv,25,G,5-11,192,"OCT 25, 1998",23.0,R,Colorado,2021-22,1610612750,MIN,Minnesota Timberwolves,71.0,https://cdn.nba.com/headshots/nba/latest/1040x760/1630593.png,https://cdn.nba.com/logos/nba/1610612750/primary/L/logo.svg
1630233,Nathan Knight,nathan-knight,13,F-C,6-10,253,"SEP 20, 1997",24.0,1,William & Mary,2021-22,1610612750,MIN,Minnesota Timberwolves,82.0,https://cdn.nba.com/headshots/nba/latest/1040x760/1630233.png,https://cdn.nba.com/logos/nba/1610612750/primary/L/logo.svg
1629675,Naz Reid,naz-reid,11,C-F,6-9,264,"AUG 26, 1999",22.0,2,Louisiana State,2021-22,1610612750,MIN,Minnesota Timberwolves,81.0,https://cdn.nba.com/headshots/nba/latest/1040x760/1629675.png,https://cdn.nba.com/logos/nba/1610612750/primary/L/logo.svg
201976,Patrick Beverley,patrick-beverley,22,G,6-1,180,"JUL 12, 1988",33.0,9,Arkansas,2021-22,1610612750,MIN,Minnesota Timberwolves,73.0,https://cdn.nba.com/headshots/nba/latest/1040x760/201976.png,https://cdn.nba.com/logos/nba/1610612750/primary/L/logo.svg
1627752,Taurean Prince,taurean-prince,12,F,6-6,218,"MAR 22, 1994",28.0,5,Baylor,2021-22,1610612750,MIN,Minnesota Timberwolves,78.0,https://cdn.nba.com/headshots/nba/latest/1040x760/1627752.png,https://cdn.nba.com/logos/nba/1610612750/primary/L/logo.svg
1627742,Brandon Ingram,brandon-ingram,14,F,6-8,190,"SEP 02, 1997",24.0,5,Duke,2021-22,1610612740,NOP,New Orleans Pelicans,80.0,https://cdn.nba.com/headshots/nba/latest/1040x760/1627742.png,https://cdn.nba.com/logos/nba/1610612740/primary/L/logo.svg
203468,CJ McCollum,cj-mccollum,3,G,6-3,190,"SEP 19, 1991",30.0,8,Lehigh,2021-22,1610612740,NOP,New Orleans Pelicans,75.0,https://cdn.nba.com/headshots/nba/latest/1040x760/203468.png,https://cdn.nba.com/logos/nba/1610612740/primary/L/logo.svg
1628984,Devonte' Graham,devonte-graham,4,G,6-1,195,"FEB 22, 1995",27.0,3,Kansas,2021-22,1610612740,NOP,New Orleans Pelicans,73.0,https://cdn.nba.com/headshots/nba/latest/1040x760/1628984.png,https://cdn.nba.com/logos/nba/1610612740/primary/L/logo.svg
202066,Garrett Temple,garrett-temple,41,G-F,6-5,195,"MAY 08, 1986",36.0,11,Louisiana State,2021-22,1610612740,NOP,New Orleans Pelicans,77.0,https://cdn.nba.com/headshots/nba/latest/1040x760/202066.png,https://cdn.nba.com/logos/nba/1610612740/primary/L/logo.svg
1629109,Gary Clark,gary-clark,12,F,6-6,225,"NOV 16, 1994",27.0,3,Cincinnati,2021-22,1610612740,NOP,New Orleans Pelicans,78.0,https://cdn.nba.com/headshots/nba/latest/1040x760/1629109.png,https://cdn.nba.com/logos/nba/1610612740/primary/L/logo.svg
1630529,Herbert Jones,herbert-jones,5,F,6-7,206,"OCT 06, 1998",23.0,R,Alabama,2021-22,1610612740,NOP,New Orleans Pelicans,79.0,https://cdn.nba.com/headshots/nba/latest/1040x760/1630529.png,https://cdn.nba.com/logos/nba/1610612740/primary/L/logo.svg
1629607,Jared Harper,jared-harper,2,G,5-10,175,"SEP 14, 1997",24.0,2,Auburn,2021-22,1610612740,NOP,New Orleans Pelicans,70.0,https://cdn.nba.com/headshots/nba/latest/1040x760/1629607.png,https://cdn.nba.com/logos/nba/1610612740/primary/L/logo.svg
1629637,Jaxson Hayes,jaxson-hayes,10,C-F,6-11,220,"MAY 23, 2000",22.0,2,Texas,2021-22,1610612740,NOP,New Orleans Pelicans,83.0,https://cdn.nba.com/headshots/nba/latest/1040x760/1629637.png,https://cdn.nba.com/logos/nba/1610612740/primary/L/logo.svg
202685,Jonas Valančiūnas,jonas-valančiūnas,17,C,6-11,265,"MAY 06, 1992",30.0,9,Lietuvos rytas Vilnius,2021-22,1610612740,NOP,New Orleans Pelicans,83.0,https://cdn.nba.com/headshots/nba/latest/1040x760/202685.png,https://cdn.nba.com/logos/nba/1610612740/primary/L/logo.svg
1630631,Jose Alvarado,jose-alvarado,15,G,6-0,179,"APR 12, 1998",24.0,R,Georgia Tech,2021-22,1610612740,NOP,New Orleans Pelicans,72.0,https://cdn.nba.com/headshots/nba/latest/1040x760/1630631.png,https://cdn.nba.com/logos/nba/1610612740/primary/L/logo.svg
1630184,Kira Lewis Jr.,kira-lewis-jr,13,G,6-1,170,"APR 06, 2001",21.0,1,Alabama,2021-22,1610612740,NOP,New Orleans Pelicans,73.0,https://cdn.nba.com/headshots/nba/latest/1040x760/1630184.png,https://cdn.nba.com/logos/nba/1610612740/primary/L/logo.svg
1626204,Larry Nance Jr.,larry-nance-jr,22,F-C,6-7,245,"JAN 01, 1993",29.0,6,Wyoming,2021-22,1610612740,NOP,New Orleans Pelicans,79.0,https://cdn.nba.com/headshots/nba/latest/1040x760/1626204.png,https://cdn.nba.com/logos/nba/1610612740/primary/L/logo.svg
1630230,Naji Marshall,naji-marshall,8,F,6-7,220,"JAN 24, 1998",24.0,1,Xavier,2021-22,1610612740,NOP,New Orleans Pelicans,79.0,https://cdn.nba.com/headshots/nba/latest/1040x760/1630230.png,https://cdn.nba.com/logos/nba/1610612740/primary/L/logo.svg
203503,Tony Snell,tony-snell,21,G,6-6,213,"NOV 10, 1991",30.0,8,New Mexico,2021-22,1610612740,NOP,New Orleans Pelicans,78.0,https://cdn.nba.com/headshots/nba/latest/1040x760/203503.png,https://cdn.nba.com/logos/nba/1610612740/primary/L/logo.svg
1630530,Trey Murphy III,trey-murphy-iii,25,F,6-8,206,"JUN 18, 2000",22.0,R,Virginia,2021-22,1610612740,NOP,New Orleans Pelicans,80.0,https://cdn.nba.com/headshots/nba/latest/1040x760/1630530.png,https://cdn.nba.com/logos/nba/1610612740/primary/L/logo.svg
1626195,Willy Hernangomez,willy-hernangomez,9,C-F,6-11,250,"MAY 27, 1994",28.0,5,Cajasol Sevilla,2021-22,1610612740,NOP,New Orleans Pelicans,83.0,https://cdn.nba.com/headshots/nba/latest/1040x760/1626195.png,https://cdn.nba.com/logos/nba/1610612740/primary/L/logo.svg
1629627,Zion Williamson,zion-williamson,1,F,6-6,284,"JUL 06, 2000",21.0,2,Duke,2021-22,1610612740,NOP,New Orleans Pelicans,78.0,https://cdn.nba.com/headshots/nba/latest/1040x760/1629627.png,https://cdn.nba.com/logos/nba/1610612740/primary/L/logo.svg
202692,Alec Burks,alec-burks,18,G,6-6,214,"JUL 20, 1991",30.0,10,Colorado,2021-22,1610612752,NYK,New York Knicks,78.0,https://cdn.nba.com/headshots/nba/latest/1040x760/202692.png,https://cdn.nba.com/logos/nba/1610612752/primary/L/logo.svg
1629629,Cam Reddish,cam-reddish,21,F-G,6-8,217,"SEP 01, 1999",22.0,2,Duke,2021-22,1610612752,NYK,New York Knicks,80.0,https://cdn.nba.com/headshots/nba/latest/1040x760/1629629.png,https://cdn.nba.com/logos/nba/1610612752/primary/L/logo.svg
201565,Derrick Rose,derrick-rose,4,G,6-2,200,"OCT 04, 1988",33.0,12,Memphis,2021-22,1610612752,NYK,New York Knicks,74.0,https://cdn.nba.com/headshots/nba/latest/1040x760/201565.png,https://cdn.nba.com/logos/nba/1610612752/primary/L/logo.svg
203095,Evan Fournier,evan-fournier,13,G-F,6-6,205,"OCT 29, 1992",29.0,9,Poitiers Basket 86,2021-22,1610612752,NYK,New York Knicks,78.0,https://cdn.nba.com/headshots/nba/latest/1040x760/203095.png,https://cdn.nba.com/logos/nba/1610612752/primary/L/logo.svg
1630624,Feron Hunt,feron-hunt,11,F,6-8,195,"JUL 05, 1999",22.0,R,Southern Methodist,2021-22,1610612752,NYK,New York Knicks,80.0,https://cdn.nba.com/headshots/nba/latest/1040x760/1630624.png,https://cdn.nba.com/logos/nba/1610612752/primary/L/logo.svg
1630193,Immanuel Quickley,immanuel-quickley,5,G,6-3,190,"JUN 17, 1999",23.0,1,Kentucky,2021-22,1610612752,NYK,New York Knicks,75.0,https://cdn.nba.com/headshots/nba/latest/1040x760/1630193.png,https://cdn.nba.com/logos/nba/1610612752/primary/L/logo.svg
1630579,Jericho Sims,jericho-sims,45,C,6-9,250,"OCT 20, 1998",23.0,R,Texas,2021-22,1610612752,NYK,New York Knicks,81.0,https://cdn.nba.com/headshots/nba/latest/1040x760/1630579.png,https://cdn.nba.com/logos/nba/1610612752/primary/L/logo.svg
203944,Julius Randle,julius-randle,30,F-C,6-8,250,"NOV 29, 1994",27.0,7,Kentucky,2021-22,1610612752,NYK,New York Knicks,80.0,https://cdn.nba.com/headshots/nba/latest/1040x760/203944.png,https://cdn.nba.com/logos/nba/1610612752/primary/L/logo.svg
202689,Kemba Walker,kemba-walker,8,G,6-0,184,"MAY 08, 1990",32.0,10,Connecticut,2021-22,1610612752,NYK,New York Knicks,72.0,https://cdn.nba.com/headshots/nba/latest/1040x760/202689.png,https://cdn.nba.com/logos/nba/1610612752/primary/L/logo.svg
1630540,Miles McBride,miles-mcbride,2,G,6-1,195,"SEP 08, 2000",21.0,R,West Virginia,2021-22,1610612752,NYK,New York Knicks,73.0,https://cdn.nba.com/headshots/nba/latest/1040x760/1630540.png,https://cdn.nba.com/logos/nba/1610612752/primary/L/logo.svg
1629011,Mitchell Robinson,mitchell-robinson,23,C-F,7-0,240,"APR 01, 1998",24.0,3,Western Kentucky,2021-22,1610612752,NYK,New York Knicks,84.0,https://cdn.nba.com/headshots/nba/latest/1040x760/1629011.png,https://cdn.nba.com/logos/nba/1610612752/primary/L/logo.svg
203457,Nerlens Noel,nerlens-noel,3,C-F,6-11,220,"APR 10, 1994",28.0,7,Kentucky,2021-22,1610612752,NYK,New York Knicks,83.0,https://cdn.nba.com/headshots/nba/latest/1040x760/203457.png,https://cdn.nba.com/logos/nba/1610612752/primary/L/logo.svg
1630167,Obi Toppin,obi-toppin,1,F,6-9,220,"MAR 04, 1998",24.0,1,Dayton,2021-22,1610612752,NYK,New York Knicks,81.0,https://cdn.nba.com/headshots/nba/latest/1040x760/1630167.png,https://cdn.nba.com/logos/nba/1610612752/primary/L/logo.svg
1629656,Quentin Grimes,quentin-grimes,6,G,6-4,210,"MAY 08, 2000",22.0,R,Houston,2021-22,1610612752,NYK,New York Knicks,76.0,https://cdn.nba.com/headshots/nba/latest/1040x760/1629656.png,https://cdn.nba.com/logos/nba/1610612752/primary/L/logo.svg
1629628,RJ Barrett,rj-barrett,9,F-G,6-6,214,"JUN 14, 2000",22.0,2,Duke,2021-22,1610612752,NYK,New York Knicks,78.0,https://cdn.nba.com/headshots/nba/latest/1040x760/1629628.png,https://cdn.nba.com/logos/nba/1610612752/primary/L/logo.svg
1627853,Ryan Arcidiacono,ryan-arcidiacono,51,G,6-3,195,"MAR 26, 1994",28.0,4,Villanova,2021-22,1610612752,NYK,New York Knicks,75.0,https://cdn.nba.com/headshots/nba/latest/1040x760/1627853.png,https://cdn.nba.com/logos/nba/1610612752/primary/L/logo.svg
201959,Taj Gibson,taj-gibson,67,F,6-9,232,"JUN 24, 1985",37.0,12,Southern California,2021-22,1610612752,NYK,New York Knicks,81.0,https://cdn.nba.com/headshots/nba/latest/1040x760/201959.png,https://cdn.nba.com/logos/nba/1610612752/primary/L/logo.svg
1630598,Aaron Wiggins,aaron-wiggins,21,G,6-4,190,"JAN 02, 1999",23.0,R,Maryland,2021-22,1610612760,OKC,Oklahoma City Thunder,76.0,https://cdn.nba.com/headshots/nba/latest/1040x760/1630598.png,https://cdn.nba.com/logos/nba/1610612760/primary/L/logo.svg
1630197,Aleksej Pokusevski,aleksej-pokusevski,17,F,7-0,190,"DEC 26, 2001",20.0,1,Olympiacos,2021-22,1610612760,OKC,Oklahoma City Thunder,84.0,https://cdn.nba.com/headshots/nba/latest/1040x760/1630197.png,https://cdn.nba.com/logos/nba/1610612760/primary/L/logo.svg
1629647,Darius Bazley,darius-bazley,7,F,6-8,208,"JUN 12, 2000",22.0,2,Princeton HS (OH),2021-22,1610612760,OKC,Oklahoma City Thunder,80.0,https://cdn.nba.com/headshots/nba/latest/1040x760/1629647.png,https://cdn.nba.com/logos/nba/1610612760/primary/L/logo.svg
202324,Derrick Favors,derrick-favors,15,F,6-9,265,"JUL 15, 1991",30.0,11,Georgia Tech,2021-22,1610612760,OKC,Oklahoma City Thunder,81.0,https://cdn.nba.com/headshots/nba/latest/1040x760/202324.png,https://cdn.nba.com/logos/nba/1610612760/primary/L/logo.svg
1629676,Isaiah Roby,isaiah-roby,22,F,6-8,230,"FEB 03, 1998",24.0,2,Nebraska,2021-22,1610612760,OKC,Oklahoma City Thunder,80.0,https://cdn.nba.com/headshots/nba/latest/1040x760/1629676.png,https://cdn.nba.com/logos/nba/1610612760/primary/L/logo.svg
1630526,Jeremiah Robinson-Earl,jeremiah-robinson-earl,50,F,6-8,242,"NOV 03, 2000",21.0,R,Villanova,2021-22,1610612760,OKC,Oklahoma City Thunder,80.0,https://cdn.nba.com/headshots/nba/latest/1040x760/1630526.png,https://cdn.nba.com/logos/nba/1610612760/primary/L/logo.svg
1630581,Josh Giddey,josh-giddey,3,G,6-8,205,"OCT 10, 2002",19.0,R,NBA Global Academy,2021-22,1610612760,OKC,Oklahoma City Thunder,80.0,https://cdn.nba.com/headshots/nba/latest/1040x760/1630581.png,https://cdn.nba.com/logos/nba/1610612760/primary/L/logo.svg
1629026,Kenrich Williams,kenrich-williams,34,G-F,6-6,210,"DEC 02, 1994",27.0,3,TCU,2021-22,1610612760,OKC,Oklahoma City Thunder,78.0,https://cdn.nba.com/headshots/nba/latest/1040x760/1629026.png,https://cdn.nba.com/logos/nba/1610612760/primary/L/logo.svg
1630322,Lindy Waters III,lindy-waters-iii,12,F,6-6,215,"JUL 28, 1997",24.0,R,Oklahoma State,2021-22,1610612760,OKC,Oklahoma City Thunder,78.0,https://cdn.nba.com/headshots/nba/latest/1040x760/1630322.png,https://cdn.nba.com/logos/nba/1610612760/primary/L/logo.svg
1629652,Luguentz Dort,luguentz-dort,5,G,6-3,215,"APR 19, 1999",23.0,2,Arizona State,2021-22,1610612760,OKC,Oklahoma City Thunder,75.0,https://cdn.nba.com/headshots/nba/latest/1040x760/1629652.png,https://cdn.nba.com/logos/nba/1610612760/primary/L/logo.svg
1628982,Melvin Frazier Jr.,melvin-frazier-jr,6,G-F,6-5,215,"AUG 30, 1996",25.0,2,Tulane,2021-22,1610612760,OKC,Oklahoma City Thunder,77.0,https://cdn.nba.com/headshots/nba/latest/1040x760/1628982.png,https://cdn.nba.com/logos/nba/1610612760/primary/L/logo.svg
203488,Mike Muscala,mike-muscala,33,F-C,6-10,240,"JUL 01, 1991",30.0,8,Bucknell,2021-22,1610612760,OKC,Oklahoma City Thunder,82.0,https://cdn.nba.com/headshots/nba/latest/1040x760/203488.png,https://cdn.nba.com/logos/nba/1610612760/primary/L/logo.svg
1628983,Shai Gilgeous-Alexander,shai-gilgeous-alexander,2,G,6-6,180,"JUL 12, 1998",23.0,3,Kentucky,2021-22,1610612760,OKC,Oklahoma City Thunder,78.0,https://cdn.nba.com/headshots/nba/latest/1040x760/1628983.png,https://cdn.nba.com/logos/nba/1610612760/primary/L/logo.svg
1630177,Theo Maledon,theo-maledon,11,G,6-4,175,"JUN 12, 2001",21.0,1,ASVEL,2021-22,1610612760,OKC,Oklahoma City Thunder,76.0,https://cdn.nba.com/headshots/nba/latest/1040x760/1630177.png,https://cdn.nba.com/logos/nba/1610612760/primary/L/logo.svg
1630544,Tre Mann,tre-mann,23,G,6-3,178,"FEB 03, 2001",21.0,R,Florida,2021-22,1610612760,OKC,Oklahoma City Thunder,75.0,https://cdn.nba.com/headshots/nba/latest/1040x760/1630544.png,https://cdn.nba.com/logos/nba/1610612760/primary/L/logo.svg
1629660,Ty Jerome,ty-jerome,16,G-F,6-5,195,"JUL 08, 1997",24.0,2,Virginia,2021-22,1610612760,OKC,Oklahoma City Thunder,77.0,https://cdn.nba.com/headshots/nba/latest/1040x760/1629660.png,https://cdn.nba.com/logos/nba/1610612760/primary/L/logo.svg
1630249,Vít Krejčí,vít-krejčí,27,G,6-8,195,"JUN 19, 2000",22.0,R,Zaragoza,2021-22,1610612760,OKC,Oklahoma City Thunder,80.0,https://cdn.nba.com/headshots/nba/latest/1040x760/1630249.png,https://cdn.nba.com/logos/nba/1610612760/primary/L/logo.svg
1629678,Admiral Schofield,admiral-schofield,25,F,6-5,241,"MAR 30, 1997",25.0,1,Tennessee,2021-22,1610612753,ORL,Orlando Magic,77.0,https://cdn.nba.com/headshots/nba/latest/1040x760/1629678.png,https://cdn.nba.com/logos/nba/1610612753/primary/L/logo.svg
1629626,Bol Bol,bol-bol,10,C-F,7-2,220,"NOV 16, 1999",22.0,2,Oregon,2021-22,1610612753,ORL,Orlando Magic,86.0,https://cdn.nba.com/headshots/nba/latest/1040x760/1629626.png,https://cdn.nba.com/logos/nba/1610612753/primary/L/logo.svg
1629643,Chuma Okeke,chuma-okeke,3,F,6-6,229,"AUG 18, 1998",23.0,1,Auburn,2021-22,1610612753,ORL,Orlando Magic,78.0,https://cdn.nba.com/headshots/nba/latest/1040x760/1629643.png,https://cdn.nba.com/logos/nba/1610612753/primary/L/logo.svg
1630175,Cole Anthony,cole-anthony,50,G,6-3,185,"MAY 15, 2000",22.0,1,North Carolina,2021-22,1610612753,ORL,Orlando Magic,75.0,https://cdn.nba.com/headshots/nba/latest/1040x760/1630175.png,https://cdn.nba.com/logos/nba/1610612753/primary/L/logo.svg
1629962,Devin Cannady,devin-cannady,30,G,6-2,183,"MAY 21, 1996",26.0,1,Princeton,2021-22,1610612753,ORL,Orlando Magic,74.0,https://cdn.nba.com/headshots/nba/latest/1040x760/1629962.png,https://cdn.nba.com/logos/nba/1610612753/primary/L/logo.svg
1630532,Franz Wagner,franz-wagner,22,F,6-10,220,"AUG 27, 2001",20.0,R,Michigan,2021-22,1610612753,ORL,Orlando Magic,82.0,https://cdn.nba.com/headshots/nba/latest/1040x760/1630532.png,https://cdn.nba.com/logos/nba/1610612753/primary/L/logo.svg
203914,Gary Harris,gary-harris,14,G,6-4,210,"SEP 14, 1994",27.0,7,Michigan State,2021-22,1610612753,ORL,Orlando Magic,76.0,https://cdn.nba.com/headshots/nba/latest/1040x760/203914.png,https://cdn.nba.com/logos/nba/1610612753/primary/L/logo.svg
1629649,Ignas Brazdeikis,ignas-brazdeikis,17,F,6-6,221,"JAN 08, 1999",23.0,2,Michigan,2021-22,1610612753,ORL,Orlando Magic,78.0,https://cdn.nba.com/headshots/nba/latest/1040x760/1629649.png,https://cdn.nba.com/logos/nba/1610612753/primary/L/logo.svg
1630591,Jalen Suggs,jalen-suggs,4,G,6-5,205,"JUN 03, 2001",21.0,R,Gonzaga,2021-22,1610612753,ORL,Orlando Magic,77.0,https://cdn.nba.com/headshots/nba/latest/1040x760/1630591.png,https://cdn.nba.com/logos/nba/1610612753/primary/L/logo.svg
1628371,Jonathan Isaac,jonathan-isaac,1,F,6-10,230,"OCT 03, 1997",24.0,4,Florida State,2021-22,1610612753,ORL,Orlando Magic,82.0,https://cdn.nba.com/headshots/nba/latest/1040x760/1628371.png,https://cdn.nba.com/logos/nba/1610612753/primary/L/logo.svg
1628365,Markelle Fultz,markelle-fultz,20,G,6-4,209,"MAY 29, 1998",24.0,4,Washington,2021-22,1610612753,ORL,Orlando Magic,76.0,https://cdn.nba.com/headshots/nba/latest/1040x760/1628365.png,https://cdn.nba.com/logos/nba/1610612753/primary/L/logo.svg
1628964,Mo Bamba,mo-bamba,5,C,7-0,231,"MAY 12, 1998",24.0,3,Texas,2021-22,1610612753,ORL,Orlando Magic,84.0,https://cdn.nba.com/headshots/nba/latest/1040x760/1628964.png,https://cdn.nba.com/logos/nba/1610612753/primary/L/logo.svg
1629021,Moritz Wagner,moritz-wagner,21,F-C,6-11,245,"APR 26, 1997",25.0,3,Michigan,2021-22,1610612753,ORL,Orlando Magic,83.0,https://cdn.nba.com/headshots/nba/latest/1040x760/1629021.png,https://cdn.nba.com/logos/nba/1610612753/primary/L/logo.svg
1630181,R.J. Hampton,rj-hampton,13,G,6-4,175,"FEB 07, 2001",21.0,1,Capital City Go-Go,2021-22,1610612753,ORL,Orlando Magic,76.0,https://cdn.nba.com/headshots/nba/latest/1040x760/1630181.png,https://cdn.nba.com/logos/nba/1610612753/primary/L/logo.svg
201577,Robin Lopez,robin-lopez,33,C,7-0,281,"APR 01, 1988",34.0,13,Stanford,2021-22,1610612753,ORL,Orlando Magic,84.0,https://cdn.nba.com/headshots/nba/latest/1040x760/201577.png,https://cdn.nba.com/logos/nba/1610612753/primary/L/logo.svg
203082,Terrence Ross,terrence-ross,31,G-F,6-6,206,"FEB 05, 1991",31.0,9,Washington,2021-22,1610612753,ORL,Orlando Magic,78.0,https://cdn.nba.com/headshots/nba/latest/1040x760/203082.png,https://cdn.nba.com/logos/nba/1610612753/primary/L/logo.svg
1628976,Wendell Carter Jr.,wendell-carter-jr,34,C-F,6-10,270,"APR 16, 1999",23.0,3,Duke,2021-22,1610612753,ORL,Orlando Magic,82.0,https://cdn.nba.com/headshots/nba/latest/1040x760/1628976.png,https://cdn.nba.com/logos/nba/1610612753/primary/L/logo.svg
1629646,Charles Bassey,charles-bassey,23,C-F,6-9,230,"OCT 28, 2000",21.0,R,Western Kentucky,2021-22,1610612755,PHI,Philadelphia 76ers,81.0,https://cdn.nba.com/headshots/nba/latest/1040x760/1629646.png,https://cdn.nba.com/logos/nba/1610612755/primary/L/logo.svg
1629718,Charlie Brown Jr.,charlie-brown-jr,16,G,6-6,199,"FEB 02, 1997",25.0,2,St. Joseph's (PA),2021-22,1610612755,PHI,Philadelphia 76ers,78.0,https://cdn.nba.com/headshots/nba/latest/1040x760/1629718.png,https://cdn.nba.com/logos/nba/1610612755/primary/L/logo.svg
201980,Danny Green,danny-green,14,G,6-6,215,"JUN 22, 1987",35.0,12,North Carolina,2021-22,1610612755,PHI,Philadelphia 76ers,78.0,https://cdn.nba.com/headshots/nba/latest/1040x760/201980.png,https://cdn.nba.com/logos/nba/1610612755/primary/L/logo.svg
201599,DeAndre Jordan,deandre-jordan,9,C,6-11,265,"JUL 21, 1988",33.0,13,Texas A&M,2021-22,1610612755,PHI,Philadelphia 76ers,83.0,https://cdn.nba.com/headshots/nba/latest/1040x760/201599.png,https://cdn.nba.com/logos/nba/1610612755/primary/L/logo.svg
1627788,Furkan Korkmaz,furkan-korkmaz,30,G-F,6-7,202,"JUL 24, 1997",24.0,4,Anadolu Efes,2021-22,1610612755,PHI,Philadelphia 76ers,79.0,https://cdn.nba.com/headshots/nba/latest/1040x760/1627788.png,https://cdn.nba.com/logos/nba/1610612755/primary/L/logo.svg
1627777,Georges Niang,georges-niang,20,F,6-7,230,"JUN 17, 1993",29.0,5,Iowa State,2021-22,1610612755,PHI,Philadelphia 76ers,79.0,https://cdn.nba.com/headshots/nba/latest/1040x760/1627777.png,https://cdn.nba.com/logos/nba/1610612755/primary/L/logo.svg
1630198,Isaiah Joe,isaiah-joe,7,G,6-4,165,"JUL 02, 1999",22.0,1,Arkansas,2021-22,1610612755,PHI,Philadelphia 76ers,76.0,https://cdn.nba.com/headshots/nba/latest/1040x760/1630198.png,https://cdn.nba.com/logos/nba/1610612755/primary/L/logo.svg
1630531,Jaden Springer,jaden-springer,11,G,6-4,202,"SEP 25, 2002",19.0,R,Tennessee,2021-22,1610612755,PHI,Philadelphia 76ers,76.0,https://cdn.nba.com/headshots/nba/latest/1040x760/1630531.png,https://cdn.nba.com/logos/nba/1610612755/primary/L/logo.svg
201935,James Harden,james-harden,1,G,6-5,220,"AUG 26, 1989",32.0,12,Arizona State,2021-22,1610612755,PHI,Philadelphia 76ers,77.0,https://cdn.nba.com/headshots/nba/latest/1040x760/201935.png,https://cdn.nba.com/logos/nba/1610612755/primary/L/logo.svg
203954,Joel Embiid,joel-embiid,21,C-F,7-0,280,"MAR 16, 1994",28.0,5,Kansas,2021-22,1610612755,PHI,Philadelphia 76ers,84.0,https://cdn.nba.com/headshots/nba/latest/1040x760/203954.png,https://cdn.nba.com/logos/nba/1610612755/primary/L/logo.svg
1629680,Matisse Thybulle,matisse-thybulle,22,G-F,6-5,201,"MAR 04, 1997",25.0,2,Washington,2021-22,1610612755,PHI,Philadelphia 76ers,77.0,https://cdn.nba.com/headshots/nba/latest/1040x760/1629680.png,https://cdn.nba.com/logos/nba/1610612755/primary/L/logo.svg
1629619,Myles Powell,myles-powell,5,G,6-2,195,"JUL 07, 1997",24.0,R,Seton Hall,2021-22,1610612755,PHI,Philadelphia 76ers,74.0,https://cdn.nba.com/headshots/nba/latest/1040x760/1629619.png,https://cdn.nba.com/logos/nba/1610612755/primary/L/logo.svg
200794,Paul Millsap,paul-millsap,8,F,6-7,257,"FEB 10, 1985",37.0,15,Louisiana Tech,2021-22,1610612755,PHI,Philadelphia 76ers,79.0,https://cdn.nba.com/headshots/nba/latest/1040x760/200794.png,https://cdn.nba.com/logos/nba/1610612755/primary/L/logo.svg
1630194,Paul Reed,paul-reed,44,F,6-9,210,"JUN 14, 1999",23.0,1,DePaul,2021-22,1610612755,PHI,Philadelphia 76ers,81.0,https://cdn.nba.com/headshots/nba/latest/1040x760/1630194.png,https://cdn.nba.com/logos/nba/1610612755/primary/L/logo.svg
1629003,Shake Milton,shake-milton,18,G-F,6-5,205,"SEP 26, 1996",25.0,3,Southern Methodist,2021-22,1610612755,PHI,Philadelphia 76ers,77.0,https://cdn.nba.com/headshots/nba/latest/1040x760/1629003.png,https://cdn.nba.com/logos/nba/1610612755/primary/L/logo.svg
202699,Tobias Harris,tobias-harris,12,F,6-7,226,"JUL 15, 1992",29.0,10,Tennessee,2021-22,1610612755,PHI,Philadelphia 76ers,79.0,https://cdn.nba.com/headshots/nba/latest/1040x760/202699.png,https://cdn.nba.com/logos/nba/1610612755/primary/L/logo.svg
1630178,Tyrese Maxey,tyrese-maxey,0,G,6-2,200,"NOV 04, 2000",21.0,1,Kentucky,2021-22,1610612755,PHI,Philadelphia 76ers,74.0,https://cdn.nba.com/headshots/nba/latest/1040x760/1630178.png,https://cdn.nba.com/logos/nba/1610612755/primary/L/logo.svg
1628988,Aaron Holiday,aaron-holiday,4,G,6-0,185,"SEP 30, 1996",25.0,3,UCLA,2021-22,1610612756,PHX,Phoenix Suns,72.0,https://cdn.nba.com/headshots/nba/latest/1040x760/1628988.png,https://cdn.nba.com/logos/nba/1610612756/primary/L/logo.svg
202687,Bismack Biyombo,bismack-biyombo,18,C,6-8,255,"AUG 28, 1992",29.0,10,Baloncesto Fuenlabrada,2021-22,1610612756,PHX,Phoenix Suns,80.0,https://cdn.nba.com/headshots/nba/latest/1040x760/202687.png,https://cdn.nba.com/logos/nba/1610612756/primary/L/logo.svg
1629661,Cameron Johnson,cameron-johnson,23,F,6-8,210,"MAR 03, 1996",26.0,2,North Carolina,2021-22,1610612756,PHX,Phoenix Suns,80.0,https://cdn.nba.com/headshots/nba/latest/1040x760/1629661.png,https://cdn.nba.com/logos/nba/1610612756/primary/L/logo.svg
1626166,Cameron Payne,cameron-payne,15,G,6-1,183,"AUG 08, 1994",27.0,6,Murray State,2021-22,1610612756,PHX,Phoenix Suns,73.0,https://cdn.nba.com/headshots/nba/latest/1040x760/1626166.png,https://cdn.nba.com/logos/nba/1610612756/primary/L/logo.svg
101108,Chris Paul,chris-paul,3,G,6-0,175,"MAY 06, 1985",37.0,16,Wake Forest,2021-22,1610612756,PHX,Phoenix Suns,72.0,https://cdn.nba.com/headshots/nba/latest/1040x760/101108.png,https://cdn.nba.com/logos/nba/1610612756/primary/L/logo.svg
203967,Dario Šarić,dario-šarić,20,F-C,6-10,225,"APR 08, 1994",28.0,5,Anadolu Efes,2021-22,1610612756,PHX,Phoenix Suns,82.0,https://cdn.nba.com/headshots/nba/latest/1040x760/203967.png,https://cdn.nba.com/logos/nba/1610612756/primary/L/logo.svg
1629028,Deandre Ayton,deandre-ayton,22,C,6-11,250,"JUL 23, 1998",23.0,3,Arizona,2021-22,1610612756,PHX,Phoenix Suns,83.0,https://cdn.nba.com/headshots/nba/latest/1040x760/1629028.png,https://cdn.nba.com/logos/nba/1610612756/primary/L/logo.svg
1626164,Devin Booker,devin-booker,1,G,6-5,206,"OCT 30, 1996",25.0,6,Kentucky,2021-22,1610612756,PHX,Phoenix Suns,77.0,https://cdn.nba.com/headshots/nba/latest/1040x760/1626164.png,https://cdn.nba.com/logos/nba/1610612756/primary/L/logo.svg
203901,Elfrid Payton,elfrid-payton,2,G,6-3,195,"FEB 22, 1994",28.0,7,Louisana-Lafayette,2021-22,1610612756,PHX,Phoenix Suns,75.0,https://cdn.nba.com/headshots/nba/latest/1040x760/203901.png,https://cdn.nba.com/logos/nba/1610612756/primary/L/logo.svg
1630994,Gabriel Lundberg,gabriel-lundberg,19,G,6-4,203,"DEC 04, 1994",27.0,R,CSKA Moscow,2021-22,1610612756,PHX,Phoenix Suns,76.0,https://cdn.nba.com/headshots/nba/latest/1040x760/1630994.png,https://cdn.nba.com/logos/nba/1610612756/primary/L/logo.svg
1630688,Ish Wainright,ish-wainright,12,F,6-5,250,"SEP 12, 1994",27.0,R,Baylor,2021-22,1610612756,PHX,Phoenix Suns,77.0,https://cdn.nba.com/headshots/nba/latest/1040x760/1630688.png,https://cdn.nba.com/logos/nba/1610612756/primary/L/logo.svg
201580,JaVale McGee,javale-mcgee,00,C-F,7-0,270,"JAN 19, 1988",34.0,13,Nevada,2021-22,1610612756,PHX,Phoenix Suns,84.0,https://cdn.nba.com/headshots/nba/latest/1040x760/201580.png,https://cdn.nba.com/logos/nba/1610612756/primary/L/logo.svg
203109,Jae Crowder,jae-crowder,99,F,6-6,235,"JUL 06, 1990",31.0,9,Marquette,2021-22,1610612756,PHX,Phoenix Suns,78.0,https://cdn.nba.com/headshots/nba/latest/1040x760/203109.png,https://cdn.nba.com/logos/nba/1610612756/primary/L/logo.svg
1629013,Landry Shamet,landry-shamet,14,G,6-4,190,"MAR 13, 1997",25.0,3,Wichita State,2021-22,1610612756,PHX,Phoenix Suns,76.0,https://cdn.nba.com/headshots/nba/latest/1040x760/1629013.png,https://cdn.nba.com/logos/nba/1610612756/primary/L/logo.svg
1628969,Mikal Bridges,mikal-bridges,25,F,6-6,209,"AUG 30, 1996",25.0,3,Villanova,2021-22,1610612756,PHX,Phoenix Suns,78.0,https://cdn.nba.com/headshots/nba/latest/1040x760/1628969.png,https://cdn.nba.com/logos/nba/1610612756/primary/L/logo.svg
1628470,Torrey Craig,torrey-craig,0,F,6-7,221,"DEC 19, 1990",31.0,4,South Carolina Upstate,2021-22,1610612756,PHX,Phoenix Suns,79.0,https://cdn.nba.com/headshots/nba/latest/1040x760/1628470.png,https://cdn.nba.com/logos/nba/1610612756/primary/L/logo.svg
1629014,Anfernee Simons,anfernee-simons,1,G,6-3,181,"JUN 08, 1999",23.0,3,Edgewater HS (FL),2021-22,1610612757,POR,Portland Trail Blazers,75.0,https://cdn.nba.com/headshots/nba/latest/1040x760/1629014.png,https://cdn.nba.com/logos/nba/1610612757/primary/L/logo.svg
203463,Ben McLemore,ben-mclemore,23,G,6-3,195,"FEB 11, 1993",29.0,8,Kansas,2021-22,1610612757,POR,Portland Trail Blazers,75.0,https://cdn.nba.com/headshots/nba/latest/1040x760/203463.png,https://cdn.nba.com/logos/nba/1610612757/primary/L/logo.svg
1630314,Brandon Williams,brandon-williams,8,G,6-2,190,"NOV 22, 1999",22.0,R,Arizona,2021-22,1610612757,POR,Portland Trail Blazers,74.0,https://cdn.nba.com/headshots/nba/latest/1040x760/1630314.png,https://cdn.nba.com/logos/nba/1610612757/primary/L/logo.svg
1629604,CJ Elleby,cj-elleby,16,F-G,6-6,200,"JUN 16, 2000",22.0,1,Washington State,2021-22,1610612757,POR,Portland Trail Blazers,78.0,https://cdn.nba.com/headshots/nba/latest/1040x760/1629604.png,https://cdn.nba.com/logos/nba/1610612757/primary/L/logo.svg
203081,Damian Lillard,damian-lillard,0,G,6-2,195,"JUL 15, 1990",31.0,9,Weber State,2021-22,1610612757,POR,Portland Trail Blazers,74.0,https://cdn.nba.com/headshots/nba/latest/1040x760/203081.png,https://cdn.nba.com/logos/nba/1610612757/primary/L/logo.svg
1629712,Didi Louzada,didi-louzada,35,G,6-5,188,"JUL 02, 1999",22.0,1,Sydney,2021-22,1610612757,POR,Portland Trail Blazers,77.0,https://cdn.nba.com/headshots/nba/latest/1040x760/1629712.png,https://cdn.nba.com/logos/nba/1610612757/primary/L/logo.svg
1630190,Elijah Hughes,elijah-hughes,19,G,6-5,215,"MAR 10, 1998",24.0,1,Syracuse,2021-22,1610612757,POR,Portland Trail Blazers,77.0,https://cdn.nba.com/headshots/nba/latest/1040x760/1630190.png,https://cdn.nba.com/logos/nba/1610612757/primary/L/logo.svg
202339,Eric Bledsoe,eric-bledsoe,5,G,6-1,214,"DEC 09, 1989",32.0,11,Kentucky,2021-22,1610612757,POR,Portland Trail Blazers,73.0,https://cdn.nba.com/headshots/nba/latest/1040x760/202339.png,https://cdn.nba.com/logos/nba/1610612757/primary/L/logo.svg
1630535,Greg Brown III,greg-brown-iii,4,F,6-7,206,"SEP 01, 2001",20.0,R,Texas,2021-22,1610612757,POR,Portland Trail Blazers,79.0,https://cdn.nba.com/headshots/nba/latest/1040x760/1630535.png,https://cdn.nba.com/logos/nba/1610612757/primary/L/logo.svg
204060,Joe Ingles,joe-ingles,00,F-G,6-8,220,"OCT 02, 1987",34.0,7,Maccabi Tel Aviv,2021-22,1610612757,POR,Portland Trail Blazers,80.0,https://cdn.nba.com/headshots/nba/latest/1040x760/204060.png,https://cdn.nba.com/logos/nba/1610612757/primary/L/logo.svg
1628404,Josh Hart,josh-hart,11,G,6-5,215,"MAR 06, 1995",27.0,4,Villanova,2021-22,1610612757,POR,Portland Trail Blazers,77.0,https://cdn.nba.com/headshots/nba/latest/1040x760/1628404.png,https://cdn.nba.com/logos/nba/1610612757/primary/L/logo.svg
1626159,Justise Winslow,justise-winslow,26,F-G,6-6,222,"MAR 26, 1996",26.0,6,Duke,2021-22,1610612757,POR,Portland Trail Blazers,78.0,https://cdn.nba.com/headshots/nba/latest/1040x760/1626159.png,https://cdn.nba.com/logos/nba/1610612757/primary/L/logo.svg
203994,Jusuf Nurkić,jusuf-nurkić,27,C,6-11,290,"AUG 23, 1994",27.0,7,Cedevita,2021-22,1610612757,POR,Portland Trail Blazers,83.0,https://cdn.nba.com/headshots/nba/latest/1040x760/203994.png,https://cdn.nba.com/logos/nba/1610612757/primary/L/logo.svg
1629833,Keljin Blevins,keljin-blevins,21,G,6-4,200,"NOV 24, 1995",26.0,1,Montana State,2021-22,1610612757,POR,Portland Trail Blazers,76.0,https://cdn.nba.com/headshots/nba/latest/1040x760/1629833.png,https://cdn.nba.com/logos/nba/1610612757/primary/L/logo.svg
1630553,Keon Johnson,keon-johnson,6,G,6-4,185,"MAR 10, 2002",20.0,R,Tennessee,2021-22,1610612757,POR,Portland Trail Blazers,76.0,https://cdn.nba.com/headshots/nba/latest/1040x760/1630553.png,https://cdn.nba.com/logos/nba/1610612757/primary/L/logo.svg
1629642,Nassir Little,nassir-little,9,F-G,6-5,220,"FEB 11, 2000",22.0,2,North Carolina,2021-22,1610612757,POR,Portland Trail Blazers,77.0,https://cdn.nba.com/headshots/nba/latest/1040x760/1629642.png,https://cdn.nba.com/logos/nba/1610612757/primary/L/logo.svg
1630570,Trendon Watford,trendon-watford,2,F,6-8,237,"NOV 09, 2000",21.0,R,Louisiana State,2021-22,1610612757,POR,Portland Trail Blazers,80.0,https://cdn.nba.com/headshots/nba/latest/1040x760/1630570.png,https://cdn.nba.com/logos/nba/1610612757/primary/L/logo.svg
203458,Alex Len,alex-len,25,C,7-0,250,"JUN 16, 1993",29.0,8,Maryland,2021-22,1610612758,SAC,Sacramento Kings,84.0,https://cdn.nba.com/headshots/nba/latest/1040x760/203458.png,https://cdn.nba.com/logos/nba/1610612758/primary/L/logo.svg
1629002,Chimezie Metu,chimezie-metu,7,F-C,6-9,225,"MAR 22, 1997",25.0,3,USC,2021-22,1610612758,SAC,Sacramento Kings,81.0,https://cdn.nba.com/headshots/nba/latest/1040x760/1629002.png,https://cdn.nba.com/logos/nba/1610612758/primary/L/logo.svg
1627745,Damian Jones,damian-jones,30,C,6-11,245,"JUN 30, 1995",27.0,5,Vanderbilt,2021-22,1610612758,SAC,Sacramento Kings,83.0,https://cdn.nba.com/headshots/nba/latest/1040x760/1627745.png,https://cdn.nba.com/logos/nba/1610612758/primary/L/logo.svg
1630558,Davion Mitchell,davion-mitchell,15,G,6-0,202,"SEP 05, 1998",23.0,R,Baylor,2021-22,1610612758,SAC,Sacramento Kings,72.0,https://cdn.nba.com/headshots/nba/latest/1040x760/1630558.png,https://cdn.nba.com/logos/nba/1610612758/primary/L/logo.svg
1628368,De'Aaron Fox,deaaron-fox,5,G,6-3,185,"DEC 20, 1997",24.0,4,Kentucky,2021-22,1610612758,SAC,Sacramento Kings,75.0,https://cdn.nba.com/headshots/nba/latest/1040x760/1628368.png,https://cdn.nba.com/logos/nba/1610612758/primary/L/logo.svg
1627734,Domantas Sabonis,domantas-sabonis,10,F-C,6-11,240,"MAY 03, 1996",26.0,5,Gonzaga,2021-22,1610612758,SAC,Sacramento Kings,83.0,https://cdn.nba.com/headshots/nba/latest/1040x760/1627734.png,https://cdn.nba.com/logos/nba/1610612758/primary/L/logo.svg
1628978,Donte DiVincenzo,donte-divincenzo,0,G,6-4,203,"JAN 31, 1997",25.0,3,Villanova,2021-22,1610612758,SAC,Sacramento Kings,76.0,https://cdn.nba.com/headshots/nba/latest/1040x760/1628978.png,https://cdn.nba.com/logos/nba/1610612758/primary/L/logo.svg
203084,Harrison Barnes,harrison-barnes,40,F,6-8,225,"MAY 30, 1992",30.0,9,North Carolina,2021-22,1610612758,SAC,Sacramento Kings,80.0,https://cdn.nba.com/headshots/nba/latest/1040x760/203084.png,https://cdn.nba.com/logos/nba/1610612758/primary/L/logo.svg
203087,Jeremy Lamb,jeremy-lamb,26,G-F,6-5,180,"MAY 30, 1992",30.0,9,Connecticut,2021-22,1610612758,SAC,Sacramento Kings,77.0,https://cdn.nba.com/headshots/nba/latest/1040x760/203087.png,https://cdn.nba.com/logos/nba/1610612758/primary/L/logo.svg
1628367,Josh Jackson,josh-jackson,55,G-F,6-8,207,"FEB 10, 1997",25.0,4,Kansas,2021-22,1610612758,SAC,Sacramento Kings,80.0,https://cdn.nba.com/headshots/nba/latest/1040x760/1628367.png,https://cdn.nba.com/logos/nba/1610612758/primary/L/logo.svg
203200,Justin Holiday,justin-holiday,9,F-G,6-6,180,"APR 05, 1989",33.0,8,Washington,2021-22,1610612758,SAC,Sacramento Kings,78.0,https://cdn.nba.com/headshots/nba/latest/1040x760/203200.png,https://cdn.nba.com/logos/nba/1610612758/primary/L/logo.svg
203090,Maurice Harkless,maurice-harkless,8,F-G,6-7,220,"MAY 11, 1993",29.0,9,"St. John's, N.Y.",2021-22,1610612758,SAC,Sacramento Kings,79.0,https://cdn.nba.com/headshots/nba/latest/1040x760/203090.png,https://cdn.nba.com/logos/nba/1610612758/primary/L/logo.svg
1629674,Neemias Queta,neemias-queta,88,C,7-0,248,"JUL 13, 1999",22.0,R,Utah State,2021-22,1610612758,SAC,Sacramento Kings,84.0,https://cdn.nba.com/headshots/nba/latest/1040x760/1629674.png,https://cdn.nba.com/logos/nba/1610612758/primary/L/logo.svg
1626158,Richaun Holmes,richaun-holmes,22,F,6-10,235,"OCT 15, 1993",28.0,6,Bowling Green,2021-22,1610612758,SAC,Sacramento Kings,82.0,https://cdn.nba.com/headshots/nba/latest/1040x760/1626158.png,https://cdn.nba.com/logos/nba/1610612758/primary/L/logo.svg
1629056,Terence Davis,terence-davis,3,G,6-4,201,"MAY 16, 1997",25.0,2,Mississippi,2021-22,1610612758,SAC,Sacramento Kings,76.0,https://cdn.nba.com/headshots/nba/latest/1040x760/1629056.png,https://cdn.nba.com/logos/nba/1610612758/primary/L/logo.svg
1626168,Trey Lyles,trey-lyles,41,F,6-9,234,"NOV 05, 1995",26.0,6,Kentucky,2021-22,1610612758,SAC,Sacramento Kings,81.0,https://cdn.nba.com/headshots/nba/latest/1040x760/1626168.png,https://cdn.nba.com/logos/nba/1610612758/primary/L/logo.svg
1630597,DJ Stewart,dj-stewart,18,G,6-5,205,"JUL 28, 1999",22.0,R,Mississippi State,2021-22,1610612759,SAS,San Antonio Spurs,77.0,https://cdn.nba.com/headshots/nba/latest/1040x760/1630597.png,https://cdn.nba.com/logos/nba/1610612759/primary/L/logo.svg
1627749,Dejounte Murray,dejounte-murray,5,G,6-4,180,"SEP 19, 1996",25.0,5,Washington,2021-22,1610612759,SAS,San Antonio Spurs,76.0,https://cdn.nba.com/headshots/nba/latest/1040x760/1627749.png,https://cdn.nba.com/logos/nba/1610612759/primary/L/logo.svg
1630170,Devin Vassell,devin-vassell,24,G-F,6-5,200,"AUG 23, 2000",21.0,1,Florida State,2021-22,1610612759,SAS,San Antonio Spurs,77.0,https://cdn.nba.com/headshots/nba/latest/1040x760/1630170.png,https://cdn.nba.com/logos/nba/1610612759/primary/L/logo.svg
1629719,Devontae Cacok,devontae-cacok,18,F,6-7,240,"OCT 08, 1996",25.0,2,UNC-Wilmington,2021-22,1610612759,SAS,San Antonio Spurs,79.0,https://cdn.nba.com/headshots/nba/latest/1040x760/1629719.png,https://cdn.nba.com/logos/nba/1610612759/primary/L/logo.svg
203926,Doug McDermott,doug-mcdermott,17,F,6-7,225,"JAN 03, 1992",30.0,7,Creighton,2021-22,1610612759,SAS,San Antonio Spurs,79.0,https://cdn.nba.com/headshots/nba/latest/1040x760/203926.png,https://cdn.nba.com/logos/nba/1610612759/primary/L/logo.svg
1627751,Jakob Poeltl,jakob-poeltl,25,C,7-1,245,"OCT 15, 1995",26.0,5,Utah,2021-22,1610612759,SAS,San Antonio Spurs,85.0,https://cdn.nba.com/headshots/nba/latest/1040x760/1627751.png,https://cdn.nba.com/logos/nba/1610612759/primary/L/logo.svg
1629111,Jock Landale,jock-landale,34,C,6-11,255,"OCT 25, 1995",26.0,R,St. Mary's,2021-22,1610612759,SAS,San Antonio Spurs,83.0,https://cdn.nba.com/headshots/nba/latest/1040x760/1629111.png,https://cdn.nba.com/logos/nba/1610612759/primary/L/logo.svg
1630580,Joe Wieskamp,joe-wieskamp,15,G-F,6-6,205,"AUG 23, 1999",22.0,R,Iowa,2021-22,1610612759,SAS,San Antonio Spurs,78.0,https://cdn.nba.com/headshots/nba/latest/1040x760/1630580.png,https://cdn.nba.com/logos/nba/1610612759/primary/L/logo.svg
1626196,Josh Richardson,josh-richardson,7,G,6-5,200,"SEP 15, 1993",28.0,6,Tennessee,2021-22,1610612759,SAS,San Antonio Spurs,77.0,https://cdn.nba.com/headshots/nba/latest/1040x760/1626196.png,https://cdn.nba.com/logos/nba/1610612759/primary/L/logo.svg
1630563,Joshua Primo,joshua-primo,11,G,6-4,189,"DEC 24, 2002",19.0,R,Alabama,2021-22,1610612759,SAS,San Antonio Spurs,76.0,https://cdn.nba.com/headshots/nba/latest/1040x760/1630563.png,https://cdn.nba.com/logos/nba/1610612759/primary/L/logo.svg
1628966,Keita Bates-Diop,keita-bates-diop,31,F,6-8,229,"JAN 23, 1996",26.0,3,Ohio State,2021-22,1610612759,SAS,San Antonio Spurs,80.0,https://cdn.nba.com/headshots/nba/latest/1040x760/1628966.png,https://cdn.nba.com/logos/nba/1610612759/primary/L/logo.svg
1629640,Keldon Johnson,keldon-johnson,3,F-G,6-6,220,"OCT 11, 1999",22.0,2,Kentucky,2021-22,1610612759,SAS,San Antonio Spurs,78.0,https://cdn.nba.com/headshots/nba/latest/1040x760/1629640.png,https://cdn.nba.com/logos/nba/1610612759/primary/L/logo.svg
1629022,Lonnie Walker IV,lonnie-walker-iv,1,G-F,6-4,204,"DEC 14, 1998",23.0,3,Miami,2021-22,1610612759,SAS,San Antonio Spurs,76.0,https://cdn.nba.com/headshots/nba/latest/1040x760/1629022.png,https://cdn.nba.com/logos/nba/1610612759/primary/L/logo.svg
1630218,Robert Woodard II,robert-woodard-ii,28,F,6-6,235,"SEP 22, 1999",22.0,1,Mississippi State,2021-22,1610612759,SAS,San Antonio Spurs,78.0,https://cdn.nba.com/headshots/nba/latest/1040x760/1630218.png,https://cdn.nba.com/logos/nba/1610612759/primary/L/logo.svg
1629641,Romeo Langford,romeo-langford,35,G-F,6-5,216,"OCT 25, 1999",22.0,2,Indiana,2021-22,1610612759,SAS,San Antonio Spurs,77.0,https://cdn.nba.com/headshots/nba/latest/1040x760/1629641.png,https://cdn.nba.com/logos/nba/1610612759/primary/L/logo.svg
1630200,Tre Jones,tre-jones,33,G,6-1,185,"JAN 08, 2000",22.0,1,Duke,2021-22,1610612759,SAS,San Antonio Spurs,73.0,https://cdn.nba.com/headshots/nba/latest/1040x760/1630200.png,https://cdn.nba.com/logos/nba/1610612759/primary/L/logo.svg
1628380,Zach Collins,zach-collins,23,F-C,6-11,250,"NOV 19, 1997",24.0,4,Gonzaga,2021-22,1610612759,SAS,San Antonio Spurs,83.0,https://cdn.nba.com/headshots/nba/latest/1040x760/1628380.png,https://cdn.nba.com/logos/nba/1610612759/primary/L/logo.svg
1629717,Armoni Brooks,armoni-brooks,1,G,6-3,195,"JUN 05, 1998",24.0,1,Houston,2021-22,1610612761,TOR,Toronto Raptors,75.0,https://cdn.nba.com/headshots/nba/latest/1040x760/1629717.png,https://cdn.nba.com/logos/nba/1610612761/primary/L/logo.svg
1628449,Chris Boucher,chris-boucher,25,F-C,6-9,200,"JAN 11, 1993",29.0,4,Oregon,2021-22,1610612761,TOR,Toronto Raptors,81.0,https://cdn.nba.com/headshots/nba/latest/1040x760/1628449.png,https://cdn.nba.com/logos/nba/1610612761/primary/L/logo.svg
1630625,Dalano Banton,dalano-banton,45,F,6-7,204,"NOV 07, 1999",22.0,R,Nebraska,2021-22,1610612761,TOR,Toronto Raptors,79.0,https://cdn.nba.com/headshots/nba/latest/1040x760/1630625.png,https://cdn.nba.com/logos/nba/1610612761/primary/L/logo.svg
1630525,David Johnson,david-johnson,13,G,6-4,203,"FEB 26, 2001",21.0,R,Louisville,2021-22,1610612761,TOR,Toronto Raptors,76.0,https://cdn.nba.com/headshots/nba/latest/1040x760/1630525.png,https://cdn.nba.com/logos/nba/1610612761/primary/L/logo.svg
1627832,Fred VanVleet,fred-vanvleet,23,G,6-1,197,"FEB 25, 1994",28.0,5,Wichita State,2021-22,1610612761,TOR,Toronto Raptors,73.0,https://cdn.nba.com/headshots/nba/latest/1040x760/1627832.png,https://cdn.nba.com/logos/nba/1610612761/primary/L/logo.svg
1629018,Gary Trent Jr.,gary-trent-jr,33,G-F,6-5,209,"JAN 18, 1999",23.0,3,Duke,2021-22,1610612761,TOR,Toronto Raptors,77.0,https://cdn.nba.com/headshots/nba/latest/1040x760/1629018.png,https://cdn.nba.com/logos/nba/1610612761/primary/L/logo.svg
1629067,Isaac Bonga,isaac-bonga,17,G,6-8,180,"NOV 08, 1999",22.0,3,Skyliners Frankfurt,2021-22,1610612761,TOR,Toronto Raptors,80.0,https://cdn.nba.com/headshots/nba/latest/1040x760/1629067.png,https://cdn.nba.com/logos/nba/1610612761/primary/L/logo.svg
1630551,Justin Champagnie,justin-champagnie,11,G-F,6-6,206,"JUN 29, 2001",21.0,R,Pittsburgh,2021-22,1610612761,TOR,Toronto Raptors,78.0,https://cdn.nba.com/headshots/nba/latest/1040x760/1630551.png,https://cdn.nba.com/logos/nba/1610612761/primary/L/logo.svg
203920,Khem Birch,khem-birch,24,C,6-9,233,"SEP 28, 1992",29.0,4,UNLV,2021-22,1610612761,TOR,Toronto Raptors,81.0,https://cdn.nba.com/headshots/nba/latest/1040x760/203920.png,https://cdn.nba.com/logos/nba/1610612761/primary/L/logo.svg
1630201,Malachi Flynn,malachi-flynn,22,G,6-1,175,"MAY 09, 1998",24.0,1,San Diego State,2021-22,1610612761,TOR,Toronto Raptors,73.0,https://cdn.nba.com/headshots/nba/latest/1040x760/1630201.png,https://cdn.nba.com/logos/nba/1610612761/primary/L/logo.svg
1628384,OG Anunoby,og-anunoby,3,F,6-7,232,"JUL 17, 1997",24.0,4,Indiana,2021-22,1610612761,TOR,Toronto Raptors,79.0,https://cdn.nba.com/headshots/nba/latest/1040x760/1628384.png,https://cdn.nba.com/logos/nba/1610612761/primary/L/logo.svg
1627783,Pascal Siakam,pascal-siakam,43,F,6-8,230,"APR 02, 1994",28.0,5,New Mexico State,2021-22,1610612761,TOR,Toronto Raptors,80.0,https://cdn.nba.com/headshots/nba/latest/1040x760/1627783.png,https://cdn.nba.com/logos/nba/1610612761/primary/L/logo.svg
1630173,Precious Achiuwa,precious-achiuwa,5,F,6-8,225,"SEP 19, 1999",22.0,1,Memphis,2021-22,1610612761,TOR,Toronto Raptors,80.0,https://cdn.nba.com/headshots/nba/latest/1040x760/1630173.png,https://cdn.nba.com/logos/nba/1610612761/primary/L/logo.svg
1630567,Scottie Barnes,scottie-barnes,4,F,6-7,225,"AUG 01, 2001",20.0,R,Florida State,2021-22,1610612761,TOR,Toronto Raptors,79.0,https://cdn.nba.com/headshots/nba/latest/1040x760/1630567.png,https://cdn.nba.com/logos/nba/1610612761/primary/L/logo.svg
1629004,Svi Mykhailiuk,svi-mykhailiuk,14,G-F,6-7,205,"JUN 10, 1997",25.0,3,Kansas,2021-22,1610612761,TOR,Toronto Raptors,79.0,https://cdn.nba.com/headshots/nba/latest/1040x760/1629004.png,https://cdn.nba.com/logos/nba/1610612761/primary/L/logo.svg
201152,Thaddeus Young,thaddeus-young,21,F,6-8,235,"JUN 21, 1988",34.0,14,Georgia Tech,2021-22,1610612761,TOR,Toronto Raptors,80.0,https://cdn.nba.com/headshots/nba/latest/1040x760/201152.png,https://cdn.nba.com/logos/nba/1610612761/primary/L/logo.svg
1629139,Yuta Watanabe,yuta-watanabe,18,G-F,6-9,215,"OCT 13, 1994",27.0,3,George Washington,2021-22,1610612761,TOR,Toronto Raptors,81.0,https://cdn.nba.com/headshots/nba/latest/1040x760/1629139.png,https://cdn.nba.com/logos/nba/1610612761/primary/L/logo.svg
202711,Bojan Bogdanovic,bojan-bogdanovic,44,F,6-7,226,"APR 18, 1989",33.0,7,Fenerbahce,2021-22,1610612762,UTA,Utah Jazz,79.0,https://cdn.nba.com/headshots/nba/latest/1040x760/202711.png,https://cdn.nba.com/logos/nba/1610612762/primary/L/logo.svg
1627863,Danuel House Jr.,danuel-house-jr,25,F-G,6-6,220,"JUN 07, 1993",29.0,5,Texas A&M,2021-22,1610612762,UTA,Utah Jazz,78.0,https://cdn.nba.com/headshots/nba/latest/1040x760/1627863.png,https://cdn.nba.com/logos/nba/1610612762/primary/L/logo.svg
1628378,Donovan Mitchell,donovan-mitchell,45,G,6-1,215,"SEP 07, 1996",25.0,4,Louisville,2021-22,1610612762,UTA,Utah Jazz,73.0,https://cdn.nba.com/headshots/nba/latest/1040x760/1628378.png,https://cdn.nba.com/logos/nba/1610612762/primary/L/logo.svg
1629672,Eric Paschall,eric-paschall,0,F,6-6,255,"NOV 04, 1996",25.0,2,Villanova,2021-22,1610612762,UTA,Utah Jazz,78.0,https://cdn.nba.com/headshots/nba/latest/1040x760/1629672.png,https://cdn.nba.com/logos/nba/1610612762/primary/L/logo.svg
202355,Hassan Whiteside,hassan-whiteside,21,C,7-0,265,"JUN 13, 1989",33.0,9,Marshall,2021-22,1610612762,UTA,Utah Jazz,84.0,https://cdn.nba.com/headshots/nba/latest/1040x760/202355.png,https://cdn.nba.com/logos/nba/1610612762/primary/L/logo.svg
1630215,Jared Butler,jared-butler,13,G,6-3,193,"AUG 25, 2000",21.0,R,Baylor,2021-22,1610612762,UTA,Utah Jazz,75.0,https://cdn.nba.com/headshots/nba/latest/1040x760/1630215.png,https://cdn.nba.com/logos/nba/1610612762/primary/L/logo.svg
203903,Jordan Clarkson,jordan-clarkson,00,G,6-4,194,"JUN 07, 1992",30.0,7,Missouri,2021-22,1610612762,UTA,Utah Jazz,76.0,https://cdn.nba.com/headshots/nba/latest/1040x760/203903.png,https://cdn.nba.com/logos/nba/1610612762/primary/L/logo.svg
1627823,Juancho Hernangomez,juancho-hernangomez,41,F,6-9,214,"SEP 28, 1995",26.0,5,Estudiantes,2021-22,1610612762,UTA,Utah Jazz,81.0,https://cdn.nba.com/headshots/nba/latest/1040x760/1627823.png,https://cdn.nba.com/logos/nba/1610612762/primary/L/logo.svg
201144,Mike Conley,mike-conley,11,G,6-1,175,"OCT 11, 1987",34.0,14,Ohio State,2021-22,1610612762,UTA,Utah Jazz,73.0,https://cdn.nba.com/headshots/nba/latest/1040x760/201144.png,https://cdn.nba.com/logos/nba/1610612762/primary/L/logo.svg
1629638,Nickeil Alexander-Walker,nickeil-alexander-walker,6,G,6-5,205,"SEP 02, 1998",23.0,2,Virginia Tech,2021-22,1610612762,UTA,Utah Jazz,77.0,https://cdn.nba.com/headshots/nba/latest/1040x760/1629638.png,https://cdn.nba.com/logos/nba/1610612762/primary/L/logo.svg
1626220,Royce O'Neale,royce-oneale,23,F,6-5,226,"JUN 05, 1993",29.0,4,Baylor,2021-22,1610612762,UTA,Utah Jazz,77.0,https://cdn.nba.com/headshots/nba/latest/1040x760/1626220.png,https://cdn.nba.com/logos/nba/1610612762/primary/L/logo.svg
200752,Rudy Gay,rudy-gay,8,F-G,6-8,250,"AUG 17, 1986",35.0,15,Connecticut,2021-22,1610612762,UTA,Utah Jazz,80.0,https://cdn.nba.com/headshots/nba/latest/1040x760/200752.png,https://cdn.nba.com/logos/nba/1610612762/primary/L/logo.svg
203497,Rudy Gobert,rudy-gobert,27,C,7-1,258,"JUN 26, 1992",30.0,8,Cholet,2021-22,1610612762,UTA,Utah Jazz,85.0,https://cdn.nba.com/headshots/nba/latest/1040x760/203497.png,https://cdn.nba.com/logos/nba/1610612762/primary/L/logo.svg
1630235,Trent Forrest,trent-forrest,3,G,6-4,210,"JUN 12, 1998",24.0,1,Florida State,2021-22,1610612762,UTA,Utah Jazz,76.0,https://cdn.nba.com/headshots/nba/latest/1040x760/1630235.png,https://cdn.nba.com/logos/nba/1610612762/primary/L/logo.svg
1628962,Udoka Azubuike,udoka-azubuike,20,C-F,7-0,270,"SEP 17, 1999",22.0,1,Kansas,2021-22,1610612762,UTA,Utah Jazz,84.0,https://cdn.nba.com/headshots/nba/latest/1040x760/1628962.png,https://cdn.nba.com/logos/nba/1610612762/primary/L/logo.svg
1630270,Xavier Sneed,xavier-sneed,19,F,6-5,215,"DEC 21, 1997",24.0,R,Kansas State,2021-22,1610612762,UTA,Utah Jazz,77.0,https://cdn.nba.com/headshots/nba/latest/1040x760/1630270.png,https://cdn.nba.com/logos/nba/1610612762/primary/L/logo.svg
1630264,Anthony Gill,anthony-gill,16,F,6-7,230,"OCT 17, 1992",29.0,1,Virginia,2021-22,1610612764,WAS,Washington Wizards,79.0,https://cdn.nba.com/headshots/nba/latest/1040x760/1630264.png,https://cdn.nba.com/logos/nba/1610612764/primary/L/logo.svg
203078,Bradley Beal,bradley-beal,3,G,6-4,207,"JUN 28, 1993",29.0,9,Florida,2021-22,1610612764,WAS,Washington Wizards,76.0,https://cdn.nba.com/headshots/nba/latest/1040x760/203078.png,https://cdn.nba.com/logos/nba/1610612764/primary/L/logo.svg
1630216,Cassius Winston,cassius-winston,5,G,6-1,185,"FEB 28, 1998",24.0,1,Michigan State,2021-22,1610612764,WAS,Washington Wizards,73.0,https://cdn.nba.com/headshots/nba/latest/1040x760/1630216.png,https://cdn.nba.com/logos/nba/1610612764/primary/L/logo.svg
1630557,Corey Kispert,corey-kispert,24,F,6-6,224,"MAR 03, 1999",23.0,R,Gonzaga,2021-22,1610612764,WAS,Washington Wizards,78.0,https://cdn.nba.com/headshots/nba/latest/1040x760/1630557.png,https://cdn.nba.com/logos/nba/1610612764/primary/L/logo.svg
1629655,Daniel Gafford,daniel-gafford,21,F-C,6-9,234,"OCT 01, 1998",23.0,2,Arkansas,2021-22,1610612764,WAS,Washington Wizards,81.0,https://cdn.nba.com/headshots/nba/latest/1040x760/1629655.png,https://cdn.nba.com/logos/nba/1610612764/primary/L/logo.svg
1630166,Deni Avdija,deni-avdija,9,F,6-9,210,"JAN 03, 2001",21.0,1,Maccabi Tel Aviv,2021-22,1610612764,WAS,Washington Wizards,81.0,https://cdn.nba.com/headshots/nba/latest/1040x760/1630166.png,https://cdn.nba.com/logos/nba/1610612764/primary/L/logo.svg
1630225,Isaiah Todd,isaiah-todd,14,F,6-9,219,"OCT 17, 2001",20.0,R,G League Ignite,2021-22,1610612764,WAS,Washington Wizards,81.0,https://cdn.nba.com/headshots/nba/latest/1040x760/1630225.png,https://cdn.nba.com/logos/nba/1610612764/primary/L/logo.svg
202397,Ish Smith,ish-smith,4,G,6-0,175,"JUL 05, 1988",33.0,11,Wake Forest,2021-22,1610612764,WAS,Washington Wizards,72.0,https://cdn.nba.com/headshots/nba/latest/1040x760/202397.png,https://cdn.nba.com/logos/nba/1610612764/primary/L/logo.svg
1630648,Jordan Schakel,jordan-schakel,20,G,6-6,200,"JUN 13, 1998",24.0,R,San Diego State,2021-22,1610612764,WAS,Washington Wizards,78.0,https://cdn.nba.com/headshots/nba/latest/1040x760/1630648.png,https://cdn.nba.com/logos/nba/1610612764/primary/L/logo.svg
203484,Kentavious Caldwell-Pope,kentavious-caldwell-pope,1,G,6-5,204,"FEB 18, 1993",29.0,8,Georgia,2021-22,1610612764,WAS,Washington Wizards,77.0,https://cdn.nba.com/headshots/nba/latest/1040x760/203484.png,https://cdn.nba.com/logos/nba/1610612764/primary/L/logo.svg
204001,Kristaps Porziņģis,kristaps-porziņģis,6,F-C,7-3,240,"AUG 02, 1995",26.0,6,Cajasol Sevilla,2021-22,1610612764,WAS,Washington Wizards,87.0,https://cdn.nba.com/headshots/nba/latest/1040x760/204001.png,https://cdn.nba.com/logos/nba/1610612764/primary/L/logo.svg
1628398,Kyle Kuzma,kyle-kuzma,33,F,6-9,221,"JUL 24, 1995",26.0,4,Utah,2021-22,1610612764,WAS,Washington Wizards,81.0,https://cdn.nba.com/headshots/nba/latest/1040x760/1628398.png,https://cdn.nba.com/logos/nba/1610612764/primary/L/logo.svg
203526,Raul Neto,raul-neto,19,G,6-2,180,"MAY 19, 1992",30.0,6,Murcia,2021-22,1610612764,WAS,Washington Wizards,74.0,https://cdn.nba.com/headshots/nba/latest/1040x760/203526.png,https://cdn.nba.com/logos/nba/1610612764/primary/L/logo.svg
1629060,Rui Hachimura,rui-hachimura,8,F,6-8,230,"FEB 08, 1998",24.0,2,Gonzaga,2021-22,1610612764,WAS,Washington Wizards,80.0,https://cdn.nba.com/headshots/nba/latest/1040x760/1629060.png,https://cdn.nba.com/logos/nba/1610612764/primary/L/logo.svg
1628418,Thomas Bryant,thomas-bryant,13,C-F,6-10,248,"JUL 31, 1997",24.0,4,Indiana,2021-22,1610612764,WAS,Washington Wizards,82.0,https://cdn.nba.com/headshots/nba/latest/1040x760/1628418.png,https://cdn.nba.com/logos/nba/1610612764/primary/L/logo.svg
203107,Tomas Satoransky,tomas-satoransky,31,G,6-7,210,"OCT 30, 1991",30.0,5,FC Barcelona,2021-22,1610612764,WAS,Washington Wizards,79.0,https://cdn.nba.com/headshots/nba/latest/1040x760/203107.png,https://cdn.nba.com/logos/nba/1610612764/primary/L/logo.svg
1630176,Vernon Carey Jr.,vernon-carey-jr,22,F-C,6-9,270,"FEB 25, 2001",21.0,1,Duke,2021-22,1610612764,WAS,Washington Wizards,81.0,https://cdn.nba.com/headshots/nba/latest/1040x760/1630176.png,https://cdn.nba.com/logos/nba/1610612764/primary/L/logo.svg
1631100,AJ Griffin,aj-griffin,14,F,6-6,220,"AUG 25, 2003",19.0,R,Duke,2022-23,1610612737,ATL,Atlanta Hawks,78.0,https://cdn.nba.com/headshots/nba/latest/1040x760/1631100.png,https://cdn.nba.com/logos/nba/1610612737/primary/L/logo.svg
1628988,Aaron Holiday,aaron-holiday,3,G,6-0,185,"SEP 30, 1996",26.0,4,UCLA,2022-23,1610612737,ATL,Atlanta Hawks,72.0,https://cdn.nba.com/headshots/nba/latest/1040x760/1628988.png,https://cdn.nba.com/logos/nba/1610612737/primary/L/logo.svg
203992,Bogdan Bogdanović,bogdan-bogdanović,13,G,6-5,225,"AUG 18, 1992",30.0,5,Fenerbahce,2022-23,1610612737,ATL,Atlanta Hawks,77.0,https://cdn.nba.com/headshots/nba/latest/1040x760/203992.png,https://cdn.nba.com/logos/nba/1610612737/primary/L/logo.svg
1628981,Bruno Fernando,bruno-fernando,0,F-C,6-10,240,"AUG 15, 1998",24.0,3,Maryland,2022-23,1610612737,ATL,Atlanta Hawks,82.0,https://cdn.nba.com/headshots/nba/latest/1040x760/1628981.png,https://cdn.nba.com/logos/nba/1610612737/primary/L/logo.svg
203991,Clint Capela,clint-capela,15,C,6-10,256,"MAY 18, 1994",29.0,8,Elan Chalon,2022-23,1610612737,ATL,Atlanta Hawks,82.0,https://cdn.nba.com/headshots/nba/latest/1040x760/203991.png,https://cdn.nba.com/logos/nba/1610612737/primary/L/logo.svg
1629631,De'Andre Hunter,deandre-hunter,12,F-G,6-8,221,"DEC 02, 1997",25.0,3,Virginia,2022-23,1610612737,ATL,Atlanta Hawks,80.0,https://cdn.nba.com/headshots/nba/latest/1040x760/1629631.png,https://cdn.nba.com/logos/nba/1610612737/primary/L/logo.svg
1627749,Dejounte Murray,dejounte-murray,5,G,6-5,180,"SEP 19, 1996",26.0,6,Washington,2022-23,1610612737,ATL,Atlanta Hawks,77.0,https://cdn.nba.com/headshots/nba/latest/1040x760/1627749.png,https://cdn.nba.com/logos/nba/1610612737/primary/L/logo.svg
1631495,Donovan Williams,donovan-williams,,G,6-6,190,"SEP 06, 2001",21.0,R,UNLV,2022-23,1610612737,ATL,Atlanta Hawks,78.0,https://cdn.nba.com/headshots/nba/latest/1040x760/1631495.png,https://cdn.nba.com/logos/nba/1610612737/primary/L/logo.svg
1629726,Garrison Mathews,garrison-mathews,25,G,6-6,215,"OCT 24, 1996",26.0,3,Lipscomb,2022-23,1610612737,ATL,Atlanta Hawks,78.0,https://cdn.nba.com/headshots/nba/latest/1040x760/1629726.png,https://cdn.nba.com/logos/nba/1610612737/primary/L/logo.svg
1630552,Jalen Johnson,jalen-johnson,1,F,6-8,219,"DEC 18, 2001",21.0,1,Duke,2022-23,1610612737,ATL,Atlanta Hawks,80.0,https://cdn.nba.com/headshots/nba/latest/1040x760/1630552.png,https://cdn.nba.com/logos/nba/1610612737/primary/L/logo.svg
1628381,John Collins,john-collins,20,F-C,6-9,226,"SEP 23, 1997",25.0,5,Wake Forest,2022-23,1610612737,ATL,Atlanta Hawks,81.0,https://cdn.nba.com/headshots/nba/latest/1040x760/1628381.png,https://cdn.nba.com/logos/nba/1610612737/primary/L/logo.svg
1630168,Onyeka Okongwu,onyeka-okongwu,17,F-C,6-9,240,"DEC 11, 2000",22.0,2,Southern California,2022-23,1610612737,ATL,Atlanta Hawks,81.0,https://cdn.nba.com/headshots/nba/latest/1040x760/1630168.png,https://cdn.nba.com/logos/nba/1610612737/primary/L/logo.svg
1630180,Saddiq Bey,saddiq-bey,41,F,6-7,215,"APR 09, 1999",24.0,2,Villanova,2022-23,1610612737,ATL,Atlanta Hawks,79.0,https://cdn.nba.com/headshots/nba/latest/1040x760/1630180.png,https://cdn.nba.com/logos/nba/1610612737/primary/L/logo.svg
1629027,Trae Young,trae-young,11,G,6-1,164,"SEP 19, 1998",24.0,4,Oklahoma,2022-23,1610612737,ATL,Atlanta Hawks,73.0,https://cdn.nba.com/headshots/nba/latest/1040x760/1629027.png,https://cdn.nba.com/logos/nba/1610612737/primary/L/logo.svg
1630235,Trent Forrest,trent-forrest,2,G,6-4,210,"JUN 12, 1998",25.0,2,Florida State,2022-23,1610612737,ATL,Atlanta Hawks,76.0,https://cdn.nba.com/headshots/nba/latest/1040x760/1630235.png,https://cdn.nba.com/logos/nba/1610612737/primary/L/logo.svg
1631213,Tyrese Martin,tyrese-martin,22,G,6-6,215,"MAR 07, 1999",24.0,R,Connecticut,2022-23,1610612737,ATL,Atlanta Hawks,78.0,https://cdn.nba.com/headshots/nba/latest/1040x760/1631213.png,https://cdn.nba.com/logos/nba/1610612737/primary/L/logo.svg
1630249,Vít Krejčí,vít-krejčí,27,G,6-8,195,"JUN 19, 2000",23.0,1,Zaragoza,2022-23,1610612737,ATL,Atlanta Hawks,80.0,https://cdn.nba.com/headshots/nba/latest/1040x760/1630249.png,https://cdn.nba.com/logos/nba/1610612737/primary/L/logo.svg
1627732,Ben Simmons,ben-simmons,10,G-F,6-10,240,"JUL 20, 1996",26.0,5,Louisiana State,2022-23,1610612751,BKN,Brooklyn Nets,82.0,https://cdn.nba.com/headshots/nba/latest/1040x760/1627732.png,https://cdn.nba.com/logos/nba/1610612751/primary/L/logo.svg
1630560,Cam Thomas,cam-thomas,24,G,6-3,210,"OCT 13, 2001",21.0,1,Louisiana State,2022-23,1610612751,BKN,Brooklyn Nets,75.0,https://cdn.nba.com/headshots/nba/latest/1040x760/1630560.png,https://cdn.nba.com/logos/nba/1610612751/primary/L/logo.svg
1629661,Cameron Johnson,cameron-johnson,2,F,6-8,210,"MAR 03, 1996",27.0,3,North Carolina,2022-23,1610612751,BKN,Brooklyn Nets,80.0,https://cdn.nba.com/headshots/nba/latest/1040x760/1629661.png,https://cdn.nba.com/logos/nba/1610612751/primary/L/logo.svg
1630561,David Duke Jr.,david-duke-jr,6,G,6-4,204,"OCT 13, 1999",23.0,1,Providence,2022-23,1610612751,BKN,Brooklyn Nets,76.0,https://cdn.nba.com/headshots/nba/latest/1040x760/1630561.png,https://cdn.nba.com/logos/nba/1610612751/primary/L/logo.svg
1630549,Day'Ron Sharpe,dayron-sharpe,20,C,6-9,265,"NOV 06, 2001",21.0,1,North Carolina,2022-23,1610612751,BKN,Brooklyn Nets,81.0,https://cdn.nba.com/headshots/nba/latest/1040x760/1630549.png,https://cdn.nba.com/logos/nba/1610612751/primary/L/logo.svg
1627827,Dorian Finney-Smith,dorian-finney-smith,28,F,6-7,220,"MAY 04, 1993",30.0,6,Florida,2022-23,1610612751,BKN,Brooklyn Nets,79.0,https://cdn.nba.com/headshots/nba/latest/1040x760/1627827.png,https://cdn.nba.com/logos/nba/1610612751/primary/L/logo.svg
1630696,Dru Smith,dru-smith,9,G,6-3,203,"DEC 30, 1997",25.0,R,Missouri,2022-23,1610612751,BKN,Brooklyn Nets,75.0,https://cdn.nba.com/headshots/nba/latest/1040x760/1630696.png,https://cdn.nba.com/logos/nba/1610612751/primary/L/logo.svg
1628410,Edmond Sumner,edmond-sumner,4,G,6-4,196,"DEC 31, 1995",27.0,4,Xavier,2022-23,1610612751,BKN,Brooklyn Nets,76.0,https://cdn.nba.com/headshots/nba/latest/1040x760/1628410.png,https://cdn.nba.com/logos/nba/1610612751/primary/L/logo.svg
203925,Joe Harris,joe-harris,12,G-F,6-6,220,"SEP 06, 1991",31.0,8,Virginia,2022-23,1610612751,BKN,Brooklyn Nets,78.0,https://cdn.nba.com/headshots/nba/latest/1040x760/203925.png,https://cdn.nba.com/logos/nba/1610612751/primary/L/logo.svg
1628969,Mikal Bridges,mikal-bridges,1,G-F,6-6,209,"AUG 30, 1996",26.0,4,Villanova,2022-23,1610612751,BKN,Brooklyn Nets,78.0,https://cdn.nba.com/headshots/nba/latest/1040x760/1628969.png,https://cdn.nba.com/logos/nba/1610612751/primary/L/logo.svg
1629651,Nic Claxton,nic-claxton,33,C,6-11,215,"APR 17, 1999",24.0,3,Georgia,2022-23,1610612751,BKN,Brooklyn Nets,83.0,https://cdn.nba.com/headshots/nba/latest/1040x760/1629651.png,https://cdn.nba.com/logos/nba/1610612751/primary/L/logo.svg
201988,Patty Mills,patty-mills,8,G,6-0,180,"AUG 11, 1988",34.0,13,St. Mary's,2022-23,1610612751,BKN,Brooklyn Nets,72.0,https://cdn.nba.com/headshots/nba/latest/1040x760/201988.png,https://cdn.nba.com/logos/nba/1610612751/primary/L/logo.svg
1630564,RaiQuan Gray,raiquan-gray,0,F,6-7,269,"JUL 07, 1999",23.0,R,Florida State,2022-23,1610612751,BKN,Brooklyn Nets,79.0,https://cdn.nba.com/headshots/nba/latest/1040x760/1630564.png,https://cdn.nba.com/logos/nba/1610612751/primary/L/logo.svg
1626220,Royce O'Neale,royce-oneale,00,F,6-6,226,"JUN 05, 1993",30.0,5,Baylor,2022-23,1610612751,BKN,Brooklyn Nets,78.0,https://cdn.nba.com/headshots/nba/latest/1040x760/1626220.png,https://cdn.nba.com/logos/nba/1610612751/primary/L/logo.svg
203552,Seth Curry,seth-curry,30,G,6-1,185,"AUG 23, 1990",32.0,9,Duke,2022-23,1610612751,BKN,Brooklyn Nets,73.0,https://cdn.nba.com/headshots/nba/latest/1040x760/203552.png,https://cdn.nba.com/logos/nba/1610612751/primary/L/logo.svg
203915,Spencer Dinwiddie,spencer-dinwiddie,26,G,6-5,215,"APR 06, 1993",30.0,8,Colorado,2022-23,1610612751,BKN,Brooklyn Nets,77.0,https://cdn.nba.com/headshots/nba/latest/1040x760/203915.png,https://cdn.nba.com/logos/nba/1610612751/primary/L/logo.svg
1629139,Yuta Watanabe,yuta-watanabe,18,G-F,6-8,215,"OCT 13, 1994",28.0,4,George Washington,2022-23,1610612751,BKN,Brooklyn Nets,80.0,https://cdn.nba.com/headshots/nba/latest/1040x760/1629139.png,https://cdn.nba.com/logos/nba/1610612751/primary/L/logo.svg
201143,Al Horford,al-horford,42,C-F,6-9,240,"JUN 03, 1986",37.0,15,Florida,2022-23,1610612738,BOS,Boston Celtics,81.0,https://cdn.nba.com/headshots/nba/latest/1040x760/201143.png,https://cdn.nba.com/logos/nba/1610612738/primary/L/logo.svg
201933,Blake Griffin,blake-griffin,91,F,6-9,250,"MAR 16, 1989",34.0,12,Oklahoma,2022-23,1610612738,BOS,Boston Celtics,81.0,https://cdn.nba.com/headshots/nba/latest/1040x760/201933.png,https://cdn.nba.com/logos/nba/1610612738/primary/L/logo.svg
201568,Danilo Gallinari,danilo-gallinari,8,F,6-10,236,"AUG 08, 1988",34.0,13,Olimpia Milano,2022-23,1610612738,BOS,Boston Celtics,82.0,https://cdn.nba.com/headshots/nba/latest/1040x760/201568.png,https://cdn.nba.com/logos/nba/1610612738/primary/L/logo.svg
1628401,Derrick White,derrick-white,9,G,6-4,190,"JUL 02, 1994",28.0,5,Colorado,2022-23,1610612738,BOS,Boston Celtics,76.0,https://cdn.nba.com/headshots/nba/latest/1040x760/1628401.png,https://cdn.nba.com/logos/nba/1610612738/primary/L/logo.svg
1629684,Grant Williams,grant-williams,12,F,6-6,236,"NOV 30, 1998",24.0,3,Tennessee,2022-23,1610612738,BOS,Boston Celtics,78.0,https://cdn.nba.com/headshots/nba/latest/1040x760/1629684.png,https://cdn.nba.com/logos/nba/1610612738/primary/L/logo.svg
1631120,JD Davison,jd-davison,20,G,6-1,195,"OCT 03, 2002",20.0,R,Alabama,2022-23,1610612738,BOS,Boston Celtics,73.0,https://cdn.nba.com/headshots/nba/latest/1040x760/1631120.png,https://cdn.nba.com/logos/nba/1610612738/primary/L/logo.svg
1627759,Jaylen Brown,jaylen-brown,7,G-F,6-6,223,"OCT 24, 1996",26.0,6,California,2022-23,1610612738,BOS,Boston Celtics,78.0,https://cdn.nba.com/headshots/nba/latest/1040x760/1627759.png,https://cdn.nba.com/logos/nba/1610612738/primary/L/logo.svg
1628369,Jayson Tatum,jayson-tatum,0,F-G,6-8,210,"MAR 03, 1998",25.0,5,Duke,2022-23,1610612738,BOS,Boston Celtics,80.0,https://cdn.nba.com/headshots/nba/latest/1040x760/1628369.png,https://cdn.nba.com/logos/nba/1610612738/primary/L/logo.svg
1630551,Justin Champagnie,justin-champagnie,99,G-F,6-6,206,"JUN 29, 2001",22.0,1,Pittsburgh,2022-23,1610612738,BOS,Boston Celtics,78.0,https://cdn.nba.com/headshots/nba/latest/1040x760/1630551.png,https://cdn.nba.com/logos/nba/1610612738/primary/L/logo.svg
1628436,Luke Kornet,luke-kornet,40,C-F,7-2,250,"JUL 15, 1995",27.0,5,Vanderbilt,2022-23,1610612738,BOS,Boston Celtics,86.0,https://cdn.nba.com/headshots/nba/latest/1040x760/1628436.png,https://cdn.nba.com/logos/nba/1610612738/primary/L/logo.svg
1627763,Malcolm Brogdon,malcolm-brogdon,13,G,6-4,229,"DEC 11, 1992",30.0,6,Virginia,2022-23,1610612738,BOS,Boston Celtics,76.0,https://cdn.nba.com/headshots/nba/latest/1040x760/1627763.png,https://cdn.nba.com/logos/nba/1610612738/primary/L/logo.svg
203935,Marcus Smart,marcus-smart,36,G,6-4,220,"MAR 06, 1994",29.0,8,Oklahoma State,2022-23,1610612738,BOS,Boston Celtics,76.0,https://cdn.nba.com/headshots/nba/latest/1040x760/203935.png,https://cdn.nba.com/logos/nba/1610612738/primary/L/logo.svg
1629662,Mfiondu Kabengele,mfiondu-kabengele,28,C,6-10,250,"AUG 14, 1997",25.0,2,Florida State,2022-23,1610612738,BOS,Boston Celtics,82.0,https://cdn.nba.com/headshots/nba/latest/1040x760/1629662.png,https://cdn.nba.com/logos/nba/1610612738/primary/L/logo.svg
203488,Mike Muscala,mike-muscala,57,F-C,6-11,240,"JUL 01, 1991",31.0,9,Bucknell,2022-23,1610612738,BOS,Boston Celtics,83.0,https://cdn.nba.com/headshots/nba/latest/1040x760/203488.png,https://cdn.nba.com/logos/nba/1610612738/primary/L/logo.svg
1630202,Payton Pritchard,payton-pritchard,11,G,6-1,195,"JAN 28, 1998",25.0,2,Oregon,2022-23,1610612738,BOS,Boston Celtics,73.0,https://cdn.nba.com/headshots/nba/latest/1040x760/1630202.png,https://cdn.nba.com/logos/nba/1610612738/primary/L/logo.svg
1629057,Robert Williams III,robert-williams-iii,44,C-F,6-9,237,"OCT 17, 1997",25.0,4,Texas A&M,2022-23,1610612738,BOS,Boston Celtics,81.0,https://cdn.nba.com/headshots/nba/latest/1040x760/1629057.png,https://cdn.nba.com/logos/nba/1610612738/primary/L/logo.svg
1630573,Sam Hauser,sam-hauser,30,F,6-7,217,"DEC 08, 1997",25.0,1,Virginia,2022-23,1610612738,BOS,Boston Celtics,79.0,https://cdn.nba.com/headshots/nba/latest/1040x760/1630573.png,https://cdn.nba.com/logos/nba/1610612738/primary/L/logo.svg
1631121,Bryce McGowens,bryce-mcgowens,7,G,6-6,175,"NOV 08, 2002",20.0,R,Nebraska,2022-23,1610612766,CHA,Charlotte Hornets,78.0,https://cdn.nba.com/headshots/nba/latest/1040x760/1631121.png,https://cdn.nba.com/logos/nba/1610612766/primary/L/logo.svg
1628998,Cody Martin,cody-martin,11,F,6-6,205,"SEP 28, 1995",27.0,3,Nevada,2022-23,1610612766,CHA,Charlotte Hornets,78.0,https://cdn.nba.com/headshots/nba/latest/1040x760/1628998.png,https://cdn.nba.com/logos/nba/1610612766/primary/L/logo.svg
1628372,Dennis Smith Jr.,dennis-smith-jr,8,G,6-2,205,"NOV 25, 1997",25.0,5,North Carolina State,2022-23,1610612766,CHA,Charlotte Hornets,74.0,https://cdn.nba.com/headshots/nba/latest/1040x760/1628372.png,https://cdn.nba.com/logos/nba/1610612766/primary/L/logo.svg
202330,Gordon Hayward,gordon-hayward,20,F,6-7,225,"MAR 23, 1990",33.0,12,Butler,2022-23,1610612766,CHA,Charlotte Hornets,79.0,https://cdn.nba.com/headshots/nba/latest/1040x760/202330.png,https://cdn.nba.com/logos/nba/1610612766/primary/L/logo.svg
1630550,JT Thor,jt-thor,21,F,6-9,203,"AUG 26, 2002",20.0,1,Auburn,2022-23,1610612766,CHA,Charlotte Hornets,81.0,https://cdn.nba.com/headshots/nba/latest/1040x760/1630550.png,https://cdn.nba.com/logos/nba/1610612766/primary/L/logo.svg
1630547,James Bouknight,james-bouknight,2,G,6-4,190,"SEP 18, 2000",22.0,1,Connecticut,2022-23,1610612766,CHA,Charlotte Hornets,76.0,https://cdn.nba.com/headshots/nba/latest/1040x760/1630547.png,https://cdn.nba.com/logos/nba/1610612766/primary/L/logo.svg
1630539,Kai Jones,kai-jones,23,C-F,6-11,221,"JAN 19, 2001",22.0,1,Texas,2022-23,1610612766,CHA,Charlotte Hornets,83.0,https://cdn.nba.com/headshots/nba/latest/1040x760/1630539.png,https://cdn.nba.com/logos/nba/1610612766/primary/L/logo.svg
1626162,Kelly Oubre Jr.,kelly-oubre-jr,12,F-G,6-6,203,"DEC 09, 1995",27.0,7,Kansas,2022-23,1610612766,CHA,Charlotte Hornets,78.0,https://cdn.nba.com/headshots/nba/latest/1040x760/1626162.png,https://cdn.nba.com/logos/nba/1610612766/primary/L/logo.svg
1628424,Kobi Simmons,kobi-simmons,23,G,6-5,180,"JUL 04, 1997",25.0,2,Arizona,2022-23,1610612766,CHA,Charlotte Hornets,77.0,https://cdn.nba.com/headshots/nba/latest/1040x760/1628424.png,https://cdn.nba.com/logos/nba/1610612766/primary/L/logo.svg
1630163,LaMelo Ball,lamelo-ball,1,G,6-7,180,"AUG 22, 2001",21.0,2,Illawarra,2022-23,1610612766,CHA,Charlotte Hornets,79.0,https://cdn.nba.com/headshots/nba/latest/1040x760/1630163.png,https://cdn.nba.com/logos/nba/1610612766/primary/L/logo.svg
1631109,Mark Williams,mark-williams,5,C,7-0,240,"DEC 16, 2001",21.0,R,Duke,2022-23,1610612766,CHA,Charlotte Hornets,84.0,https://cdn.nba.com/headshots/nba/latest/1040x760/1631109.png,https://cdn.nba.com/logos/nba/1610612766/primary/L/logo.svg
1630208,Nick Richards,nick-richards,4,C,7-0,245,"NOV 29, 1997",25.0,2,Kentucky,2022-23,1610612766,CHA,Charlotte Hornets,84.0,https://cdn.nba.com/headshots/nba/latest/1040x760/1630208.png,https://cdn.nba.com/logos/nba/1610612766/primary/L/logo.svg
1629023,P.J. Washington,pj-washington,25,F,6-7,230,"AUG 23, 1998",24.0,3,Kentucky,2022-23,1610612766,CHA,Charlotte Hornets,79.0,https://cdn.nba.com/headshots/nba/latest/1040x760/1629023.png,https://cdn.nba.com/logos/nba/1610612766/primary/L/logo.svg
1629004,Svi Mykhailiuk,svi-mykhailiuk,17,G-F,6-7,205,"JUN 10, 1997",26.0,4,Kansas,2022-23,1610612766,CHA,Charlotte Hornets,79.0,https://cdn.nba.com/headshots/nba/latest/1040x760/1629004.png,https://cdn.nba.com/logos/nba/1610612766/primary/L/logo.svg
1626179,Terry Rozier,terry-rozier,3,G,6-1,190,"MAR 17, 1994",29.0,7,Louisville,2022-23,1610612766,CHA,Charlotte Hornets,73.0,https://cdn.nba.com/headshots/nba/latest/1040x760/1626179.png,https://cdn.nba.com/logos/nba/1610612766/primary/L/logo.svg
1630177,Theo Maledon,theo-maledon,9,G,6-5,175,"JUN 12, 2001",22.0,2,ASVEL,2022-23,1610612766,CHA,Charlotte Hornets,77.0,https://cdn.nba.com/headshots/nba/latest/1040x760/1630177.png,https://cdn.nba.com/logos/nba/1610612766/primary/L/logo.svg
1630270,Xavier Sneed,xavier-sneed,19,F,6-5,215,"DEC 21, 1997",25.0,1,Kansas State,2022-23,1610612766,CHA,Charlotte Hornets,77.0,https://cdn.nba.com/headshots/nba/latest/1040x760/1630270.png,https://cdn.nba.com/logos/nba/1610612766/primary/L/logo.svg
1627936,Alex Caruso,alex-caruso,6,G,6-5,186,"FEB 28, 1994",29.0,5,Texas A&M,2022-23,1610612741,CHI,Chicago Bulls,77.0,https://cdn.nba.com/headshots/nba/latest/1040x760/1627936.png,https://cdn.nba.com/logos/nba/1610612741/primary/L/logo.svg
203083,Andre Drummond,andre-drummond,3,C,6-11,279,"AUG 10, 1993",29.0,10,Connecticut,2022-23,1610612741,CHI,Chicago Bulls,83.0,https://cdn.nba.com/headshots/nba/latest/1040x760/203083.png,https://cdn.nba.com/logos/nba/1610612741/primary/L/logo.svg
1630245,Ayo Dosunmu,ayo-dosunmu,12,G,6-5,200,"JAN 17, 2000",23.0,1,Illinois,2022-23,1610612741,CHI,Chicago Bulls,77.0,https://cdn.nba.com/headshots/nba/latest/1040x760/1630245.png,https://cdn.nba.com/logos/nba/1610612741/primary/L/logo.svg
1630637,Carlik Jones,carlik-jones,22,G,6-0,174,"DEC 23, 1997",25.0,1,Louisville,2022-23,1610612741,CHI,Chicago Bulls,72.0,https://cdn.nba.com/headshots/nba/latest/1040x760/1630637.png,https://cdn.nba.com/logos/nba/1610612741/primary/L/logo.svg
1629632,Coby White,coby-white,0,G,6-5,195,"FEB 16, 2000",23.0,3,North Carolina,2022-23,1610612741,CHI,Chicago Bulls,77.0,https://cdn.nba.com/headshots/nba/latest/1040x760/1629632.png,https://cdn.nba.com/logos/nba/1610612741/primary/L/logo.svg
1631207,Dalen Terry,dalen-terry,25,F,6-7,195,"JUL 12, 2002",20.0,R,Arizona,2022-23,1610612741,CHI,Chicago Bulls,79.0,https://cdn.nba.com/headshots/nba/latest/1040x760/1631207.png,https://cdn.nba.com/logos/nba/1610612741/primary/L/logo.svg
201942,DeMar DeRozan,demar-derozan,11,G-F,6-6,220,"AUG 07, 1989",33.0,13,Southern California,2022-23,1610612741,CHI,Chicago Bulls,78.0,https://cdn.nba.com/headshots/nba/latest/1040x760/201942.png,https://cdn.nba.com/logos/nba/1610612741/primary/L/logo.svg
1627884,Derrick Jones Jr.,derrick-jones-jr,5,F,6-6,210,"FEB 15, 1997",26.0,6,UNLV,2022-23,1610612741,CHI,Chicago Bulls,78.0,https://cdn.nba.com/headshots/nba/latest/1040x760/1627884.png,https://cdn.nba.com/logos/nba/1610612741/primary/L/logo.svg
1629750,Javonte Green,javonte-green,24,G,6-5,205,"JUL 23, 1993",29.0,3,Radford,2022-23,1610612741,CHI,Chicago Bulls,77.0,https://cdn.nba.com/headshots/nba/latest/1040x760/1629750.png,https://cdn.nba.com/logos/nba/1610612741/primary/L/logo.svg
1631171,Justin Lewis,justin-lewis,34,F,6-7,245,"APR 12, 2002",21.0,R,Marquette,2022-23,1610612741,CHI,Chicago Bulls,79.0,https://cdn.nba.com/headshots/nba/latest/1040x760/1631171.png,https://cdn.nba.com/logos/nba/1610612741/primary/L/logo.svg
1628366,Lonzo Ball,lonzo-ball,2,G,6-6,190,"OCT 27, 1997",25.0,5,UCLA,2022-23,1610612741,CHI,Chicago Bulls,78.0,https://cdn.nba.com/headshots/nba/latest/1040x760/1628366.png,https://cdn.nba.com/logos/nba/1610612741/primary/L/logo.svg
1630250,Marko Simonovic,marko-simonovic,19,C,7-0,220,"OCT 15, 1999",23.0,1,Mega Basket,2022-23,1610612741,CHI,Chicago Bulls,84.0,https://cdn.nba.com/headshots/nba/latest/1040x760/1630250.png,https://cdn.nba.com/logos/nba/1610612741/primary/L/logo.svg
202696,Nikola Vučević,nikola-vučević,9,C,6-10,260,"OCT 24, 1990",32.0,11,Southern California,2022-23,1610612741,CHI,Chicago Bulls,82.0,https://cdn.nba.com/headshots/nba/latest/1040x760/202696.png,https://cdn.nba.com/logos/nba/1610612741/primary/L/logo.svg
201976,Patrick Beverley,patrick-beverley,21,G,6-2,180,"JUL 12, 1988",34.0,10,Arkansas,2022-23,1610612741,CHI,Chicago Bulls,74.0,https://cdn.nba.com/headshots/nba/latest/1040x760/201976.png,https://cdn.nba.com/logos/nba/1610612741/primary/L/logo.svg
1630172,Patrick Williams,patrick-williams,44,F,6-7,215,"AUG 26, 2001",21.0,2,Florida State,2022-23,1610612741,CHI,Chicago Bulls,79.0,https://cdn.nba.com/headshots/nba/latest/1040x760/1630172.png,https://cdn.nba.com/logos/nba/1610612741/primary/L/logo.svg
1630678,Terry Taylor,terry-taylor,32,F,6-4,230,"SEP 23, 1999",23.0,1,Austin Peay,2022-23,1610612741,CHI,Chicago Bulls,76.0,https://cdn.nba.com/headshots/nba/latest/1040x760/1630678.png,https://cdn.nba.com/logos/nba/1610612741/primary/L/logo.svg
203897,Zach LaVine,zach-lavine,8,G,6-5,200,"MAR 10, 1995",28.0,8,UCLA,2022-23,1610612741,CHI,Chicago Bulls,77.0,https://cdn.nba.com/headshots/nba/latest/1040x760/203897.png,https://cdn.nba.com/logos/nba/1610612741/primary/L/logo.svg
1627747,Caris LeVert,caris-levert,3,G,6-6,205,"AUG 25, 1994",28.0,6,Michigan,2022-23,1610612739,CLE,Cleveland Cavaliers,78.0,https://cdn.nba.com/headshots/nba/latest/1040x760/1627747.png,https://cdn.nba.com/logos/nba/1610612739/primary/L/logo.svg
1626224,Cedi Osman,cedi-osman,16,F,6-7,230,"APR 08, 1995",28.0,5,Anadolu Efes,2022-23,1610612739,CLE,Cleveland Cavaliers,79.0,https://cdn.nba.com/headshots/nba/latest/1040x760/1626224.png,https://cdn.nba.com/logos/nba/1610612739/primary/L/logo.svg
201980,Danny Green,danny-green,14,G,6-6,215,"JUN 22, 1987",36.0,13,North Carolina,2022-23,1610612739,CLE,Cleveland Cavaliers,78.0,https://cdn.nba.com/headshots/nba/latest/1040x760/201980.png,https://cdn.nba.com/logos/nba/1610612739/primary/L/logo.svg
1629636,Darius Garland,darius-garland,10,G,6-1,192,"JAN 26, 2000",23.0,3,Vanderbilt,2022-23,1610612739,CLE,Cleveland Cavaliers,73.0,https://cdn.nba.com/headshots/nba/latest/1040x760/1629636.png,https://cdn.nba.com/logos/nba/1610612739/primary/L/logo.svg
1629731,Dean Wade,dean-wade,32,F-C,6-9,228,"NOV 20, 1996",26.0,3,Kansas State,2022-23,1610612739,CLE,Cleveland Cavaliers,81.0,https://cdn.nba.com/headshots/nba/latest/1040x760/1629731.png,https://cdn.nba.com/logos/nba/1610612739/primary/L/logo.svg
1628378,Donovan Mitchell,donovan-mitchell,45,G,6-1,215,"SEP 07, 1996",26.0,5,Louisville,2022-23,1610612739,CLE,Cleveland Cavaliers,73.0,https://cdn.nba.com/headshots/nba/latest/1040x760/1628378.png,https://cdn.nba.com/logos/nba/1610612739/primary/L/logo.svg
1629685,Dylan Windler,dylan-windler,9,G-F,6-7,196,"SEP 22, 1996",26.0,2,Belmont,2022-23,1610612739,CLE,Cleveland Cavaliers,79.0,https://cdn.nba.com/headshots/nba/latest/1040x760/1629685.png,https://cdn.nba.com/logos/nba/1610612739/primary/L/logo.svg
1630596,Evan Mobley,evan-mobley,4,C,6-11,215,"JUN 18, 2001",22.0,1,Southern California,2022-23,1610612739,CLE,Cleveland Cavaliers,83.0,https://cdn.nba.com/headshots/nba/latest/1040x760/1630596.png,https://cdn.nba.com/logos/nba/1610612739/primary/L/logo.svg
1630171,Isaac Okoro,isaac-okoro,35,F-G,6-5,225,"JAN 26, 2001",22.0,2,Auburn,2022-23,1610612739,CLE,Cleveland Cavaliers,77.0,https://cdn.nba.com/headshots/nba/latest/1040x760/1630171.png,https://cdn.nba.com/logos/nba/1610612739/primary/L/logo.svg
1630600,Isaiah Mobley,isaiah-mobley,15,F,6-8,238,"SEP 24, 1999",23.0,R,USC,2022-23,1610612739,CLE,Cleveland Cavaliers,80.0,https://cdn.nba.com/headshots/nba/latest/1040x760/1630600.png,https://cdn.nba.com/logos/nba/1610612739/primary/L/logo.svg
1628386,Jarrett Allen,jarrett-allen,31,C,6-9,243,"APR 21, 1998",25.0,5,Texas,2022-23,1610612739,CLE,Cleveland Cavaliers,81.0,https://cdn.nba.com/headshots/nba/latest/1040x760/1628386.png,https://cdn.nba.com/logos/nba/1610612739/primary/L/logo.svg
1630205,Lamar Stevens,lamar-stevens,8,F,6-6,230,"JUL 09, 1997",25.0,2,Penn State,2022-23,1610612739,CLE,Cleveland Cavaliers,78.0,https://cdn.nba.com/headshots/nba/latest/1040x760/1630205.png,https://cdn.nba.com/logos/nba/1610612739/primary/L/logo.svg
1629603,Mamadi Diakite,mamadi-diakite,21,F,6-9,228,"JAN 21, 1997",26.0,2,Virginia,2022-23,1610612739,CLE,Cleveland Cavaliers,81.0,https://cdn.nba.com/headshots/nba/latest/1040x760/1629603.png,https://cdn.nba.com/logos/nba/1610612739/primary/L/logo.svg
203526,Raul Neto,raul-neto,19,G,6-2,180,"MAY 19, 1992",31.0,7,Murcia,2022-23,1610612739,CLE,Cleveland Cavaliers,74.0,https://cdn.nba.com/headshots/nba/latest/1040x760/203526.png,https://cdn.nba.com/logos/nba/1610612739/primary/L/logo.svg
201937,Ricky Rubio,ricky-rubio,13,G,6-2,190,"OCT 21, 1990",32.0,11,FC Barcelona,2022-23,1610612739,CLE,Cleveland Cavaliers,74.0,https://cdn.nba.com/headshots/nba/latest/1040x760/201937.png,https://cdn.nba.com/logos/nba/1610612739/primary/L/logo.svg
201577,Robin Lopez,robin-lopez,33,C,7-0,281,"APR 01, 1988",35.0,14,Stanford,2022-23,1610612739,CLE,Cleveland Cavaliers,84.0,https://cdn.nba.com/headshots/nba/latest/1040x760/201577.png,https://cdn.nba.com/logos/nba/1610612739/primary/L/logo.svg
1630241,Sam Merrill,sam-merrill,20,G,6-4,205,"MAY 15, 1996",27.0,2,Utah State,2022-23,1610612739,CLE,Cleveland Cavaliers,76.0,https://cdn.nba.com/headshots/nba/latest/1040x760/1630241.png,https://cdn.nba.com/logos/nba/1610612739/primary/L/logo.svg
1630639,A.J. Lawson,aj-lawson,9,G,6-6,179,"JUL 15, 2000",22.0,R,South Carolina,2022-23,1610612742,DAL,Dallas Mavericks,78.0,https://cdn.nba.com/headshots/nba/latest/1040x760/1630639.png,https://cdn.nba.com/logos/nba/1610612742/primary/L/logo.svg
1626174,Christian Wood,christian-wood,35,F,6-9,214,"SEP 27, 1995",27.0,6,UNLV,2022-23,1610612742,DAL,Dallas Mavericks,81.0,https://cdn.nba.com/headshots/nba/latest/1040x760/1626174.png,https://cdn.nba.com/logos/nba/1610612742/primary/L/logo.svg
202722,Davis Bertans,davis-bertans,44,F,6-10,225,"NOV 12, 1992",30.0,6,Baskonia,2022-23,1610612742,DAL,Dallas Mavericks,82.0,https://cdn.nba.com/headshots/nba/latest/1040x760/202722.png,https://cdn.nba.com/logos/nba/1610612742/primary/L/logo.svg
203939,Dwight Powell,dwight-powell,7,F-C,6-10,240,"JUL 20, 1991",31.0,8,Stanford,2022-23,1610612742,DAL,Dallas Mavericks,82.0,https://cdn.nba.com/headshots/nba/latest/1040x760/203939.png,https://cdn.nba.com/logos/nba/1610612742/primary/L/logo.svg
1628373,Frank Ntilikina,frank-ntilikina,21,G,6-4,200,"JUL 28, 1998",24.0,5,Strasbourg IG,2022-23,1610612742,DAL,Dallas Mavericks,76.0,https://cdn.nba.com/headshots/nba/latest/1040x760/1628373.png,https://cdn.nba.com/logos/nba/1610612742/primary/L/logo.svg
201580,JaVale McGee,javale-mcgee,00,C-F,7-0,270,"JAN 19, 1988",35.0,14,Nevada,2022-23,1610612742,DAL,Dallas Mavericks,84.0,https://cdn.nba.com/headshots/nba/latest/1040x760/201580.png,https://cdn.nba.com/logos/nba/1610612742/primary/L/logo.svg
1630702,Jaden Hardy,jaden-hardy,3,G,6-3,198,"JUL 05, 2002",20.0,R,NBA G League Ignite,2022-23,1610612742,DAL,Dallas Mavericks,75.0,https://cdn.nba.com/headshots/nba/latest/1040x760/1630702.png,https://cdn.nba.com/logos/nba/1610612742/primary/L/logo.svg
1630182,Josh Green,josh-green,8,G,6-7,200,"NOV 16, 2000",22.0,2,Arizona,2022-23,1610612742,DAL,Dallas Mavericks,79.0,https://cdn.nba.com/headshots/nba/latest/1040x760/1630182.png,https://cdn.nba.com/logos/nba/1610612742/primary/L/logo.svg
203200,Justin Holiday,justin-holiday,0,F-G,6-6,180,"APR 05, 1989",34.0,9,Washington,2022-23,1610612742,DAL,Dallas Mavericks,78.0,https://cdn.nba.com/headshots/nba/latest/1040x760/203200.png,https://cdn.nba.com/logos/nba/1610612742/primary/L/logo.svg
202681,Kyrie Irving,kyrie-irving,2,G,6-2,195,"MAR 23, 1992",31.0,11,Duke,2022-23,1610612742,DAL,Dallas Mavericks,74.0,https://cdn.nba.com/headshots/nba/latest/1040x760/202681.png,https://cdn.nba.com/logos/nba/1610612742/primary/L/logo.svg
1629029,Luka Dončić,luka-dončić,77,F-G,6-7,230,"FEB 28, 1999",24.0,4,Real Madrid,2022-23,1610612742,DAL,Dallas Mavericks,79.0,https://cdn.nba.com/headshots/nba/latest/1040x760/1629029.png,https://cdn.nba.com/logos/nba/1610612742/primary/L/logo.svg
202693,Markieff Morris,markieff-morris,13,F,6-9,245,"SEP 02, 1989",33.0,11,Kansas,2022-23,1610612742,DAL,Dallas Mavericks,81.0,https://cdn.nba.com/headshots/nba/latest/1040x760/202693.png,https://cdn.nba.com/logos/nba/1610612742/primary/L/logo.svg
1628467,Maxi Kleber,maxi-kleber,42,F,6-10,240,"JAN 29, 1992",31.0,5,Bayern Munich,2022-23,1610612742,DAL,Dallas Mavericks,82.0,https://cdn.nba.com/headshots/nba/latest/1040x760/1628467.png,https://cdn.nba.com/logos/nba/1610612742/primary/L/logo.svg
1630593,McKinley Wright IV,mckinley-wright-iv,23,G,5-11,192,"OCT 25, 1998",24.0,1,Colorado,2022-23,1610612742,DAL,Dallas Mavericks,71.0,https://cdn.nba.com/headshots/nba/latest/1040x760/1630593.png,https://cdn.nba.com/logos/nba/1610612742/primary/L/logo.svg
203493,Reggie Bullock Jr.,reggie-bullock-jr,25,G-F,6-6,205,"MAR 16, 1991",32.0,9,North Carolina,2022-23,1610612742,DAL,Dallas Mavericks,78.0,https://cdn.nba.com/headshots/nba/latest/1040x760/203493.png,https://cdn.nba.com/logos/nba/1610612742/primary/L/logo.svg
1629033,Theo Pinson,theo-pinson,1,G-F,6-7,212,"NOV 05, 1995",27.0,4,North Carolina,2022-23,1610612742,DAL,Dallas Mavericks,79.0,https://cdn.nba.com/headshots/nba/latest/1040x760/1629033.png,https://cdn.nba.com/logos/nba/1610612742/primary/L/logo.svg
203501,Tim Hardaway Jr.,tim-hardaway-jr,11,G-F,6-5,205,"MAR 16, 1992",31.0,9,Michigan,2022-23,1610612742,DAL,Dallas Mavericks,77.0,https://cdn.nba.com/headshots/nba/latest/1040x760/203501.png,https://cdn.nba.com/logos/nba/1610612742/primary/L/logo.svg
203932,Aaron Gordon,aaron-gordon,50,F,6-8,235,"SEP 16, 1995",27.0,8,Arizona,2022-23,1610612743,DEN,Denver Nuggets,80.0,https://cdn.nba.com/headshots/nba/latest/1040x760/203932.png,https://cdn.nba.com/logos/nba/1610612743/primary/L/logo.svg
1628971,Bruce Brown,bruce-brown,11,G-F,6-4,202,"AUG 15, 1996",26.0,4,Miami,2022-23,1610612743,DEN,Denver Nuggets,76.0,https://cdn.nba.com/headshots/nba/latest/1040x760/1628971.png,https://cdn.nba.com/logos/nba/1610612743/primary/L/logo.svg
1631128,Christian Braun,christian-braun,0,G,6-6,220,"APR 17, 2001",22.0,R,Kansas,2022-23,1610612743,DEN,Denver Nuggets,78.0,https://cdn.nba.com/headshots/nba/latest/1040x760/1631128.png,https://cdn.nba.com/logos/nba/1610612743/primary/L/logo.svg
1631221,Collin Gillespie,collin-gillespie,21,G,6-1,195,"JUN 25, 1999",24.0,R,Villanova,2022-23,1610612743,DEN,Denver Nuggets,73.0,https://cdn.nba.com/headshots/nba/latest/1040x760/1631221.png,https://cdn.nba.com/logos/nba/1610612743/primary/L/logo.svg
201599,DeAndre Jordan,deandre-jordan,6,C,6-11,265,"JUL 21, 1988",34.0,14,Texas A&M,2022-23,1610612743,DEN,Denver Nuggets,83.0,https://cdn.nba.com/headshots/nba/latest/1040x760/201599.png,https://cdn.nba.com/logos/nba/1610612743/primary/L/logo.svg
202397,Ish Smith,ish-smith,14,G,6-0,175,"JUL 05, 1988",34.0,12,Wake Forest,2022-23,1610612743,DEN,Denver Nuggets,72.0,https://cdn.nba.com/headshots/nba/latest/1040x760/202397.png,https://cdn.nba.com/logos/nba/1610612743/primary/L/logo.svg
1631298,Jack White,jack-white,10,F,6-7,225,"AUG 05, 1997",25.0,R,Duke,2022-23,1610612743,DEN,Denver Nuggets,79.0,https://cdn.nba.com/headshots/nba/latest/1040x760/1631298.png,https://cdn.nba.com/logos/nba/1610612743/primary/L/logo.svg
1627750,Jamal Murray,jamal-murray,27,G,6-4,215,"FEB 23, 1997",26.0,6,Kentucky,2022-23,1610612743,DEN,Denver Nuggets,76.0,https://cdn.nba.com/headshots/nba/latest/1040x760/1627750.png,https://cdn.nba.com/logos/nba/1610612743/primary/L/logo.svg
201145,Jeff Green,jeff-green,32,F,6-8,235,"AUG 28, 1986",36.0,15,Georgetown,2022-23,1610612743,DEN,Denver Nuggets,80.0,https://cdn.nba.com/headshots/nba/latest/1040x760/201145.png,https://cdn.nba.com/logos/nba/1610612743/primary/L/logo.svg
203484,Kentavious Caldwell-Pope,kentavious-caldwell-pope,5,G,6-5,204,"FEB 18, 1993",30.0,9,Georgia,2022-23,1610612743,DEN,Denver Nuggets,77.0,https://cdn.nba.com/headshots/nba/latest/1040x760/203484.png,https://cdn.nba.com/logos/nba/1610612743/primary/L/logo.svg
1629008,Michael Porter Jr.,michael-porter-jr,1,F,6-10,218,"JUN 29, 1998",25.0,3,Missouri,2022-23,1610612743,DEN,Denver Nuggets,82.0,https://cdn.nba.com/headshots/nba/latest/1040x760/1629008.png,https://cdn.nba.com/logos/nba/1610612743/primary/L/logo.svg
203999,Nikola Jokić,nikola-jokić,15,C,6-11,284,"FEB 19, 1995",28.0,7,Mega Basket,2022-23,1610612743,DEN,Denver Nuggets,83.0,https://cdn.nba.com/headshots/nba/latest/1040x760/203999.png,https://cdn.nba.com/logos/nba/1610612743/primary/L/logo.svg
1631212,Peyton Watson,peyton-watson,8,G,6-7,200,"SEP 11, 2002",20.0,R,UCLA,2022-23,1610612743,DEN,Denver Nuggets,79.0,https://cdn.nba.com/headshots/nba/latest/1040x760/1631212.png,https://cdn.nba.com/logos/nba/1610612743/primary/L/logo.svg
202704,Reggie Jackson,reggie-jackson,7,G,6-2,208,"APR 16, 1990",33.0,11,Boston College,2022-23,1610612743,DEN,Denver Nuggets,74.0,https://cdn.nba.com/headshots/nba/latest/1040x760/202704.png,https://cdn.nba.com/logos/nba/1610612743/primary/L/logo.svg
1628418,Thomas Bryant,thomas-bryant,13,C-F,6-10,248,"JUL 31, 1997",25.0,5,Indiana,2022-23,1610612743,DEN,Denver Nuggets,82.0,https://cdn.nba.com/headshots/nba/latest/1040x760/1628418.png,https://cdn.nba.com/logos/nba/1610612743/primary/L/logo.svg
1628427,Vlatko Čančar,vlatko-čančar,31,F,6-8,236,"APR 10, 1997",26.0,3,San Pablo Burgos,2022-23,1610612743,DEN,Denver Nuggets,80.0,https://cdn.nba.com/headshots/nba/latest/1040x760/1628427.png,https://cdn.nba.com/logos/nba/1610612743/primary/L/logo.svg
1630192,Zeke Nnaji,zeke-nnaji,22,F-C,6-9,240,"JAN 09, 2001",22.0,2,Arizona,2022-23,1610612743,DEN,Denver Nuggets,81.0,https://cdn.nba.com/headshots/nba/latest/1040x760/1630192.png,https://cdn.nba.com/logos/nba/1610612743/primary/L/logo.svg
202692,Alec Burks,alec-burks,5,G,6-6,214,"JUL 20, 1991",31.0,11,Colorado,2022-23,1610612765,DET,Detroit Pistons,78.0,https://cdn.nba.com/headshots/nba/latest/1040x760/202692.png,https://cdn.nba.com/logos/nba/1610612765/primary/L/logo.svg
202711,Bojan Bogdanovic,bojan-bogdanovic,44,F,6-7,226,"APR 18, 1989",34.0,8,Fenerbahce,2022-23,1610612765,DET,Detroit Pistons,79.0,https://cdn.nba.com/headshots/nba/latest/1040x760/202711.png,https://cdn.nba.com/logos/nba/1610612765/primary/L/logo.svg
1631205,Buddy Boeheim,buddy-boeheim,27,F,6-6,205,"NOV 11, 1999",23.0,R,Syracuse,2022-23,1610612765,DET,Detroit Pistons,78.0,https://cdn.nba.com/headshots/nba/latest/1040x760/1631205.png,https://cdn.nba.com/logos/nba/1610612765/primary/L/logo.svg
1630595,Cade Cunningham,cade-cunningham,2,G,6-7,220,"SEP 25, 2001",21.0,1,Oklahoma State,2022-23,1610612765,DET,Detroit Pistons,79.0,https://cdn.nba.com/headshots/nba/latest/1040x760/1630595.png,https://cdn.nba.com/logos/nba/1610612765/primary/L/logo.svg
202709,Cory Joseph,cory-joseph,18,G,6-3,200,"AUG 20, 1991",31.0,11,Texas,2022-23,1610612765,DET,Detroit Pistons,75.0,https://cdn.nba.com/headshots/nba/latest/1040x760/202709.png,https://cdn.nba.com/logos/nba/1610612765/primary/L/logo.svg
1630647,Eugene Omoruyi,eugene-omoruyi,97,F,6-6,235,"FEB 14, 1997",26.0,1,Oregon,2022-23,1610612765,DET,Detroit Pistons,78.0,https://cdn.nba.com/headshots/nba/latest/1040x760/1630647.png,https://cdn.nba.com/logos/nba/1610612765/primary/L/logo.svg
1628977,Hamidou Diallo,hamidou-diallo,6,G,6-5,202,"JUL 31, 1998",24.0,4,Kentucky,2022-23,1610612765,DET,Detroit Pistons,77.0,https://cdn.nba.com/headshots/nba/latest/1040x760/1628977.png,https://cdn.nba.com/logos/nba/1610612765/primary/L/logo.svg
1630587,Isaiah Livers,isaiah-livers,12,F,6-6,232,"JUL 28, 1998",24.0,1,Michigan,2022-23,1610612765,DET,Detroit Pistons,78.0,https://cdn.nba.com/headshots/nba/latest/1040x760/1630587.png,https://cdn.nba.com/logos/nba/1610612765/primary/L/logo.svg
1630191,Isaiah Stewart,isaiah-stewart,28,F-C,6-8,250,"MAY 22, 2001",22.0,2,Washington,2022-23,1610612765,DET,Detroit Pistons,80.0,https://cdn.nba.com/headshots/nba/latest/1040x760/1630191.png,https://cdn.nba.com/logos/nba/1610612765/primary/L/logo.svg
1631093,Jaden Ivey,jaden-ivey,23,G,6-4,195,"FEB 13, 2002",21.0,R,Purdue,2022-23,1610612765,DET,Detroit Pistons,76.0,https://cdn.nba.com/headshots/nba/latest/1040x760/1631093.png,https://cdn.nba.com/logos/nba/1610612765/primary/L/logo.svg
1631105,Jalen Duren,jalen-duren,0,C,6-11,250,"NOV 18, 2003",19.0,R,Memphis,2022-23,1610612765,DET,Detroit Pistons,83.0,https://cdn.nba.com/headshots/nba/latest/1040x760/1631105.png,https://cdn.nba.com/logos/nba/1610612765/primary/L/logo.svg
1630164,James Wiseman,james-wiseman,13,C,7-0,240,"MAR 31, 2001",22.0,2,Memphis,2022-23,1610612765,DET,Detroit Pistons,84.0,https://cdn.nba.com/headshots/nba/latest/1040x760/1630164.png,https://cdn.nba.com/logos/nba/1610612765/primary/L/logo.svg
1631197,Jared Rhoden,jared-rhoden,8,G,6-6,210,"AUG 27, 1999",23.0,R,Seton Hall,2022-23,1610612765,DET,Detroit Pistons,78.0,https://cdn.nba.com/headshots/nba/latest/1040x760/1631197.png,https://cdn.nba.com/logos/nba/1610612765/primary/L/logo.svg
1630165,Killian Hayes,killian-hayes,7,G,6-5,195,"JUL 27, 2001",21.0,2,Ratiopharm Ulm,2022-23,1610612765,DET,Detroit Pistons,77.0,https://cdn.nba.com/headshots/nba/latest/1040x760/1630165.png,https://cdn.nba.com/logos/nba/1610612765/primary/L/logo.svg
1628963,Marvin Bagley III,marvin-bagley-iii,35,F,6-10,235,"MAR 14, 1999",24.0,4,Duke,2022-23,1610612765,DET,Detroit Pistons,82.0,https://cdn.nba.com/headshots/nba/latest/1040x760/1628963.png,https://cdn.nba.com/logos/nba/1610612765/primary/L/logo.svg
1630181,R.J. Hampton,rj-hampton,14,G,6-4,175,"FEB 07, 2001",22.0,2,Capital City Go-Go,2022-23,1610612765,DET,Detroit Pistons,76.0,https://cdn.nba.com/headshots/nba/latest/1040x760/1630181.png,https://cdn.nba.com/logos/nba/1610612765/primary/L/logo.svg
203585,Rodney McGruder,rodney-mcgruder,17,G,6-4,205,"JUL 29, 1991",31.0,6,Kansas State,2022-23,1610612765,DET,Detroit Pistons,76.0,https://cdn.nba.com/headshots/nba/latest/1040x760/203585.png,https://cdn.nba.com/logos/nba/1610612765/primary/L/logo.svg
2738,Andre Iguodala,andre-iguodala,9,G-F,6-6,215,"JAN 28, 1984",39.0,18,Arizona,2022-23,1610612744,GSW,Golden State Warriors,78.0,https://cdn.nba.com/headshots/nba/latest/1040x760/2738.png,https://cdn.nba.com/logos/nba/1610612744/primary/L/logo.svg
203952,Andrew Wiggins,andrew-wiggins,22,F,6-7,197,"FEB 23, 1995",28.0,8,Kansas,2022-23,1610612744,GSW,Golden State Warriors,79.0,https://cdn.nba.com/headshots/nba/latest/1040x760/203952.png,https://cdn.nba.com/logos/nba/1610612744/primary/L/logo.svg
1630237,Anthony Lamb,anthony-lamb,40,F,6-6,227,"JAN 20, 1998",25.0,2,Vermont,2022-23,1610612744,GSW,Golden State Warriors,78.0,https://cdn.nba.com/headshots/nba/latest/1040x760/1630237.png,https://cdn.nba.com/logos/nba/1610612744/primary/L/logo.svg
1628978,Donte DiVincenzo,donte-divincenzo,0,G,6-4,203,"JAN 31, 1997",26.0,4,Villanova,2022-23,1610612744,GSW,Golden State Warriors,76.0,https://cdn.nba.com/headshots/nba/latest/1040x760/1628978.png,https://cdn.nba.com/logos/nba/1610612744/primary/L/logo.svg
203110,Draymond Green,draymond-green,23,F,6-6,230,"MAR 04, 1990",33.0,10,Michigan State,2022-23,1610612744,GSW,Golden State Warriors,78.0,https://cdn.nba.com/headshots/nba/latest/1040x760/203110.png,https://cdn.nba.com/logos/nba/1610612744/primary/L/logo.svg
1627780,Gary Payton II,gary-payton-ii,8,G,6-2,195,"DEC 01, 1992",30.0,6,Oregon State,2022-23,1610612744,GSW,Golden State Warriors,74.0,https://cdn.nba.com/headshots/nba/latest/1040x760/1627780.png,https://cdn.nba.com/logos/nba/1610612744/primary/L/logo.svg
203210,JaMychal Green,jamychal-green,1,F-C,6-9,227,"JUN 21, 1990",33.0,8,Alabama,2022-23,1610612744,GSW,Golden State Warriors,81.0,https://cdn.nba.com/headshots/nba/latest/1040x760/203210.png,https://cdn.nba.com/logos/nba/1610612744/primary/L/logo.svg
1630228,Jonathan Kuminga,jonathan-kuminga,00,F,6-7,225,"OCT 06, 2002",20.0,1,NBA G League Ignite,2022-23,1610612744,GSW,Golden State Warriors,79.0,https://cdn.nba.com/headshots/nba/latest/1040x760/1630228.png,https://cdn.nba.com/logos/nba/1610612744/primary/L/logo.svg
1629673,Jordan Poole,jordan-poole,3,G,6-4,194,"JUN 19, 1999",24.0,3,Michigan,2022-23,1610612744,GSW,Golden State Warriors,76.0,https://cdn.nba.com/headshots/nba/latest/1040x760/1629673.png,https://cdn.nba.com/logos/nba/1610612744/primary/L/logo.svg
1626172,Kevon Looney,kevon-looney,5,F,6-9,222,"FEB 06, 1996",27.0,7,UCLA,2022-23,1610612744,GSW,Golden State Warriors,81.0,https://cdn.nba.com/headshots/nba/latest/1040x760/1626172.png,https://cdn.nba.com/logos/nba/1610612744/primary/L/logo.svg
202691,Klay Thompson,klay-thompson,11,G,6-6,220,"FEB 08, 1990",33.0,11,Washington State,2022-23,1610612744,GSW,Golden State Warriors,78.0,https://cdn.nba.com/headshots/nba/latest/1040x760/202691.png,https://cdn.nba.com/logos/nba/1610612744/primary/L/logo.svg
1631311,Lester Quinones,lester-quinones,25,G,6-4,208,"NOV 16, 2000",22.0,R,Memphis,2022-23,1610612744,GSW,Golden State Warriors,76.0,https://cdn.nba.com/headshots/nba/latest/1040x760/1631311.png,https://cdn.nba.com/logos/nba/1610612744/primary/L/logo.svg
1630541,Moses Moody,moses-moody,4,G,6-5,211,"MAY 31, 2002",21.0,1,Arkansas,2022-23,1610612744,GSW,Golden State Warriors,77.0,https://cdn.nba.com/headshots/nba/latest/1040x760/1630541.png,https://cdn.nba.com/logos/nba/1610612744/primary/L/logo.svg
1631116,Patrick Baldwin Jr.,patrick-baldwin-jr,7,F,6-9,220,"NOV 18, 2002",20.0,R,Wisconsin-Milwaukee,2022-23,1610612744,GSW,Golden State Warriors,81.0,https://cdn.nba.com/headshots/nba/latest/1040x760/1631116.png,https://cdn.nba.com/logos/nba/1610612744/primary/L/logo.svg
1631157,Ryan Rollins,ryan-rollins,2,G,6-3,180,"JUL 03, 2002",20.0,R,Toledo,2022-23,1610612744,GSW,Golden State Warriors,75.0,https://cdn.nba.com/headshots/nba/latest/1040x760/1631157.png,https://cdn.nba.com/logos/nba/1610612744/primary/L/logo.svg
201939,Stephen Curry,stephen-curry,30,G,6-2,185,"MAR 14, 1988",35.0,13,Davidson,2022-23,1610612744,GSW,Golden State Warriors,74.0,https://cdn.nba.com/headshots/nba/latest/1040x760/201939.png,https://cdn.nba.com/logos/nba/1610612744/primary/L/logo.svg
1629660,Ty Jerome,ty-jerome,10,G-F,6-5,195,"JUL 08, 1997",25.0,3,Virginia,2022-23,1610612744,GSW,Golden State Warriors,77.0,https://cdn.nba.com/headshots/nba/latest/1040x760/1629660.png,https://cdn.nba.com/logos/nba/1610612744/primary/L/logo.svg
1630578,Alperen Sengun,alperen-sengun,28,C,6-11,243,"JUL 25, 2002",20.0,1,Besiktas,2022-23,1610612745,HOU,Houston Rockets,83.0,https://cdn.nba.com/headshots/nba/latest/1040x760/1630578.png,https://cdn.nba.com/logos/nba/1610612745/primary/L/logo.svg
1626246,Boban Marjanovic,boban-marjanovic,51,C,7-4,290,"AUG 15, 1988",34.0,7,Crvena zvezda,2022-23,1610612745,HOU,Houston Rockets,88.0,https://cdn.nba.com/headshots/nba/latest/1040x760/1626246.png,https://cdn.nba.com/logos/nba/1610612745/primary/L/logo.svg
201571,D.J. Augustin,dj-augustin,4,G,5-11,183,"NOV 10, 1987",35.0,14,Texas,2022-23,1610612745,HOU,Houston Rockets,71.0,https://cdn.nba.com/headshots/nba/latest/1040x760/201571.png,https://cdn.nba.com/logos/nba/1610612745/primary/L/logo.svg
1630227,Daishen Nix,daishen-nix,15,G,6-4,226,"FEB 13, 2002",21.0,1,NBA G League Ignite,2022-23,1610612745,HOU,Houston Rockets,76.0,https://cdn.nba.com/headshots/nba/latest/1040x760/1630227.png,https://cdn.nba.com/logos/nba/1610612745/primary/L/logo.svg
1630620,Darius Days,darius-days,5,F,6-7,245,"OCT 20, 1999",23.0,R,Winnipeg Sea Bears,2022-23,1610612745,HOU,Houston Rockets,79.0,https://cdn.nba.com/headshots/nba/latest/1040x760/1630620.png,https://cdn.nba.com/logos/nba/1610612745/primary/L/logo.svg
1626163,Frank Kaminsky,frank-kaminsky,33,F-C,7-0,240,"APR 04, 1993",30.0,7,Wisconsin,2022-23,1610612745,HOU,Houston Rockets,84.0,https://cdn.nba.com/headshots/nba/latest/1040x760/1626163.png,https://cdn.nba.com/logos/nba/1610612745/primary/L/logo.svg
1631095,Jabari Smith Jr.,jabari-smith-jr,1,F,6-11,220,"MAY 13, 2003",20.0,R,Auburn,2022-23,1610612745,HOU,Houston Rockets,83.0,https://cdn.nba.com/headshots/nba/latest/1040x760/1631095.png,https://cdn.nba.com/logos/nba/1610612745/primary/L/logo.svg
1630256,Jae'Sean Tate,jaesean-tate,8,F,6-5,230,"OCT 28, 1995",27.0,2,Ohio State,2022-23,1610612745,HOU,Houston Rockets,77.0,https://cdn.nba.com/headshots/nba/latest/1040x760/1630256.png,https://cdn.nba.com/logos/nba/1610612745/primary/L/logo.svg
1630224,Jalen Green,jalen-green,4,G,6-4,186,"FEB 09, 2002",21.0,1,NBA G League Ignite,2022-23,1610612745,HOU,Houston Rockets,76.0,https://cdn.nba.com/headshots/nba/latest/1040x760/1630224.png,https://cdn.nba.com/logos/nba/1610612745/primary/L/logo.svg
1630528,Josh Christopher,josh-christopher,9,G,6-4,215,"DEC 08, 2001",21.0,1,Arizona State,2022-23,1610612745,HOU,Houston Rockets,76.0,https://cdn.nba.com/headshots/nba/latest/1040x760/1630528.png,https://cdn.nba.com/logos/nba/1610612745/primary/L/logo.svg
1630231,KJ Martin,kj-martin,6,F,6-7,215,"JAN 06, 2001",22.0,2,IMG Academy (FL),2022-23,1610612745,HOU,Houston Rockets,79.0,https://cdn.nba.com/headshots/nba/latest/1040x760/1630231.png,https://cdn.nba.com/logos/nba/1610612745/primary/L/logo.svg
1629645,Kevin Porter Jr.,kevin-porter-jr,3,G-F,6-4,203,"MAY 04, 2000",23.0,3,Southern California,2022-23,1610612745,HOU,Houston Rockets,76.0,https://cdn.nba.com/headshots/nba/latest/1040x760/1629645.png,https://cdn.nba.com/logos/nba/1610612745/primary/L/logo.svg
1631106,Tari Eason,tari-eason,17,F,6-8,215,"MAY 10, 2001",22.0,R,Louisiana State,2022-23,1610612745,HOU,Houston Rockets,80.0,https://cdn.nba.com/headshots/nba/latest/1040x760/1631106.png,https://cdn.nba.com/logos/nba/1610612745/primary/L/logo.svg
1631309,Trevor Hudgins,trevor-hudgins,12,G,6-0,180,"MAR 23, 1999",24.0,R,Northwest Missouri St.,2022-23,1610612745,HOU,Houston Rockets,72.0,https://cdn.nba.com/headshots/nba/latest/1040x760/1631309.png,https://cdn.nba.com/logos/nba/1610612745/primary/L/logo.svg
1631102,TyTy Washington Jr.,tyty-washington-jr,0,G,6-3,195,"NOV 15, 2001",21.0,R,Kentucky,2022-23,1610612745,HOU,Houston Rockets,75.0,https://cdn.nba.com/headshots/nba/latest/1040x760/1631102.png,https://cdn.nba.com/logos/nba/1610612745/primary/L/logo.svg
1630586,Usman Garuba,usman-garuba,16,F,6-8,229,"MAR 09, 2002",21.0,1,Real Madrid,2022-23,1610612745,HOU,Houston Rockets,80.0,https://cdn.nba.com/headshots/nba/latest/1040x760/1630586.png,https://cdn.nba.com/logos/nba/1610612745/primary/L/logo.svg
1626161,Willie Cauley-Stein,willie-cauley-stein,00,C,7-0,240,"AUG 18, 1993",29.0,7,Kentucky,2022-23,1610612745,HOU,Houston Rockets,84.0,https://cdn.nba.com/headshots/nba/latest/1040x760/1626161.png,https://cdn.nba.com/logos/nba/1610612745/primary/L/logo.svg
1630174,Aaron Nesmith,aaron-nesmith,23,G-F,6-5,215,"OCT 16, 1999",23.0,2,Vanderbilt,2022-23,1610612754,IND,Indiana Pacers,77.0,https://cdn.nba.com/headshots/nba/latest/1040x760/1630174.png,https://cdn.nba.com/logos/nba/1610612754/primary/L/logo.svg
1629614,Andrew Nembhard,andrew-nembhard,2,G-F,6-3,191,"JAN 16, 2000",23.0,R,Gonzaga,2022-23,1610612754,IND,Indiana Pacers,75.0,https://cdn.nba.com/headshots/nba/latest/1040x760/1629614.png,https://cdn.nba.com/logos/nba/1610612754/primary/L/logo.svg
1631097,Bennedict Mathurin,bennedict-mathurin,00,G-F,6-5,210,"JUN 19, 2002",21.0,R,Arizona,2022-23,1610612754,IND,Indiana Pacers,77.0,https://cdn.nba.com/headshots/nba/latest/1040x760/1631097.png,https://cdn.nba.com/logos/nba/1610612754/primary/L/logo.svg
1627741,Buddy Hield,buddy-hield,24,G,6-4,220,"DEC 17, 1992",30.0,6,Oklahoma,2022-23,1610612754,IND,Indiana Pacers,76.0,https://cdn.nba.com/headshots/nba/latest/1040x760/1627741.png,https://cdn.nba.com/logos/nba/1610612754/primary/L/logo.svg
1630537,Chris Duarte,chris-duarte,3,G,6-5,190,"JUN 13, 1997",26.0,1,Oregon,2022-23,1610612754,IND,Indiana Pacers,77.0,https://cdn.nba.com/headshots/nba/latest/1040x760/1630537.png,https://cdn.nba.com/logos/nba/1610612754/primary/L/logo.svg
1628464,Daniel Theis,daniel-theis,27,F-C,6-8,245,"APR 04, 1992",31.0,5,Brose Bamberg,2022-23,1610612754,IND,Indiana Pacers,80.0,https://cdn.nba.com/headshots/nba/latest/1040x760/1628464.png,https://cdn.nba.com/logos/nba/1610612754/primary/L/logo.svg
1628221,Gabe York,gabe-york,32,G,6-3,190,"AUG 02, 1993",29.0,1,Arizona,2022-23,1610612754,IND,Indiana Pacers,75.0,https://cdn.nba.com/headshots/nba/latest/1040x760/1628221.png,https://cdn.nba.com/logos/nba/1610612754/primary/L/logo.svg
201588,George Hill,george-hill,7,G,6-4,188,"MAY 04, 1986",37.0,14,Indiana-Purdue Indianapolis,2022-23,1610612754,IND,Indiana Pacers,76.0,https://cdn.nba.com/headshots/nba/latest/1040x760/201588.png,https://cdn.nba.com/logos/nba/1610612754/primary/L/logo.svg
1630543,Isaiah Jackson,isaiah-jackson,22,F,6-9,205,"JAN 10, 2002",21.0,1,Kentucky,2022-23,1610612754,IND,Indiana Pacers,81.0,https://cdn.nba.com/headshots/nba/latest/1040x760/1630543.png,https://cdn.nba.com/logos/nba/1610612754/primary/L/logo.svg
1630188,Jalen Smith,jalen-smith,25,F-C,6-9,215,"MAR 16, 2000",23.0,2,Maryland,2022-23,1610612754,IND,Indiana Pacers,81.0,https://cdn.nba.com/headshots/nba/latest/1040x760/1630188.png,https://cdn.nba.com/logos/nba/1610612754/primary/L/logo.svg
201949,James Johnson,james-johnson,16,F,6-7,240,"FEB 20, 1987",36.0,13,Wake Forest,2022-23,1610612754,IND,Indiana Pacers,79.0,https://cdn.nba.com/headshots/nba/latest/1040x760/201949.png,https://cdn.nba.com/logos/nba/1610612754/primary/L/logo.svg
1629670,Jordan Nwora,jordan-nwora,13,F,6-9,225,"SEP 09, 1998",24.0,2,Louisville,2022-23,1610612754,IND,Indiana Pacers,81.0,https://cdn.nba.com/headshots/nba/latest/1040x760/1629670.png,https://cdn.nba.com/logos/nba/1610612754/primary/L/logo.svg
1631112,Kendall Brown,kendall-brown,10,G,6-7,205,"MAY 11, 2003",20.0,R,Baylor,2022-23,1610612754,IND,Indiana Pacers,79.0,https://cdn.nba.com/headshots/nba/latest/1040x760/1631112.png,https://cdn.nba.com/logos/nba/1610612754/primary/L/logo.svg
1626167,Myles Turner,myles-turner,33,C-F,6-11,250,"MAR 24, 1996",27.0,7,Texas,2022-23,1610612754,IND,Indiana Pacers,83.0,https://cdn.nba.com/headshots/nba/latest/1040x760/1626167.png,https://cdn.nba.com/logos/nba/1610612754/primary/L/logo.svg
1629052,Oshae Brissett,oshae-brissett,12,F-G,6-7,210,"JUN 20, 1998",25.0,3,Syracuse,2022-23,1610612754,IND,Indiana Pacers,79.0,https://cdn.nba.com/headshots/nba/latest/1040x760/1629052.png,https://cdn.nba.com/logos/nba/1610612754/primary/L/logo.svg
204456,T.J. McConnell,tj-mcconnell,9,G,6-1,190,"MAR 25, 1992",31.0,7,Arizona,2022-23,1610612754,IND,Indiana Pacers,73.0,https://cdn.nba.com/headshots/nba/latest/1040x760/204456.png,https://cdn.nba.com/logos/nba/1610612754/primary/L/logo.svg
1630169,Tyrese Haliburton,tyrese-haliburton,0,G,6-5,185,"FEB 29, 2000",23.0,2,Iowa State,2022-23,1610612754,IND,Indiana Pacers,77.0,https://cdn.nba.com/headshots/nba/latest/1040x760/1630169.png,https://cdn.nba.com/logos/nba/1610612754/primary/L/logo.svg
1629599,Amir Coffey,amir-coffey,7,G-F,6-7,210,"JUN 17, 1997",26.0,3,Minnesota,2022-23,1610612746,LAC,Los Angeles Clippers,79.0,https://cdn.nba.com/headshots/nba/latest/1040x760/1629599.png,https://cdn.nba.com/logos/nba/1610612746/primary/L/logo.svg
1630538,Bones Hyland,bones-hyland,5,G,6-2,169,"SEP 14, 2000",22.0,1,Virginia Commonwealth,2022-23,1610612746,LAC,Los Angeles Clippers,74.0,https://cdn.nba.com/headshots/nba/latest/1040x760/1630538.png,https://cdn.nba.com/logos/nba/1610612746/primary/L/logo.svg
1630527,Brandon Boston,brandon-boston,4,G,6-6,188,"NOV 28, 2001",21.0,1,Kentucky,2022-23,1610612746,LAC,Los Angeles Clippers,78.0,https://cdn.nba.com/headshots/nba/latest/1040x760/1630527.png,https://cdn.nba.com/logos/nba/1610612746/primary/L/logo.svg
201569,Eric Gordon,eric-gordon,10,G,6-3,215,"DEC 25, 1988",34.0,14,Indiana,2022-23,1610612746,LAC,Los Angeles Clippers,75.0,https://cdn.nba.com/headshots/nba/latest/1040x760/201569.png,https://cdn.nba.com/logos/nba/1610612746/primary/L/logo.svg
1627826,Ivica Zubac,ivica-zubac,40,C,7-0,240,"MAR 18, 1997",26.0,6,Mega Basket,2022-23,1610612746,LAC,Los Angeles Clippers,84.0,https://cdn.nba.com/headshots/nba/latest/1040x760/1627826.png,https://cdn.nba.com/logos/nba/1610612746/primary/L/logo.svg
1630554,Jason Preston,jason-preston,17,G,6-3,181,"AUG 10, 1999",23.0,R,Ohio,2022-23,1610612746,LAC,Los Angeles Clippers,75.0,https://cdn.nba.com/headshots/nba/latest/1040x760/1630554.png,https://cdn.nba.com/logos/nba/1610612746/primary/L/logo.svg
202695,Kawhi Leonard,kawhi-leonard,2,F,6-7,225,"JUN 29, 1991",32.0,11,San Diego State,2022-23,1610612746,LAC,Los Angeles Clippers,79.0,https://cdn.nba.com/headshots/nba/latest/1040x760/202695.png,https://cdn.nba.com/logos/nba/1610612746/primary/L/logo.svg
202694,Marcus Morris Sr.,marcus-morris-sr,8,F,6-8,218,"SEP 02, 1989",33.0,11,Kansas,2022-23,1610612746,LAC,Los Angeles Clippers,80.0,https://cdn.nba.com/headshots/nba/latest/1040x760/202694.png,https://cdn.nba.com/logos/nba/1610612746/primary/L/logo.svg
203486,Mason Plumlee,mason-plumlee,44,F-C,7-0,254,"MAR 05, 1990",33.0,9,Duke,2022-23,1610612746,LAC,Los Angeles Clippers,84.0,https://cdn.nba.com/headshots/nba/latest/1040x760/203486.png,https://cdn.nba.com/logos/nba/1610612746/primary/L/logo.svg
1631217,Moussa Diabaté,moussa-diabaté,25,F,6-10,210,"JAN 21, 2002",21.0,R,Michigan,2022-23,1610612746,LAC,Los Angeles Clippers,82.0,https://cdn.nba.com/headshots/nba/latest/1040x760/1631217.png,https://cdn.nba.com/logos/nba/1610612746/primary/L/logo.svg
201587,Nicolas Batum,nicolas-batum,33,G-F,6-8,230,"DEC 14, 1988",34.0,14,Le Mans,2022-23,1610612746,LAC,Los Angeles Clippers,80.0,https://cdn.nba.com/headshots/nba/latest/1040x760/201587.png,https://cdn.nba.com/logos/nba/1610612746/primary/L/logo.svg
1626181,Norman Powell,norman-powell,24,G,6-4,215,"MAY 25, 1993",30.0,7,UCLA,2022-23,1610612746,LAC,Los Angeles Clippers,76.0,https://cdn.nba.com/headshots/nba/latest/1040x760/1626181.png,https://cdn.nba.com/logos/nba/1610612746/primary/L/logo.svg
202331,Paul George,paul-george,13,F,6-8,220,"MAY 02, 1990",33.0,12,Fresno State,2022-23,1610612746,LAC,Los Angeles Clippers,80.0,https://cdn.nba.com/headshots/nba/latest/1040x760/202331.png,https://cdn.nba.com/logos/nba/1610612746/primary/L/logo.svg
203496,Robert Covington,robert-covington,23,F,6-7,209,"DEC 14, 1990",32.0,9,Tennessee State,2022-23,1610612746,LAC,Los Angeles Clippers,79.0,https://cdn.nba.com/headshots/nba/latest/1040x760/203496.png,https://cdn.nba.com/logos/nba/1610612746/primary/L/logo.svg
201566,Russell Westbrook,russell-westbrook,0,G,6-3,200,"NOV 12, 1988",34.0,14,UCLA,2022-23,1610612746,LAC,Los Angeles Clippers,75.0,https://cdn.nba.com/headshots/nba/latest/1040x760/201566.png,https://cdn.nba.com/logos/nba/1610612746/primary/L/logo.svg
1629611,Terance Mann,terance-mann,14,G-F,6-5,215,"OCT 18, 1996",26.0,3,Florida State,2022-23,1610612746,LAC,Los Angeles Clippers,77.0,https://cdn.nba.com/headshots/nba/latest/1040x760/1629611.png,https://cdn.nba.com/logos/nba/1610612746/primary/L/logo.svg
1629875,Xavier Moon,xavier-moon,15,G,6-0,165,"JAN 02, 1995",28.0,1,Morehead State,2022-23,1610612746,LAC,Los Angeles Clippers,72.0,https://cdn.nba.com/headshots/nba/latest/1040x760/1629875.png,https://cdn.nba.com/logos/nba/1610612746/primary/L/logo.svg
203076,Anthony Davis,anthony-davis,3,F-C,6-10,253,"MAR 11, 1993",30.0,10,Kentucky,2022-23,1610612747,LAL,Los Angeles Lakers,82.0,https://cdn.nba.com/headshots/nba/latest/1040x760/203076.png,https://cdn.nba.com/logos/nba/1610612747/primary/L/logo.svg
1630559,Austin Reaves,austin-reaves,15,G,6-5,197,"MAY 29, 1998",25.0,1,Oklahoma,2022-23,1610612747,LAL,Los Angeles Lakers,77.0,https://cdn.nba.com/headshots/nba/latest/1040x760/1630559.png,https://cdn.nba.com/logos/nba/1610612747/primary/L/logo.svg
1631306,Cole Swider,cole-swider,20,F,6-9,220,"MAY 08, 1999",24.0,R,Syracuse,2022-23,1610612747,LAL,Los Angeles Lakers,81.0,https://cdn.nba.com/headshots/nba/latest/1040x760/1631306.png,https://cdn.nba.com/logos/nba/1610612747/primary/L/logo.svg
1626156,D'Angelo Russell,dangelo-russell,1,G,6-4,193,"FEB 23, 1996",27.0,7,Ohio State,2022-23,1610612747,LAL,Los Angeles Lakers,76.0,https://cdn.nba.com/headshots/nba/latest/1040x760/1626156.png,https://cdn.nba.com/logos/nba/1610612747/primary/L/logo.svg
203471,Dennis Schröder,dennis-schröder,17,G,6-1,172,"SEP 15, 1993",29.0,9,Braunschweig,2022-23,1610612747,LAL,Los Angeles Lakers,73.0,https://cdn.nba.com/headshots/nba/latest/1040x760/203471.png,https://cdn.nba.com/logos/nba/1610612747/primary/L/logo.svg
1629020,Jarred Vanderbilt,jarred-vanderbilt,2,F,6-8,214,"APR 03, 1999",24.0,4,Kentucky,2022-23,1610612747,LAL,Los Angeles Lakers,80.0,https://cdn.nba.com/headshots/nba/latest/1040x760/1629020.png,https://cdn.nba.com/logos/nba/1610612747/primary/L/logo.svg
2544,LeBron James,lebron-james,6,F,6-9,250,"DEC 30, 1984",38.0,19,St. Vincent-St. Mary HS (OH),2022-23,1610612747,LAL,Los Angeles Lakers,81.0,https://cdn.nba.com/headshots/nba/latest/1040x760/2544.png,https://cdn.nba.com/logos/nba/1610612747/primary/L/logo.svg
1629022,Lonnie Walker IV,lonnie-walker-iv,4,G-F,6-4,204,"DEC 14, 1998",24.0,4,Miami,2022-23,1610612747,LAL,Los Angeles Lakers,76.0,https://cdn.nba.com/headshots/nba/latest/1040x760/1629022.png,https://cdn.nba.com/logos/nba/1610612747/primary/L/logo.svg
1627736,Malik Beasley,malik-beasley,5,G,6-4,187,"NOV 26, 1996",26.0,6,Florida State,2022-23,1610612747,LAL,Los Angeles Lakers,76.0,https://cdn.nba.com/headshots/nba/latest/1040x760/1627736.png,https://cdn.nba.com/logos/nba/1610612747/primary/L/logo.svg
1631108,Max Christie,max-christie,10,G,6-5,190,"FEB 10, 2003",20.0,R,Michigan State,2022-23,1610612747,LAL,Los Angeles Lakers,77.0,https://cdn.nba.com/headshots/nba/latest/1040x760/1631108.png,https://cdn.nba.com/logos/nba/1610612747/primary/L/logo.svg
1628964,Mo Bamba,mo-bamba,12,C,7-0,231,"MAY 12, 1998",25.0,4,Texas,2022-23,1610612747,LAL,Los Angeles Lakers,84.0,https://cdn.nba.com/headshots/nba/latest/1040x760/1628964.png,https://cdn.nba.com/logos/nba/1610612747/primary/L/logo.svg
1629060,Rui Hachimura,rui-hachimura,28,F,6-8,230,"FEB 08, 1998",25.0,3,Gonzaga,2022-23,1610612747,LAL,Los Angeles Lakers,80.0,https://cdn.nba.com/headshots/nba/latest/1040x760/1629060.png,https://cdn.nba.com/logos/nba/1610612747/primary/L/logo.svg
1630590,Scotty Pippen Jr.,scotty-pippen-jr,14,G,6-1,170,"NOV 10, 2000",22.0,R,Vanderbilt,2022-23,1610612747,LAL,Los Angeles Lakers,73.0,https://cdn.nba.com/headshots/nba/latest/1040x760/1630590.png,https://cdn.nba.com/logos/nba/1610612747/primary/L/logo.svg
1627885,Shaquille Harrison,shaquille-harrison,0,G,6-4,195,"OCT 06, 1993",29.0,5,Tulsa,2022-23,1610612747,LAL,Los Angeles Lakers,76.0,https://cdn.nba.com/headshots/nba/latest/1040x760/1627885.png,https://cdn.nba.com/logos/nba/1610612747/primary/L/logo.svg
202684,Tristan Thompson,tristan-thompson,9,C-F,6-9,254,"MAR 13, 1991",32.0,11,Texas-Austin,2022-23,1610612747,LAL,Los Angeles Lakers,81.0,https://cdn.nba.com/headshots/nba/latest/1040x760/202684.png,https://cdn.nba.com/logos/nba/1610612747/primary/L/logo.svg
1628972,Troy Brown Jr.,troy-brown-jr,7,G-F,6-7,215,"JUL 28, 1999",23.0,4,Oregon,2022-23,1610612747,LAL,Los Angeles Lakers,79.0,https://cdn.nba.com/headshots/nba/latest/1040x760/1628972.png,https://cdn.nba.com/logos/nba/1610612747/primary/L/logo.svg
1629117,Wenyen Gabriel,wenyen-gabriel,35,F,6-9,205,"MAR 26, 1997",26.0,3,Kentucky,2022-23,1610612747,LAL,Los Angeles Lakers,81.0,https://cdn.nba.com/headshots/nba/latest/1040x760/1629117.png,https://cdn.nba.com/logos/nba/1610612747/primary/L/logo.svg
1629634,Brandon Clarke,brandon-clarke,15,F,6-8,215,"SEP 19, 1996",26.0,3,Gonzaga,2022-23,1610612763,MEM,Memphis Grizzlies,80.0,https://cdn.nba.com/headshots/nba/latest/1040x760/1629634.png,https://cdn.nba.com/logos/nba/1610612763/primary/L/logo.svg
1631223,David Roddy,david-roddy,27,F,6-4,255,"MAR 27, 2001",22.0,R,Colorado State,2022-23,1610612763,MEM,Memphis Grizzlies,76.0,https://cdn.nba.com/headshots/nba/latest/1040x760/1631223.png,https://cdn.nba.com/logos/nba/1610612763/primary/L/logo.svg
1630217,Desmond Bane,desmond-bane,22,G,6-5,215,"JUN 25, 1998",25.0,2,TCU,2022-23,1610612763,MEM,Memphis Grizzlies,77.0,https://cdn.nba.com/headshots/nba/latest/1040x760/1630217.png,https://cdn.nba.com/logos/nba/1610612763/primary/L/logo.svg
1628415,Dillon Brooks,dillon-brooks,24,G-F,6-6,225,"JAN 22, 1996",27.0,5,Oregon,2022-23,1610612763,MEM,Memphis Grizzlies,78.0,https://cdn.nba.com/headshots/nba/latest/1040x760/1628415.png,https://cdn.nba.com/logos/nba/1610612763/primary/L/logo.svg
1629630,Ja Morant,ja-morant,12,G,6-2,174,"AUG 10, 1999",23.0,3,Murray State,2022-23,1610612763,MEM,Memphis Grizzlies,74.0,https://cdn.nba.com/headshots/nba/latest/1040x760/1629630.png,https://cdn.nba.com/logos/nba/1610612763/primary/L/logo.svg
1631367,Jacob Gilyard,jacob-gilyard,,G,5-9,160,"JUL 14, 1998",24.0,R,Richmond,2022-23,1610612763,MEM,Memphis Grizzlies,69.0,https://cdn.nba.com/headshots/nba/latest/1040x760/1631367.png,https://cdn.nba.com/logos/nba/1610612763/primary/L/logo.svg
1631222,Jake LaRavia,jake-laravia,3,F,6-7,235,"NOV 03, 2001",21.0,R,Wake Forest,2022-23,1610612763,MEM,Memphis Grizzlies,79.0,https://cdn.nba.com/headshots/nba/latest/1040x760/1631222.png,https://cdn.nba.com/logos/nba/1610612763/primary/L/logo.svg
1628991,Jaren Jackson Jr.,jaren-jackson-jr,13,F-C,6-10,242,"SEP 15, 1999",23.0,4,Michigan State,2022-23,1610612763,MEM,Memphis Grizzlies,82.0,https://cdn.nba.com/headshots/nba/latest/1040x760/1628991.png,https://cdn.nba.com/logos/nba/1610612763/primary/L/logo.svg
1629723,John Konchar,john-konchar,46,G,6-5,210,"MAR 22, 1996",27.0,3,Indiana-Purdue Fort Wayne,2022-23,1610612763,MEM,Memphis Grizzlies,77.0,https://cdn.nba.com/headshots/nba/latest/1040x760/1629723.png,https://cdn.nba.com/logos/nba/1610612763/primary/L/logo.svg
1631254,Kenneth Lofton Jr.,kenneth-lofton-jr,6,F,6-6,275,"AUG 14, 2002",20.0,R,Louisiana Tech,2022-23,1610612763,MEM,Memphis Grizzlies,78.0,https://cdn.nba.com/headshots/nba/latest/1040x760/1631254.png,https://cdn.nba.com/logos/nba/1610612763/primary/L/logo.svg
1628379,Luke Kennard,luke-kennard,10,G,6-5,206,"JUN 24, 1996",27.0,5,Duke,2022-23,1610612763,MEM,Memphis Grizzlies,77.0,https://cdn.nba.com/headshots/nba/latest/1040x760/1628379.png,https://cdn.nba.com/logos/nba/1610612763/primary/L/logo.svg
1630583,Santi Aldama,santi-aldama,7,F-C,7-0,215,"JAN 10, 2001",22.0,1,Loyola-Maryland,2022-23,1610612763,MEM,Memphis Grizzlies,84.0,https://cdn.nba.com/headshots/nba/latest/1040x760/1630583.png,https://cdn.nba.com/logos/nba/1610612763/primary/L/logo.svg
203500,Steven Adams,steven-adams,4,C,6-11,265,"JUL 20, 1993",29.0,9,Pittsburgh,2022-23,1610612763,MEM,Memphis Grizzlies,83.0,https://cdn.nba.com/headshots/nba/latest/1040x760/203500.png,https://cdn.nba.com/logos/nba/1610612763/primary/L/logo.svg
1626145,Tyus Jones,tyus-jones,21,G,6-2,196,"MAY 10, 1996",27.0,7,Duke,2022-23,1610612763,MEM,Memphis Grizzlies,74.0,https://cdn.nba.com/headshots/nba/latest/1040x760/1626145.png,https://cdn.nba.com/logos/nba/1610612763/primary/L/logo.svg
1631246,Vince Williams Jr.,vince-williams-jr,5,G,6-4,205,"AUG 30, 2000",22.0,R,Virginia Commonwealth,2022-23,1610612763,MEM,Memphis Grizzlies,76.0,https://cdn.nba.com/headshots/nba/latest/1040x760/1631246.png,https://cdn.nba.com/logos/nba/1610612763/primary/L/logo.svg
1630214,Xavier Tillman,xavier-tillman,2,F,6-7,245,"JAN 12, 1999",24.0,2,Michigan State,2022-23,1610612763,MEM,Memphis Grizzlies,79.0,https://cdn.nba.com/headshots/nba/latest/1040x760/1630214.png,https://cdn.nba.com/logos/nba/1610612763/primary/L/logo.svg
1630533,Ziaire Williams,ziaire-williams,8,F,6-9,185,"SEP 12, 2001",21.0,1,Stanford,2022-23,1610612763,MEM,Memphis Grizzlies,81.0,https://cdn.nba.com/headshots/nba/latest/1040x760/1630533.png,https://cdn.nba.com/logos/nba/1610612763/primary/L/logo.svg
1628389,Bam Adebayo,bam-adebayo,13,C-F,6-9,255,"JUL 18, 1997",25.0,5,Kentucky,2022-23,1610612748,MIA,Miami Heat,81.0,https://cdn.nba.com/headshots/nba/latest/1040x760/1628389.png,https://cdn.nba.com/logos/nba/1610612748/primary/L/logo.svg
1628997,Caleb Martin,caleb-martin,16,F,6-5,205,"SEP 28, 1995",27.0,3,Nevada,2022-23,1610612748,MIA,Miami Heat,77.0,https://cdn.nba.com/headshots/nba/latest/1040x760/1628997.png,https://cdn.nba.com/logos/nba/1610612748/primary/L/logo.svg
203469,Cody Zeller,cody-zeller,44,F-C,6-11,240,"OCT 05, 1992",30.0,9,Indiana,2022-23,1610612748,MIA,Miami Heat,83.0,https://cdn.nba.com/headshots/nba/latest/1040x760/203469.png,https://cdn.nba.com/logos/nba/1610612748/primary/L/logo.svg
1629130,Duncan Robinson,duncan-robinson,55,F,6-7,215,"APR 22, 1994",29.0,4,Michigan,2022-23,1610612748,MIA,Miami Heat,79.0,https://cdn.nba.com/headshots/nba/latest/1040x760/1629130.png,https://cdn.nba.com/logos/nba/1610612748/primary/L/logo.svg
1629216,Gabe Vincent,gabe-vincent,2,G,6-2,200,"JUN 14, 1996",27.0,3,California-Santa Barbara,2022-23,1610612748,MIA,Miami Heat,74.0,https://cdn.nba.com/headshots/nba/latest/1040x760/1629216.png,https://cdn.nba.com/logos/nba/1610612748/primary/L/logo.svg
1629312,Haywood Highsmith,haywood-highsmith,24,F,6-5,220,"DEC 09, 1996",26.0,2,Wheeling Jesuit,2022-23,1610612748,MIA,Miami Heat,77.0,https://cdn.nba.com/headshots/nba/latest/1040x760/1629312.png,https://cdn.nba.com/logos/nba/1610612748/primary/L/logo.svg
1631288,Jamal Cain,jamal-cain,8,F,6-6,191,"MAR 20, 1999",24.0,R,Oakland,2022-23,1610612748,MIA,Miami Heat,78.0,https://cdn.nba.com/headshots/nba/latest/1040x760/1631288.png,https://cdn.nba.com/logos/nba/1610612748/primary/L/logo.svg
202710,Jimmy Butler III,jimmy-butler-iii,22,F,6-7,230,"SEP 14, 1989",33.0,11,Marquette,2022-23,1610612748,MIA,Miami Heat,79.0,https://cdn.nba.com/headshots/nba/latest/1040x760/202710.png,https://cdn.nba.com/logos/nba/1610612748/primary/L/logo.svg
201567,Kevin Love,kevin-love,0,F-C,6-8,251,"SEP 07, 1988",34.0,14,UCLA,2022-23,1610612748,MIA,Miami Heat,80.0,https://cdn.nba.com/headshots/nba/latest/1040x760/201567.png,https://cdn.nba.com/logos/nba/1610612748/primary/L/logo.svg
200768,Kyle Lowry,kyle-lowry,7,G,6-0,196,"MAR 25, 1986",37.0,16,Villanova,2022-23,1610612748,MIA,Miami Heat,72.0,https://cdn.nba.com/headshots/nba/latest/1040x760/200768.png,https://cdn.nba.com/logos/nba/1610612748/primary/L/logo.svg
1629622,Max Strus,max-strus,31,G-F,6-5,215,"MAR 28, 1996",27.0,3,DePaul,2022-23,1610612748,MIA,Miami Heat,77.0,https://cdn.nba.com/headshots/nba/latest/1040x760/1629622.png,https://cdn.nba.com/logos/nba/1610612748/primary/L/logo.svg
1631107,Nikola Jović,nikola-jović,5,F,6-10,205,"JUN 09, 2003",20.0,R,Mega Basket,2022-23,1610612748,MIA,Miami Heat,82.0,https://cdn.nba.com/headshots/nba/latest/1040x760/1631107.png,https://cdn.nba.com/logos/nba/1610612748/primary/L/logo.svg
1630209,Omer Yurtseven,omer-yurtseven,77,C,6-11,275,"JUN 19, 1998",25.0,1,Georgetown,2022-23,1610612748,MIA,Miami Heat,83.0,https://cdn.nba.com/headshots/nba/latest/1040x760/1630209.png,https://cdn.nba.com/logos/nba/1610612748/primary/L/logo.svg
1631115,Orlando Robinson,orlando-robinson,25,C,6-10,235,"JUL 10, 2000",22.0,R,Fresno State,2022-23,1610612748,MIA,Miami Heat,82.0,https://cdn.nba.com/headshots/nba/latest/1040x760/1631115.png,https://cdn.nba.com/logos/nba/1610612748/primary/L/logo.svg
1629639,Tyler Herro,tyler-herro,14,G,6-5,195,"JAN 20, 2000",23.0,3,Kentucky,2022-23,1610612748,MIA,Miami Heat,77.0,https://cdn.nba.com/headshots/nba/latest/1040x760/1629639.png,https://cdn.nba.com/logos/nba/1610612748/primary/L/logo.svg
2617,Udonis Haslem,udonis-haslem,40,F,6-7,235,"JUN 09, 1980",43.0,19,Florida,2022-23,1610612748,MIA,Miami Heat,79.0,https://cdn.nba.com/headshots/nba/latest/1040x760/2617.png,https://cdn.nba.com/logos/nba/1610612748/primary/L/logo.svg
203506,Victor Oladipo,victor-oladipo,4,G,6-3,213,"MAY 04, 1992",31.0,9,Indiana,2022-23,1610612748,MIA,Miami Heat,75.0,https://cdn.nba.com/headshots/nba/latest/1040x760/203506.png,https://cdn.nba.com/logos/nba/1610612748/primary/L/logo.svg
1631260,AJ Green,aj-green,20,G,6-5,190,"SEP 27, 1999",23.0,R,Northern Iowa,2022-23,1610612749,MIL,Milwaukee Bucks,77.0,https://cdn.nba.com/headshots/nba/latest/1040x760/1631260.png,https://cdn.nba.com/logos/nba/1610612749/primary/L/logo.svg
1626171,Bobby Portis,bobby-portis,9,F,6-11,250,"FEB 10, 1995",28.0,7,Arkansas,2022-23,1610612749,MIL,Milwaukee Bucks,83.0,https://cdn.nba.com/headshots/nba/latest/1040x760/1626171.png,https://cdn.nba.com/logos/nba/1610612749/primary/L/logo.svg
201572,Brook Lopez,brook-lopez,11,C,7-1,282,"APR 01, 1988",35.0,14,Stanford,2022-23,1610612749,MIL,Milwaukee Bucks,85.0,https://cdn.nba.com/headshots/nba/latest/1040x760/201572.png,https://cdn.nba.com/logos/nba/1610612749/primary/L/logo.svg
203507,Giannis Antetokounmpo,giannis-antetokounmpo,34,F,7-0,243,"DEC 06, 1994",28.0,9,Filathlitikos,2022-23,1610612749,MIL,Milwaukee Bucks,84.0,https://cdn.nba.com/headshots/nba/latest/1040x760/203507.png,https://cdn.nba.com/logos/nba/1610612749/primary/L/logo.svg
201609,Goran Dragic,goran-dragic,31,G,6-4,190,"MAY 06, 1986",37.0,14,Union Olimpija,2022-23,1610612749,MIL,Milwaukee Bucks,76.0,https://cdn.nba.com/headshots/nba/latest/1040x760/201609.png,https://cdn.nba.com/logos/nba/1610612749/primary/L/logo.svg
1628960,Grayson Allen,grayson-allen,12,G,6-4,198,"OCT 08, 1995",27.0,4,Duke,2022-23,1610612749,MIL,Milwaukee Bucks,76.0,https://cdn.nba.com/headshots/nba/latest/1040x760/1628960.png,https://cdn.nba.com/logos/nba/1610612749/primary/L/logo.svg
203109,Jae Crowder,jae-crowder,99,F,6-6,235,"JUL 06, 1990",32.0,10,Marquette,2022-23,1610612749,MIL,Milwaukee Bucks,78.0,https://cdn.nba.com/headshots/nba/latest/1040x760/203109.png,https://cdn.nba.com/logos/nba/1610612749/primary/L/logo.svg
1628975,Jevon Carter,jevon-carter,5,G,6-1,200,"SEP 14, 1995",27.0,4,West Virginia,2022-23,1610612749,MIL,Milwaukee Bucks,73.0,https://cdn.nba.com/headshots/nba/latest/1040x760/1628975.png,https://cdn.nba.com/logos/nba/1610612749/primary/L/logo.svg
204060,Joe Ingles,joe-ingles,7,F-G,6-9,220,"OCT 02, 1987",35.0,8,Maccabi Tel Aviv,2022-23,1610612749,MIL,Milwaukee Bucks,81.0,https://cdn.nba.com/headshots/nba/latest/1040x760/204060.png,https://cdn.nba.com/logos/nba/1610612749/primary/L/logo.svg
201950,Jrue Holiday,jrue-holiday,21,G,6-5,205,"JUN 12, 1990",33.0,13,UCLA,2022-23,1610612749,MIL,Milwaukee Bucks,77.0,https://cdn.nba.com/headshots/nba/latest/1040x760/201950.png,https://cdn.nba.com/logos/nba/1610612749/primary/L/logo.svg
203114,Khris Middleton,khris-middleton,22,F,6-7,222,"AUG 12, 1991",31.0,10,Texas A&M,2022-23,1610612749,MIL,Milwaukee Bucks,79.0,https://cdn.nba.com/headshots/nba/latest/1040x760/203114.png,https://cdn.nba.com/logos/nba/1610612749/primary/L/logo.svg
1629623,Lindell Wigginton,lindell-wigginton,28,G,6-1,189,"MAR 28, 1998",25.0,1,Iowa State,2022-23,1610612749,MIL,Milwaukee Bucks,73.0,https://cdn.nba.com/headshots/nba/latest/1040x760/1629623.png,https://cdn.nba.com/logos/nba/1610612749/primary/L/logo.svg
1630699,MarJon Beauchamp,marjon-beauchamp,0,F,6-7,199,"OCT 12, 2000",22.0,R,NBA G League Ignite,2022-23,1610612749,MIL,Milwaukee Bucks,79.0,https://cdn.nba.com/headshots/nba/latest/1040x760/1630699.png,https://cdn.nba.com/logos/nba/1610612749/primary/L/logo.svg
203086,Meyers Leonard,meyers-leonard,3,F-C,7-0,260,"FEB 27, 1992",31.0,9,Illinois,2022-23,1610612749,MIL,Milwaukee Bucks,84.0,https://cdn.nba.com/headshots/nba/latest/1040x760/203086.png,https://cdn.nba.com/logos/nba/1610612749/primary/L/logo.svg
1626192,Pat Connaughton,pat-connaughton,24,G,6-5,209,"JAN 06, 1993",30.0,7,Notre Dame,2022-23,1610612749,MIL,Milwaukee Bucks,77.0,https://cdn.nba.com/headshots/nba/latest/1040x760/1626192.png,https://cdn.nba.com/logos/nba/1610612749/primary/L/logo.svg
203648,Thanasis Antetokounmpo,thanasis-antetokounmpo,43,F,6-7,219,"JUL 18, 1992",30.0,4,Panathinaikos,2022-23,1610612749,MIL,Milwaukee Bucks,79.0,https://cdn.nba.com/headshots/nba/latest/1040x760/203648.png,https://cdn.nba.com/logos/nba/1610612749/primary/L/logo.svg
202083,Wesley Matthews,wesley-matthews,23,G,6-5,220,"OCT 14, 1986",36.0,13,Marquette,2022-23,1610612749,MIL,Milwaukee Bucks,77.0,https://cdn.nba.com/headshots/nba/latest/1040x760/202083.png,https://cdn.nba.com/logos/nba/1610612749/primary/L/logo.svg
1630162,Anthony Edwards,anthony-edwards,1,G,6-4,225,"AUG 05, 2001",21.0,2,Georgia,2022-23,1610612750,MIN,Minnesota Timberwolves,76.0,https://cdn.nba.com/headshots/nba/latest/1040x760/1630162.png,https://cdn.nba.com/logos/nba/1610612750/primary/L/logo.svg
203085,Austin Rivers,austin-rivers,25,G,6-4,200,"AUG 01, 1992",30.0,10,Duke,2022-23,1610612750,MIN,Minnesota Timberwolves,76.0,https://cdn.nba.com/headshots/nba/latest/1040x760/203085.png,https://cdn.nba.com/logos/nba/1610612750/primary/L/logo.svg
1630183,Jaden McDaniels,jaden-mcdaniels,3,F,6-9,185,"SEP 29, 2000",22.0,2,Washington,2022-23,1610612750,MIN,Minnesota Timberwolves,81.0,https://cdn.nba.com/headshots/nba/latest/1040x760/1630183.png,https://cdn.nba.com/logos/nba/1610612750/primary/L/logo.svg
1629669,Jaylen Nowell,jaylen-nowell,4,G,6-4,201,"JUL 09, 1999",23.0,3,Washington,2022-23,1610612750,MIN,Minnesota Timberwolves,76.0,https://cdn.nba.com/headshots/nba/latest/1040x760/1629669.png,https://cdn.nba.com/logos/nba/1610612750/primary/L/logo.svg
1629162,Jordan McLaughlin,jordan-mclaughlin,6,G,6-0,185,"APR 09, 1996",27.0,3,Southern California,2022-23,1610612750,MIN,Minnesota Timberwolves,72.0,https://cdn.nba.com/headshots/nba/latest/1040x760/1629162.png,https://cdn.nba.com/logos/nba/1610612750/primary/L/logo.svg
1631169,Josh Minott,josh-minott,8,F,6-8,205,"NOV 25, 2002",20.0,R,Memphis,2022-23,1610612750,MIN,Minnesota Timberwolves,80.0,https://cdn.nba.com/headshots/nba/latest/1040x760/1631169.png,https://cdn.nba.com/logos/nba/1610612750/primary/L/logo.svg
1626157,Karl-Anthony Towns,karl-anthony-towns,32,C-F,7-0,248,"NOV 15, 1995",27.0,7,Kentucky,2022-23,1610612750,MIN,Minnesota Timberwolves,84.0,https://cdn.nba.com/headshots/nba/latest/1040x760/1626157.png,https://cdn.nba.com/logos/nba/1610612750/primary/L/logo.svg
203937,Kyle Anderson,kyle-anderson,5,F-G,6-9,230,"SEP 20, 1993",29.0,8,UCLA,2022-23,1610612750,MIN,Minnesota Timberwolves,81.0,https://cdn.nba.com/headshots/nba/latest/1040x760/203937.png,https://cdn.nba.com/logos/nba/1610612750/primary/L/logo.svg
1630568,Luka Garza,luka-garza,55,C,6-10,243,"DEC 27, 1998",24.0,1,Iowa,2022-23,1610612750,MIN,Minnesota Timberwolves,82.0,https://cdn.nba.com/headshots/nba/latest/1040x760/1630568.png,https://cdn.nba.com/logos/nba/1610612750/primary/L/logo.svg
1630346,Matt Ryan,matt-ryan,37,F,6-6,215,"APR 17, 1997",26.0,1,Tennessee-Chattanooga,2022-23,1610612750,MIN,Minnesota Timberwolves,78.0,https://cdn.nba.com/headshots/nba/latest/1040x760/1630346.png,https://cdn.nba.com/logos/nba/1610612750/primary/L/logo.svg
201144,Mike Conley,mike-conley,10,G,6-1,175,"OCT 11, 1987",35.0,15,Ohio State,2022-23,1610612750,MIN,Minnesota Timberwolves,73.0,https://cdn.nba.com/headshots/nba/latest/1040x760/201144.png,https://cdn.nba.com/logos/nba/1610612750/primary/L/logo.svg
1630233,Nathan Knight,nathan-knight,13,F-C,6-8,253,"SEP 20, 1997",25.0,2,William & Mary,2022-23,1610612750,MIN,Minnesota Timberwolves,80.0,https://cdn.nba.com/headshots/nba/latest/1040x760/1630233.png,https://cdn.nba.com/logos/nba/1610612750/primary/L/logo.svg
1629675,Naz Reid,naz-reid,11,C-F,6-9,264,"AUG 26, 1999",23.0,3,Louisiana State,2022-23,1610612750,MIN,Minnesota Timberwolves,81.0,https://cdn.nba.com/headshots/nba/latest/1040x760/1629675.png,https://cdn.nba.com/logos/nba/1610612750/primary/L/logo.svg
1629638,Nickeil Alexander-Walker,nickeil-alexander-walker,9,G,6-5,205,"SEP 02, 1998",24.0,3,Virginia Tech,2022-23,1610612750,MIN,Minnesota Timberwolves,77.0,https://cdn.nba.com/headshots/nba/latest/1040x760/1629638.png,https://cdn.nba.com/logos/nba/1610612750/primary/L/logo.svg
203497,Rudy Gobert,rudy-gobert,27,C,7-1,258,"JUN 26, 1992",31.0,9,Cholet,2022-23,1610612750,MIN,Minnesota Timberwolves,85.0,https://cdn.nba.com/headshots/nba/latest/1040x760/203497.png,https://cdn.nba.com/logos/nba/1610612750/primary/L/logo.svg
1627752,Taurean Prince,taurean-prince,12,F,6-6,218,"MAR 22, 1994",29.0,6,Baylor,2022-23,1610612750,MIN,Minnesota Timberwolves,78.0,https://cdn.nba.com/headshots/nba/latest/1040x760/1627752.png,https://cdn.nba.com/logos/nba/1610612750/primary/L/logo.svg
1631111,Wendell Moore Jr.,wendell-moore-jr,7,G,6-5,215,"SEP 18, 2001",21.0,R,Duke,2022-23,1610612750,MIN,Minnesota Timberwolves,77.0,https://cdn.nba.com/headshots/nba/latest/1040x760/1631111.png,https://cdn.nba.com/logos/nba/1610612750/primary/L/logo.svg
1627742,Brandon Ingram,brandon-ingram,14,F,6-8,190,"SEP 02, 1997",25.0,6,Duke,2022-23,1610612740,NOP,New Orleans Pelicans,80.0,https://cdn.nba.com/headshots/nba/latest/1040x760/1627742.png,https://cdn.nba.com/logos/nba/1610612740/primary/L/logo.svg
203468,CJ McCollum,cj-mccollum,3,G,6-3,190,"SEP 19, 1991",31.0,9,Lehigh,2022-23,1610612740,NOP,New Orleans Pelicans,75.0,https://cdn.nba.com/headshots/nba/latest/1040x760/203468.png,https://cdn.nba.com/logos/nba/1610612740/primary/L/logo.svg
1631220,Dereon Seabron,dereon-seabron,0,G,6-5,180,"MAY 26, 2000",23.0,R,North Carolina State,2022-23,1610612740,NOP,New Orleans Pelicans,77.0,https://cdn.nba.com/headshots/nba/latest/1040x760/1631220.png,https://cdn.nba.com/logos/nba/1610612740/primary/L/logo.svg
1630700,Dyson Daniels,dyson-daniels,11,G,6-7,199,"MAR 17, 2003",20.0,R,NBA G League Ignite,2022-23,1610612740,NOP,New Orleans Pelicans,79.0,https://cdn.nba.com/headshots/nba/latest/1040x760/1630700.png,https://cdn.nba.com/logos/nba/1610612740/primary/L/logo.svg
1630604,E.J. Liddell,ej-liddell,32,F,6-6,240,"DEC 18, 2000",22.0,R,Ohio State,2022-23,1610612740,NOP,New Orleans Pelicans,78.0,https://cdn.nba.com/headshots/nba/latest/1040x760/1630604.png,https://cdn.nba.com/logos/nba/1610612740/primary/L/logo.svg
202066,Garrett Temple,garrett-temple,41,G-F,6-6,195,"MAY 08, 1986",37.0,12,Louisiana State,2022-23,1610612740,NOP,New Orleans Pelicans,78.0,https://cdn.nba.com/headshots/nba/latest/1040x760/202066.png,https://cdn.nba.com/logos/nba/1610612740/primary/L/logo.svg
1630529,Herbert Jones,herbert-jones,5,F,6-7,206,"OCT 06, 1998",24.0,1,Alabama,2022-23,1610612740,NOP,New Orleans Pelicans,79.0,https://cdn.nba.com/headshots/nba/latest/1040x760/1630529.png,https://cdn.nba.com/logos/nba/1610612740/primary/L/logo.svg
1629637,Jaxson Hayes,jaxson-hayes,10,C-F,7-0,220,"MAY 23, 2000",23.0,3,Texas,2022-23,1610612740,NOP,New Orleans Pelicans,84.0,https://cdn.nba.com/headshots/nba/latest/1040x760/1629637.png,https://cdn.nba.com/logos/nba/1610612740/primary/L/logo.svg
202685,Jonas Valančiūnas,jonas-valančiūnas,17,C,6-11,265,"MAY 06, 1992",31.0,10,Lietuvos rytas Vilnius,2022-23,1610612740,NOP,New Orleans Pelicans,83.0,https://cdn.nba.com/headshots/nba/latest/1040x760/202685.png,https://cdn.nba.com/logos/nba/1610612740/primary/L/logo.svg
1630631,Jose Alvarado,jose-alvarado,15,G,6-0,179,"APR 12, 1998",25.0,1,Georgia Tech,2022-23,1610612740,NOP,New Orleans Pelicans,72.0,https://cdn.nba.com/headshots/nba/latest/1040x760/1630631.png,https://cdn.nba.com/logos/nba/1610612740/primary/L/logo.svg
1626196,Josh Richardson,josh-richardson,2,G,6-6,200,"SEP 15, 1993",29.0,7,Tennessee,2022-23,1610612740,NOP,New Orleans Pelicans,78.0,https://cdn.nba.com/headshots/nba/latest/1040x760/1626196.png,https://cdn.nba.com/logos/nba/1610612740/primary/L/logo.svg
1630184,Kira Lewis Jr.,kira-lewis-jr,13,G,6-1,170,"APR 06, 2001",22.0,2,Alabama,2022-23,1610612740,NOP,New Orleans Pelicans,73.0,https://cdn.nba.com/headshots/nba/latest/1040x760/1630184.png,https://cdn.nba.com/logos/nba/1610612740/primary/L/logo.svg
1626204,Larry Nance Jr.,larry-nance-jr,22,F-C,6-8,245,"JAN 01, 1993",30.0,7,Wyoming,2022-23,1610612740,NOP,New Orleans Pelicans,80.0,https://cdn.nba.com/headshots/nba/latest/1040x760/1626204.png,https://cdn.nba.com/logos/nba/1610612740/primary/L/logo.svg
1630230,Naji Marshall,naji-marshall,8,F,6-7,220,"JAN 24, 1998",25.0,2,Xavier,2022-23,1610612740,NOP,New Orleans Pelicans,79.0,https://cdn.nba.com/headshots/nba/latest/1040x760/1630230.png,https://cdn.nba.com/logos/nba/1610612740/primary/L/logo.svg
1630530,Trey Murphy III,trey-murphy-iii,25,F,6-8,206,"JUN 18, 2000",23.0,1,Virginia,2022-23,1610612740,NOP,New Orleans Pelicans,80.0,https://cdn.nba.com/headshots/nba/latest/1040x760/1630530.png,https://cdn.nba.com/logos/nba/1610612740/primary/L/logo.svg
1626195,Willy Hernangomez,willy-hernangomez,9,C-F,6-11,250,"MAY 27, 1994",29.0,6,Cajasol Sevilla,2022-23,1610612740,NOP,New Orleans Pelicans,83.0,https://cdn.nba.com/headshots/nba/latest/1040x760/1626195.png,https://cdn.nba.com/logos/nba/1610612740/primary/L/logo.svg
1629627,Zion Williamson,zion-williamson,1,F,6-6,284,"JUL 06, 2000",22.0,3,Duke,2022-23,1610612740,NOP,New Orleans Pelicans,78.0,https://cdn.nba.com/headshots/nba/latest/1040x760/1629627.png,https://cdn.nba.com/logos/nba/1610612740/primary/L/logo.svg
1629610,DaQuan Jeffries,daquan-jeffries,8,G-F,6-5,222,"AUG 30, 1997",25.0,3,Tulsa,2022-23,1610612752,NYK,New York Knicks,77.0,https://cdn.nba.com/headshots/nba/latest/1040x760/1629610.png,https://cdn.nba.com/logos/nba/1610612752/primary/L/logo.svg
201565,Derrick Rose,derrick-rose,4,G,6-3,200,"OCT 04, 1988",34.0,13,Memphis,2022-23,1610612752,NYK,New York Knicks,75.0,https://cdn.nba.com/headshots/nba/latest/1040x760/201565.png,https://cdn.nba.com/logos/nba/1610612752/primary/L/logo.svg
1630613,Duane Washington Jr.,duane-washington-jr,4,G,6-2,197,"MAR 24, 2000",23.0,1,Ohio State,2022-23,1610612752,NYK,New York Knicks,74.0,https://cdn.nba.com/headshots/nba/latest/1040x760/1630613.png,https://cdn.nba.com/logos/nba/1610612752/primary/L/logo.svg
203095,Evan Fournier,evan-fournier,13,G-F,6-6,205,"OCT 29, 1992",30.0,10,Poitiers Basket 86,2022-23,1610612752,NYK,New York Knicks,78.0,https://cdn.nba.com/headshots/nba/latest/1040x760/203095.png,https://cdn.nba.com/logos/nba/1610612752/primary/L/logo.svg
1630193,Immanuel Quickley,immanuel-quickley,5,G,6-2,190,"JUN 17, 1999",24.0,2,Kentucky,2022-23,1610612752,NYK,New York Knicks,74.0,https://cdn.nba.com/headshots/nba/latest/1040x760/1630193.png,https://cdn.nba.com/logos/nba/1610612752/primary/L/logo.svg
1628392,Isaiah Hartenstein,isaiah-hartenstein,55,C-F,7-0,250,"MAY 05, 1998",25.0,4,Zalgiris,2022-23,1610612752,NYK,New York Knicks,84.0,https://cdn.nba.com/headshots/nba/latest/1040x760/1628392.png,https://cdn.nba.com/logos/nba/1610612752/primary/L/logo.svg
1629676,Isaiah Roby,isaiah-roby,18,F,6-8,230,"FEB 03, 1998",25.0,3,Nebraska,2022-23,1610612752,NYK,New York Knicks,80.0,https://cdn.nba.com/headshots/nba/latest/1040x760/1629676.png,https://cdn.nba.com/logos/nba/1610612752/primary/L/logo.svg
1628973,Jalen Brunson,jalen-brunson,11,G,6-2,190,"AUG 31, 1996",26.0,4,Villanova,2022-23,1610612752,NYK,New York Knicks,74.0,https://cdn.nba.com/headshots/nba/latest/1040x760/1628973.png,https://cdn.nba.com/logos/nba/1610612752/primary/L/logo.svg
1630579,Jericho Sims,jericho-sims,45,C,6-10,250,"OCT 20, 1998",24.0,1,Texas,2022-23,1610612752,NYK,New York Knicks,82.0,https://cdn.nba.com/headshots/nba/latest/1040x760/1630579.png,https://cdn.nba.com/logos/nba/1610612752/primary/L/logo.svg
1628404,Josh Hart,josh-hart,3,G,6-4,215,"MAR 06, 1995",28.0,5,Villanova,2022-23,1610612752,NYK,New York Knicks,76.0,https://cdn.nba.com/headshots/nba/latest/1040x760/1628404.png,https://cdn.nba.com/logos/nba/1610612752/primary/L/logo.svg
203944,Julius Randle,julius-randle,30,F-C,6-8,250,"NOV 29, 1994",28.0,8,Kentucky,2022-23,1610612752,NYK,New York Knicks,80.0,https://cdn.nba.com/headshots/nba/latest/1040x760/203944.png,https://cdn.nba.com/logos/nba/1610612752/primary/L/logo.svg
1630540,Miles McBride,miles-mcbride,2,G,6-2,195,"SEP 08, 2000",22.0,1,West Virginia,2022-23,1610612752,NYK,New York Knicks,74.0,https://cdn.nba.com/headshots/nba/latest/1040x760/1630540.png,https://cdn.nba.com/logos/nba/1610612752/primary/L/logo.svg
1629011,Mitchell Robinson,mitchell-robinson,23,C-F,7-0,240,"APR 01, 1998",25.0,4,Western Kentucky,2022-23,1610612752,NYK,New York Knicks,84.0,https://cdn.nba.com/headshots/nba/latest/1040x760/1629011.png,https://cdn.nba.com/logos/nba/1610612752/primary/L/logo.svg
1630167,Obi Toppin,obi-toppin,1,F,6-9,220,"MAR 04, 1998",25.0,2,Dayton,2022-23,1610612752,NYK,New York Knicks,81.0,https://cdn.nba.com/headshots/nba/latest/1040x760/1630167.png,https://cdn.nba.com/logos/nba/1610612752/primary/L/logo.svg
1629656,Quentin Grimes,quentin-grimes,6,G,6-5,210,"MAY 08, 2000",23.0,1,Houston,2022-23,1610612752,NYK,New York Knicks,77.0,https://cdn.nba.com/headshots/nba/latest/1040x760/1629656.png,https://cdn.nba.com/logos/nba/1610612752/primary/L/logo.svg
1629628,RJ Barrett,rj-barrett,9,F-G,6-6,214,"JUN 14, 2000",23.0,3,Duke,2022-23,1610612752,NYK,New York Knicks,78.0,https://cdn.nba.com/headshots/nba/latest/1040x760/1629628.png,https://cdn.nba.com/logos/nba/1610612752/primary/L/logo.svg
1631211,Trevor Keels,trevor-keels,3,G,6-4,221,"AUG 26, 2003",19.0,R,Duke,2022-23,1610612752,NYK,New York Knicks,76.0,https://cdn.nba.com/headshots/nba/latest/1040x760/1631211.png,https://cdn.nba.com/logos/nba/1610612752/primary/L/logo.svg
1630598,Aaron Wiggins,aaron-wiggins,21,G,6-5,190,"JAN 02, 1999",24.0,1,Maryland,2022-23,1610612760,OKC,Oklahoma City Thunder,77.0,https://cdn.nba.com/headshots/nba/latest/1040x760/1630598.png,https://cdn.nba.com/logos/nba/1610612760/primary/L/logo.svg
1630197,Aleksej Pokusevski,aleksej-pokusevski,17,F,7-0,210,"DEC 26, 2001",21.0,2,Olympiacos,2022-23,1610612760,OKC,Oklahoma City Thunder,84.0,https://cdn.nba.com/headshots/nba/latest/1040x760/1630197.png,https://cdn.nba.com/logos/nba/1610612760/primary/L/logo.svg
1631096,Chet Holmgren,chet-holmgren,7,C-F,7-1,195,"MAY 01, 2002",21.0,R,Gonzaga,2022-23,1610612760,OKC,Oklahoma City Thunder,85.0,https://cdn.nba.com/headshots/nba/latest/1040x760/1631096.png,https://cdn.nba.com/logos/nba/1610612760/primary/L/logo.svg
203967,Dario Šarić,dario-šarić,9,F-C,6-10,225,"APR 08, 1994",29.0,6,Anadolu Efes,2022-23,1610612760,OKC,Oklahoma City Thunder,82.0,https://cdn.nba.com/headshots/nba/latest/1040x760/203967.png,https://cdn.nba.com/logos/nba/1610612760/primary/L/logo.svg
1630198,Isaiah Joe,isaiah-joe,11,G,6-3,165,"JUL 02, 1999",23.0,2,Arkansas,2022-23,1610612760,OKC,Oklahoma City Thunder,75.0,https://cdn.nba.com/headshots/nba/latest/1040x760/1630198.png,https://cdn.nba.com/logos/nba/1610612760/primary/L/logo.svg
1631114,Jalen Williams,jalen-williams,8,G-F,6-5,211,"APR 14, 2001",22.0,R,Santa Clara,2022-23,1610612760,OKC,Oklahoma City Thunder,77.0,https://cdn.nba.com/headshots/nba/latest/1040x760/1631114.png,https://cdn.nba.com/logos/nba/1610612760/primary/L/logo.svg
1630215,Jared Butler,jared-butler,14,G,6-3,193,"AUG 25, 2000",22.0,1,Baylor,2022-23,1610612760,OKC,Oklahoma City Thunder,75.0,https://cdn.nba.com/headshots/nba/latest/1040x760/1630215.png,https://cdn.nba.com/logos/nba/1610612760/primary/L/logo.svg
1631119,Jaylin Williams,jaylin-williams,6,F,6-9,240,"JUN 29, 2002",21.0,R,Arkansas,2022-23,1610612760,OKC,Oklahoma City Thunder,81.0,https://cdn.nba.com/headshots/nba/latest/1040x760/1631119.png,https://cdn.nba.com/logos/nba/1610612760/primary/L/logo.svg
1630526,Jeremiah Robinson-Earl,jeremiah-robinson-earl,50,F,6-8,240,"NOV 03, 2000",22.0,1,Villanova,2022-23,1610612760,OKC,Oklahoma City Thunder,80.0,https://cdn.nba.com/headshots/nba/latest/1040x760/1630526.png,https://cdn.nba.com/logos/nba/1610612760/primary/L/logo.svg
1630581,Josh Giddey,josh-giddey,3,G,6-8,216,"OCT 10, 2002",20.0,1,NBA Global Academy,2022-23,1610612760,OKC,Oklahoma City Thunder,80.0,https://cdn.nba.com/headshots/nba/latest/1040x760/1630581.png,https://cdn.nba.com/logos/nba/1610612760/primary/L/logo.svg
1629026,Kenrich Williams,kenrich-williams,34,G-F,6-6,210,"DEC 02, 1994",28.0,4,TCU,2022-23,1610612760,OKC,Oklahoma City Thunder,78.0,https://cdn.nba.com/headshots/nba/latest/1040x760/1629026.png,https://cdn.nba.com/logos/nba/1610612760/primary/L/logo.svg
1630322,Lindy Waters III,lindy-waters-iii,12,F,6-6,210,"JUL 28, 1997",25.0,1,Oklahoma State,2022-23,1610612760,OKC,Oklahoma City Thunder,78.0,https://cdn.nba.com/headshots/nba/latest/1040x760/1630322.png,https://cdn.nba.com/logos/nba/1610612760/primary/L/logo.svg
1629652,Luguentz Dort,luguentz-dort,5,G,6-4,220,"APR 19, 1999",24.0,3,Arizona State,2022-23,1610612760,OKC,Oklahoma City Thunder,76.0,https://cdn.nba.com/headshots/nba/latest/1040x760/1629652.png,https://cdn.nba.com/logos/nba/1610612760/primary/L/logo.svg
1630846,Olivier Sarr,olivier-sarr,30,C,6-11,240,"FEB 20, 1999",24.0,1,Kentucky,2022-23,1610612760,OKC,Oklahoma City Thunder,83.0,https://cdn.nba.com/headshots/nba/latest/1040x760/1630846.png,https://cdn.nba.com/logos/nba/1610612760/primary/L/logo.svg
1631172,Ousmane Dieng,ousmane-dieng,13,F,6-9,185,"MAY 21, 2003",20.0,R,New Zealand Breakers,2022-23,1610612760,OKC,Oklahoma City Thunder,81.0,https://cdn.nba.com/headshots/nba/latest/1040x760/1631172.png,https://cdn.nba.com/logos/nba/1610612760/primary/L/logo.svg
1628983,Shai Gilgeous-Alexander,shai-gilgeous-alexander,2,G,6-6,195,"JUL 12, 1998",24.0,4,Kentucky,2022-23,1610612760,OKC,Oklahoma City Thunder,78.0,https://cdn.nba.com/headshots/nba/latest/1040x760/1628983.png,https://cdn.nba.com/logos/nba/1610612760/primary/L/logo.svg
1630544,Tre Mann,tre-mann,23,G,6-3,178,"FEB 03, 2001",22.0,1,Florida,2022-23,1610612760,OKC,Oklahoma City Thunder,75.0,https://cdn.nba.com/headshots/nba/latest/1040x760/1630544.png,https://cdn.nba.com/logos/nba/1610612760/primary/L/logo.svg
1629678,Admiral Schofield,admiral-schofield,25,F,6-5,241,"MAR 30, 1997",26.0,2,Tennessee,2022-23,1610612753,ORL,Orlando Magic,77.0,https://cdn.nba.com/headshots/nba/latest/1040x760/1629678.png,https://cdn.nba.com/logos/nba/1610612753/primary/L/logo.svg
1629626,Bol Bol,bol-bol,10,C-F,7-2,220,"NOV 16, 1999",23.0,3,Oregon,2022-23,1610612753,ORL,Orlando Magic,86.0,https://cdn.nba.com/headshots/nba/latest/1040x760/1629626.png,https://cdn.nba.com/logos/nba/1610612753/primary/L/logo.svg
1631216,Caleb Houstan,caleb-houstan,2,G,6-8,205,"JAN 09, 2003",20.0,R,Michigan,2022-23,1610612753,ORL,Orlando Magic,80.0,https://cdn.nba.com/headshots/nba/latest/1040x760/1631216.png,https://cdn.nba.com/logos/nba/1610612753/primary/L/logo.svg
1629643,Chuma Okeke,chuma-okeke,3,F,6-8,229,"AUG 18, 1998",24.0,2,Auburn,2022-23,1610612753,ORL,Orlando Magic,80.0,https://cdn.nba.com/headshots/nba/latest/1040x760/1629643.png,https://cdn.nba.com/logos/nba/1610612753/primary/L/logo.svg
1630175,Cole Anthony,cole-anthony,50,G,6-3,185,"MAY 15, 2000",23.0,2,North Carolina,2022-23,1610612753,ORL,Orlando Magic,75.0,https://cdn.nba.com/headshots/nba/latest/1040x760/1630175.png,https://cdn.nba.com/logos/nba/1610612753/primary/L/logo.svg
1630532,Franz Wagner,franz-wagner,22,F,6-10,220,"AUG 27, 2001",21.0,1,Michigan,2022-23,1610612753,ORL,Orlando Magic,82.0,https://cdn.nba.com/headshots/nba/latest/1040x760/1630532.png,https://cdn.nba.com/logos/nba/1610612753/primary/L/logo.svg
203914,Gary Harris,gary-harris,14,G,6-4,210,"SEP 14, 1994",28.0,8,Michigan State,2022-23,1610612753,ORL,Orlando Magic,76.0,https://cdn.nba.com/headshots/nba/latest/1040x760/203914.png,https://cdn.nba.com/logos/nba/1610612753/primary/L/logo.svg
1629048,Goga Bitadze,goga-bitadze,88,C-F,6-11,250,"JUL 20, 1999",23.0,3,Mega Basket,2022-23,1610612753,ORL,Orlando Magic,83.0,https://cdn.nba.com/headshots/nba/latest/1040x760/1629048.png,https://cdn.nba.com/logos/nba/1610612753/primary/L/logo.svg
1630591,Jalen Suggs,jalen-suggs,4,G,6-5,205,"JUN 03, 2001",22.0,1,Gonzaga,2022-23,1610612753,ORL,Orlando Magic,77.0,https://cdn.nba.com/headshots/nba/latest/1040x760/1630591.png,https://cdn.nba.com/logos/nba/1610612753/primary/L/logo.svg
1628371,Jonathan Isaac,jonathan-isaac,1,F,6-10,230,"OCT 03, 1997",25.0,5,Florida State,2022-23,1610612753,ORL,Orlando Magic,82.0,https://cdn.nba.com/headshots/nba/latest/1040x760/1628371.png,https://cdn.nba.com/logos/nba/1610612753/primary/L/logo.svg
1630284,Kevon Harris,kevon-harris,7,G,6-6,216,"JUN 24, 1997",26.0,R,Stephen F. Austin,2022-23,1610612753,ORL,Orlando Magic,78.0,https://cdn.nba.com/headshots/nba/latest/1040x760/1630284.png,https://cdn.nba.com/logos/nba/1610612753/primary/L/logo.svg
1628365,Markelle Fultz,markelle-fultz,20,G,6-4,209,"MAY 29, 1998",25.0,5,Washington,2022-23,1610612753,ORL,Orlando Magic,76.0,https://cdn.nba.com/headshots/nba/latest/1040x760/1628365.png,https://cdn.nba.com/logos/nba/1610612753/primary/L/logo.svg
203487,Michael Carter-Williams,michael-carter-williams,11,G,6-5,190,"OCT 10, 1991",31.0,8,Syracuse,2022-23,1610612753,ORL,Orlando Magic,77.0,https://cdn.nba.com/headshots/nba/latest/1040x760/203487.png,https://cdn.nba.com/logos/nba/1610612753/primary/L/logo.svg
1629021,Moritz Wagner,moritz-wagner,21,F-C,6-11,245,"APR 26, 1997",26.0,4,Michigan,2022-23,1610612753,ORL,Orlando Magic,83.0,https://cdn.nba.com/headshots/nba/latest/1040x760/1629021.png,https://cdn.nba.com/logos/nba/1610612753/primary/L/logo.svg
1631094,Paolo Banchero,paolo-banchero,5,F,6-10,250,"NOV 12, 2002",20.0,R,Duke,2022-23,1610612753,ORL,Orlando Magic,82.0,https://cdn.nba.com/headshots/nba/latest/1040x760/1631094.png,https://cdn.nba.com/logos/nba/1610612753/primary/L/logo.svg
1628976,Wendell Carter Jr.,wendell-carter-jr,34,C-F,6-10,270,"APR 16, 1999",24.0,4,Duke,2022-23,1610612753,ORL,Orlando Magic,82.0,https://cdn.nba.com/headshots/nba/latest/1040x760/1628976.png,https://cdn.nba.com/logos/nba/1610612753/primary/L/logo.svg
1627863,Danuel House Jr.,danuel-house-jr,25,F-G,6-6,220,"JUN 07, 1993",30.0,6,Texas A&M,2022-23,1610612755,PHI,Philadelphia 76ers,78.0,https://cdn.nba.com/headshots/nba/latest/1040x760/1627863.png,https://cdn.nba.com/logos/nba/1610612755/primary/L/logo.svg
1629001,De'Anthony Melton,deanthony-melton,8,G,6-2,200,"MAY 28, 1998",25.0,4,Southern California,2022-23,1610612755,PHI,Philadelphia 76ers,74.0,https://cdn.nba.com/headshots/nba/latest/1040x760/1629001.png,https://cdn.nba.com/logos/nba/1610612755/primary/L/logo.svg
203473,Dewayne Dedmon,dewayne-dedmon,14,C,6-10,245,"AUG 12, 1989",33.0,9,USC,2022-23,1610612755,PHI,Philadelphia 76ers,82.0,https://cdn.nba.com/headshots/nba/latest/1040x760/203473.png,https://cdn.nba.com/logos/nba/1610612755/primary/L/logo.svg
1627788,Furkan Korkmaz,furkan-korkmaz,30,G-F,6-7,202,"JUL 24, 1997",25.0,5,Anadolu Efes,2022-23,1610612755,PHI,Philadelphia 76ers,79.0,https://cdn.nba.com/headshots/nba/latest/1040x760/1627788.png,https://cdn.nba.com/logos/nba/1610612755/primary/L/logo.svg
1627777,Georges Niang,georges-niang,20,F,6-7,230,"JUN 17, 1993",30.0,6,Iowa State,2022-23,1610612755,PHI,Philadelphia 76ers,79.0,https://cdn.nba.com/headshots/nba/latest/1040x760/1627777.png,https://cdn.nba.com/logos/nba/1610612755/primary/L/logo.svg
1630531,Jaden Springer,jaden-springer,11,G,6-4,202,"SEP 25, 2002",20.0,1,Tennessee,2022-23,1610612755,PHI,Philadelphia 76ers,76.0,https://cdn.nba.com/headshots/nba/latest/1040x760/1630531.png,https://cdn.nba.com/logos/nba/1610612755/primary/L/logo.svg
1629667,Jalen McDaniels,jalen-mcdaniels,7,F-C,6-9,205,"JAN 31, 1998",25.0,3,San Diego State,2022-23,1610612755,PHI,Philadelphia 76ers,81.0,https://cdn.nba.com/headshots/nba/latest/1040x760/1629667.png,https://cdn.nba.com/logos/nba/1610612755/primary/L/logo.svg
201935,James Harden,james-harden,1,G,6-5,220,"AUG 26, 1989",33.0,13,Arizona State,2022-23,1610612755,PHI,Philadelphia 76ers,77.0,https://cdn.nba.com/headshots/nba/latest/1040x760/201935.png,https://cdn.nba.com/logos/nba/1610612755/primary/L/logo.svg
203954,Joel Embiid,joel-embiid,21,C-F,7-0,280,"MAR 16, 1994",29.0,6,Kansas,2022-23,1610612755,PHI,Philadelphia 76ers,84.0,https://cdn.nba.com/headshots/nba/latest/1040x760/203954.png,https://cdn.nba.com/logos/nba/1610612755/primary/L/logo.svg
1629663,Louis King,louis-king,23,F,6-7,205,"APR 06, 1999",24.0,3,Oregon,2022-23,1610612755,PHI,Philadelphia 76ers,79.0,https://cdn.nba.com/headshots/nba/latest/1040x760/1629663.png,https://cdn.nba.com/logos/nba/1610612755/primary/L/logo.svg
1630644,Mac McClung,mac-mcclung,9,G,6-2,185,"JAN 06, 1999",24.0,1,Texas Tech,2022-23,1610612755,PHI,Philadelphia 76ers,74.0,https://cdn.nba.com/headshots/nba/latest/1040x760/1630644.png,https://cdn.nba.com/logos/nba/1610612755/primary/L/logo.svg
1626149,Montrezl Harrell,montrezl-harrell,5,F-C,6-7,240,"JAN 26, 1994",29.0,7,Louisville,2022-23,1610612755,PHI,Philadelphia 76ers,79.0,https://cdn.nba.com/headshots/nba/latest/1040x760/1626149.png,https://cdn.nba.com/logos/nba/1610612755/primary/L/logo.svg
200782,P.J. Tucker,pj-tucker,17,F,6-5,245,"MAY 05, 1985",38.0,11,Texas,2022-23,1610612755,PHI,Philadelphia 76ers,77.0,https://cdn.nba.com/headshots/nba/latest/1040x760/200782.png,https://cdn.nba.com/logos/nba/1610612755/primary/L/logo.svg
1630194,Paul Reed,paul-reed,44,F,6-9,210,"JUN 14, 1999",24.0,2,DePaul,2022-23,1610612755,PHI,Philadelphia 76ers,81.0,https://cdn.nba.com/headshots/nba/latest/1040x760/1630194.png,https://cdn.nba.com/logos/nba/1610612755/primary/L/logo.svg
1629003,Shake Milton,shake-milton,18,G-F,6-5,205,"SEP 26, 1996",26.0,4,Southern Methodist,2022-23,1610612755,PHI,Philadelphia 76ers,77.0,https://cdn.nba.com/headshots/nba/latest/1040x760/1629003.png,https://cdn.nba.com/logos/nba/1610612755/primary/L/logo.svg
202699,Tobias Harris,tobias-harris,12,F,6-7,226,"JUL 15, 1992",30.0,11,Tennessee,2022-23,1610612755,PHI,Philadelphia 76ers,79.0,https://cdn.nba.com/headshots/nba/latest/1040x760/202699.png,https://cdn.nba.com/logos/nba/1610612755/primary/L/logo.svg
1630178,Tyrese Maxey,tyrese-maxey,0,G,6-2,200,"NOV 04, 2000",22.0,2,Kentucky,2022-23,1610612755,PHI,Philadelphia 76ers,74.0,https://cdn.nba.com/headshots/nba/latest/1040x760/1630178.png,https://cdn.nba.com/logos/nba/1610612755/primary/L/logo.svg
202687,Bismack Biyombo,bismack-biyombo,18,C,6-8,255,"AUG 28, 1992",30.0,11,Baloncesto Fuenlabrada,2022-23,1610612756,PHX,Phoenix Suns,80.0,https://cdn.nba.com/headshots/nba/latest/1040x760/202687.png,https://cdn.nba.com/logos/nba/1610612756/primary/L/logo.svg
1626166,Cameron Payne,cameron-payne,15,G,6-1,183,"AUG 08, 1994",28.0,7,Murray State,2022-23,1610612756,PHX,Phoenix Suns,73.0,https://cdn.nba.com/headshots/nba/latest/1040x760/1626166.png,https://cdn.nba.com/logos/nba/1610612756/primary/L/logo.svg
101108,Chris Paul,chris-paul,3,G,6-0,175,"MAY 06, 1985",38.0,17,Wake Forest,2022-23,1610612756,PHX,Phoenix Suns,72.0,https://cdn.nba.com/headshots/nba/latest/1040x760/101108.png,https://cdn.nba.com/logos/nba/1610612756/primary/L/logo.svg
1627814,Damion Lee,damion-lee,10,G-F,6-5,210,"OCT 21, 1992",30.0,5,Drexel,2022-23,1610612756,PHX,Phoenix Suns,77.0,https://cdn.nba.com/headshots/nba/latest/1040x760/1627814.png,https://cdn.nba.com/logos/nba/1610612756/primary/L/logo.svg
1629647,Darius Bazley,darius-bazley,55,F,6-9,216,"JUN 12, 2000",23.0,3,Princeton HS (OH),2022-23,1610612756,PHX,Phoenix Suns,81.0,https://cdn.nba.com/headshots/nba/latest/1040x760/1629647.png,https://cdn.nba.com/logos/nba/1610612756/primary/L/logo.svg
1629028,Deandre Ayton,deandre-ayton,22,C,7-0,250,"JUL 23, 1998",24.0,4,Arizona,2022-23,1610612756,PHX,Phoenix Suns,84.0,https://cdn.nba.com/headshots/nba/latest/1040x760/1629028.png,https://cdn.nba.com/logos/nba/1610612756/primary/L/logo.svg
1626164,Devin Booker,devin-booker,1,G,6-5,206,"OCT 30, 1996",26.0,7,Kentucky,2022-23,1610612756,PHX,Phoenix Suns,77.0,https://cdn.nba.com/headshots/nba/latest/1040x760/1626164.png,https://cdn.nba.com/logos/nba/1610612756/primary/L/logo.svg
1630688,Ish Wainright,ish-wainright,12,F,6-5,250,"SEP 12, 1994",28.0,1,Baylor,2022-23,1610612756,PHX,Phoenix Suns,77.0,https://cdn.nba.com/headshots/nba/latest/1040x760/1630688.png,https://cdn.nba.com/logos/nba/1610612756/primary/L/logo.svg
1629111,Jock Landale,jock-landale,11,C,6-11,255,"OCT 25, 1995",27.0,1,St. Mary's,2022-23,1610612756,PHX,Phoenix Suns,83.0,https://cdn.nba.com/headshots/nba/latest/1040x760/1629111.png,https://cdn.nba.com/logos/nba/1610612756/primary/L/logo.svg
1629006,Josh Okogie,josh-okogie,2,G,6-4,213,"SEP 01, 1998",24.0,4,Georgia Tech,2022-23,1610612756,PHX,Phoenix Suns,76.0,https://cdn.nba.com/headshots/nba/latest/1040x760/1629006.png,https://cdn.nba.com/logos/nba/1610612756/primary/L/logo.svg
201142,Kevin Durant,kevin-durant,35,F,6-10,240,"SEP 29, 1988",34.0,15,Texas,2022-23,1610612756,PHX,Phoenix Suns,82.0,https://cdn.nba.com/headshots/nba/latest/1040x760/201142.png,https://cdn.nba.com/logos/nba/1610612756/primary/L/logo.svg
1629013,Landry Shamet,landry-shamet,14,G,6-4,190,"MAR 13, 1997",26.0,4,Wichita State,2022-23,1610612756,PHX,Phoenix Suns,76.0,https://cdn.nba.com/headshots/nba/latest/1040x760/1629013.png,https://cdn.nba.com/logos/nba/1610612756/primary/L/logo.svg
1630240,Saben Lee,saben-lee,38,G,6-2,183,"JUN 23, 1999",24.0,2,Vanderbilt,2022-23,1610612756,PHX,Phoenix Suns,74.0,https://cdn.nba.com/headshots/nba/latest/1040x760/1630240.png,https://cdn.nba.com/logos/nba/1610612756/primary/L/logo.svg
203933,T.J. Warren,tj-warren,21,F,6-8,220,"SEP 05, 1993",29.0,7,North Carolina State,2022-23,1610612756,PHX,Phoenix Suns,80.0,https://cdn.nba.com/headshots/nba/latest/1040x760/203933.png,https://cdn.nba.com/logos/nba/1610612756/primary/L/logo.svg
203082,Terrence Ross,terrence-ross,8,G-F,6-7,206,"FEB 05, 1991",32.0,10,Washington,2022-23,1610612756,PHX,Phoenix Suns,79.0,https://cdn.nba.com/headshots/nba/latest/1040x760/203082.png,https://cdn.nba.com/logos/nba/1610612756/primary/L/logo.svg
1628470,Torrey Craig,torrey-craig,0,F,6-7,221,"DEC 19, 1990",32.0,5,South Carolina Upstate,2022-23,1610612756,PHX,Phoenix Suns,79.0,https://cdn.nba.com/headshots/nba/latest/1040x760/1628470.png,https://cdn.nba.com/logos/nba/1610612756/primary/L/logo.svg
1629014,Anfernee Simons,anfernee-simons,1,G,6-3,181,"JUN 08, 1999",24.0,4,Edgewater HS (FL),2022-23,1610612757,POR,Portland Trail Blazers,75.0,https://cdn.nba.com/headshots/nba/latest/1040x760/1629014.png,https://cdn.nba.com/logos/nba/1610612757/primary/L/logo.svg
1629629,Cam Reddish,cam-reddish,5,F-G,6-7,217,"SEP 01, 1999",23.0,3,Duke,2022-23,1610612757,POR,Portland Trail Blazers,79.0,https://cdn.nba.com/headshots/nba/latest/1040x760/1629629.png,https://cdn.nba.com/logos/nba/1610612757/primary/L/logo.svg
203081,Damian Lillard,damian-lillard,0,G,6-2,195,"JUL 15, 1990",32.0,10,Weber State,2022-23,1610612757,POR,Portland Trail Blazers,74.0,https://cdn.nba.com/headshots/nba/latest/1040x760/203081.png,https://cdn.nba.com/logos/nba/1610612757/primary/L/logo.svg
1629234,Drew Eubanks,drew-eubanks,24,F-C,6-10,245,"FEB 01, 1997",26.0,4,Oregon State,2022-23,1610612757,POR,Portland Trail Blazers,82.0,https://cdn.nba.com/headshots/nba/latest/1040x760/1629234.png,https://cdn.nba.com/logos/nba/1610612757/primary/L/logo.svg
1630641,Ibou Badji,ibou-badji,41,C,7-1,240,"OCT 13, 2002",20.0,R,FC Barcelona,2022-23,1610612757,POR,Portland Trail Blazers,85.0,https://cdn.nba.com/headshots/nba/latest/1040x760/1630641.png,https://cdn.nba.com/logos/nba/1610612757/primary/L/logo.svg
1631133,Jabari Walker,jabari-walker,34,F,6-7,200,"JUL 30, 2002",20.0,R,Colorado,2022-23,1610612757,POR,Portland Trail Blazers,79.0,https://cdn.nba.com/headshots/nba/latest/1040x760/1631133.png,https://cdn.nba.com/logos/nba/1610612757/primary/L/logo.svg
203924,Jerami Grant,jerami-grant,9,F,6-8,210,"MAR 12, 1994",29.0,8,Syracuse,2022-23,1610612757,POR,Portland Trail Blazers,80.0,https://cdn.nba.com/headshots/nba/latest/1040x760/203924.png,https://cdn.nba.com/logos/nba/1610612757/primary/L/logo.svg
1631219,John Butler Jr.,john-butler-jr,21,F,7-0,190,"DEC 04, 2002",20.0,R,Florida State,2022-23,1610612757,POR,Portland Trail Blazers,84.0,https://cdn.nba.com/headshots/nba/latest/1040x760/1631219.png,https://cdn.nba.com/logos/nba/1610612757/primary/L/logo.svg
1626159,Justise Winslow,justise-winslow,26,F-G,6-6,222,"MAR 26, 1996",27.0,7,Duke,2022-23,1610612757,POR,Portland Trail Blazers,78.0,https://cdn.nba.com/headshots/nba/latest/1040x760/1626159.png,https://cdn.nba.com/logos/nba/1610612757/primary/L/logo.svg
203994,Jusuf Nurkić,jusuf-nurkić,27,C,7-0,290,"AUG 23, 1994",28.0,8,Cedevita,2022-23,1610612757,POR,Portland Trail Blazers,84.0,https://cdn.nba.com/headshots/nba/latest/1040x760/203994.png,https://cdn.nba.com/logos/nba/1610612757/primary/L/logo.svg
1630553,Keon Johnson,keon-johnson,6,G,6-3,185,"MAR 10, 2002",21.0,1,Tennessee,2022-23,1610612757,POR,Portland Trail Blazers,75.0,https://cdn.nba.com/headshots/nba/latest/1040x760/1630553.png,https://cdn.nba.com/logos/nba/1610612757/primary/L/logo.svg
1628995,Kevin Knox II,kevin-knox-ii,11,F,6-7,215,"AUG 11, 1999",23.0,4,Kentucky,2022-23,1610612757,POR,Portland Trail Blazers,79.0,https://cdn.nba.com/headshots/nba/latest/1040x760/1628995.png,https://cdn.nba.com/logos/nba/1610612757/primary/L/logo.svg
1629680,Matisse Thybulle,matisse-thybulle,4,G-F,6-5,201,"MAR 04, 1997",26.0,3,Washington,2022-23,1610612757,POR,Portland Trail Blazers,77.0,https://cdn.nba.com/headshots/nba/latest/1040x760/1629680.png,https://cdn.nba.com/logos/nba/1610612757/primary/L/logo.svg
1629642,Nassir Little,nassir-little,10,F-G,6-5,220,"FEB 11, 2000",23.0,3,North Carolina,2022-23,1610612757,POR,Portland Trail Blazers,77.0,https://cdn.nba.com/headshots/nba/latest/1040x760/1629642.png,https://cdn.nba.com/logos/nba/1610612757/primary/L/logo.svg
1631466,Nate Williams,nate-williams,49,G,6-5,205,"FEB 12, 1999",24.0,R,Buffalo,2022-23,1610612757,POR,Portland Trail Blazers,77.0,https://cdn.nba.com/headshots/nba/latest/1040x760/1631466.png,https://cdn.nba.com/logos/nba/1610612757/primary/L/logo.svg
1631101,Shaedon Sharpe,shaedon-sharpe,17,G,6-5,200,"MAY 30, 2003",20.0,R,Kentucky,2022-23,1610612757,POR,Portland Trail Blazers,77.0,https://cdn.nba.com/headshots/nba/latest/1040x760/1631101.png,https://cdn.nba.com/logos/nba/1610612757/primary/L/logo.svg
1630570,Trendon Watford,trendon-watford,2,F,6-8,237,"NOV 09, 2000",22.0,1,Louisiana State,2022-23,1610612757,POR,Portland Trail Blazers,80.0,https://cdn.nba.com/headshots/nba/latest/1040x760/1630570.png,https://cdn.nba.com/logos/nba/1610612757/primary/L/logo.svg
203458,Alex Len,alex-len,25,C,7-2,250,"JUN 16, 1993",30.0,9,Maryland,2022-23,1610612758,SAC,Sacramento Kings,86.0,https://cdn.nba.com/headshots/nba/latest/1040x760/203458.png,https://cdn.nba.com/logos/nba/1610612758/primary/L/logo.svg
1629002,Chimezie Metu,chimezie-metu,7,F-C,6-9,225,"MAR 22, 1997",26.0,4,USC,2022-23,1610612758,SAC,Sacramento Kings,81.0,https://cdn.nba.com/headshots/nba/latest/1040x760/1629002.png,https://cdn.nba.com/logos/nba/1610612758/primary/L/logo.svg
1630558,Davion Mitchell,davion-mitchell,15,G,6-0,202,"SEP 05, 1998",24.0,1,Baylor,2022-23,1610612758,SAC,Sacramento Kings,72.0,https://cdn.nba.com/headshots/nba/latest/1040x760/1630558.png,https://cdn.nba.com/logos/nba/1610612758/primary/L/logo.svg
1628368,De'Aaron Fox,deaaron-fox,5,G,6-3,185,"DEC 20, 1997",25.0,5,Kentucky,2022-23,1610612758,SAC,Sacramento Kings,75.0,https://cdn.nba.com/headshots/nba/latest/1040x760/1628368.png,https://cdn.nba.com/logos/nba/1610612758/primary/L/logo.svg
1627734,Domantas Sabonis,domantas-sabonis,10,F-C,7-1,240,"MAY 03, 1996",27.0,6,Gonzaga,2022-23,1610612758,SAC,Sacramento Kings,85.0,https://cdn.nba.com/headshots/nba/latest/1040x760/1627734.png,https://cdn.nba.com/logos/nba/1610612758/primary/L/logo.svg
203084,Harrison Barnes,harrison-barnes,40,F,6-8,225,"MAY 30, 1992",31.0,10,North Carolina,2022-23,1610612758,SAC,Sacramento Kings,80.0,https://cdn.nba.com/headshots/nba/latest/1040x760/203084.png,https://cdn.nba.com/logos/nba/1610612758/primary/L/logo.svg
1631099,Keegan Murray,keegan-murray,13,F,6-8,225,"AUG 19, 2000",22.0,R,Iowa,2022-23,1610612758,SAC,Sacramento Kings,80.0,https://cdn.nba.com/headshots/nba/latest/1040x760/1631099.png,https://cdn.nba.com/logos/nba/1610612758/primary/L/logo.svg
1631165,Keon Ellis,keon-ellis,23,G,6-3,175,"JAN 08, 2000",23.0,R,Alabama,2022-23,1610612758,SAC,Sacramento Kings,75.0,https://cdn.nba.com/headshots/nba/latest/1040x760/1631165.png,https://cdn.nba.com/logos/nba/1610612758/primary/L/logo.svg
1630556,Kessler Edwards,kessler-edwards,17,F,6-7,203,"AUG 09, 2000",22.0,1,Pepperdine,2022-23,1610612758,SAC,Sacramento Kings,79.0,https://cdn.nba.com/headshots/nba/latest/1040x760/1630556.png,https://cdn.nba.com/logos/nba/1610612758/primary/L/logo.svg
1628989,Kevin Huerter,kevin-huerter,9,G-F,6-7,198,"AUG 27, 1998",24.0,4,Maryland,2022-23,1610612758,SAC,Sacramento Kings,79.0,https://cdn.nba.com/headshots/nba/latest/1040x760/1628989.png,https://cdn.nba.com/logos/nba/1610612758/primary/L/logo.svg
1628370,Malik Monk,malik-monk,0,G,6-3,200,"FEB 04, 1998",25.0,5,Kentucky,2022-23,1610612758,SAC,Sacramento Kings,75.0,https://cdn.nba.com/headshots/nba/latest/1040x760/1628370.png,https://cdn.nba.com/logos/nba/1610612758/primary/L/logo.svg
203521,Matthew Dellavedova,matthew-dellavedova,8,G,6-3,200,"SEP 08, 1990",32.0,8,Saint Mary's,2022-23,1610612758,SAC,Sacramento Kings,75.0,https://cdn.nba.com/headshots/nba/latest/1040x760/203521.png,https://cdn.nba.com/logos/nba/1610612758/primary/L/logo.svg
1629674,Neemias Queta,neemias-queta,88,C,7-0,248,"JUL 13, 1999",23.0,1,Utah State,2022-23,1610612758,SAC,Sacramento Kings,84.0,https://cdn.nba.com/headshots/nba/latest/1040x760/1629674.png,https://cdn.nba.com/logos/nba/1610612758/primary/L/logo.svg
1628408,PJ Dozier,pj-dozier,35,G-F,6-6,205,"OCT 25, 1996",26.0,5,South Carolina,2022-23,1610612758,SAC,Sacramento Kings,78.0,https://cdn.nba.com/headshots/nba/latest/1040x760/1628408.png,https://cdn.nba.com/logos/nba/1610612758/primary/L/logo.svg
1626158,Richaun Holmes,richaun-holmes,22,F,6-8,235,"OCT 15, 1993",29.0,7,Bowling Green,2022-23,1610612758,SAC,Sacramento Kings,80.0,https://cdn.nba.com/headshots/nba/latest/1040x760/1626158.png,https://cdn.nba.com/logos/nba/1610612758/primary/L/logo.svg
1629056,Terence Davis,terence-davis,3,G,6-4,201,"MAY 16, 1997",26.0,3,Mississippi,2022-23,1610612758,SAC,Sacramento Kings,76.0,https://cdn.nba.com/headshots/nba/latest/1040x760/1629056.png,https://cdn.nba.com/logos/nba/1610612758/primary/L/logo.svg
1626168,Trey Lyles,trey-lyles,41,F,6-9,234,"NOV 05, 1995",27.0,7,Kentucky,2022-23,1610612758,SAC,Sacramento Kings,81.0,https://cdn.nba.com/headshots/nba/latest/1040x760/1626168.png,https://cdn.nba.com/logos/nba/1610612758/primary/L/logo.svg
1631104,Blake Wesley,blake-wesley,14,G,6-4,185,"MAR 16, 2003",20.0,R,Notre Dame,2022-23,1610612759,SAS,San Antonio Spurs,76.0,https://cdn.nba.com/headshots/nba/latest/1040x760/1631104.png,https://cdn.nba.com/logos/nba/1610612759/primary/L/logo.svg
1629646,Charles Bassey,charles-bassey,28,C-F,6-9,230,"OCT 28, 2000",22.0,1,Western Kentucky,2022-23,1610612759,SAS,San Antonio Spurs,81.0,https://cdn.nba.com/headshots/nba/latest/1040x760/1629646.png,https://cdn.nba.com/logos/nba/1610612759/primary/L/logo.svg
1630170,Devin Vassell,devin-vassell,24,G-F,6-5,200,"AUG 23, 2000",22.0,2,Florida State,2022-23,1610612759,SAS,San Antonio Spurs,77.0,https://cdn.nba.com/headshots/nba/latest/1040x760/1630170.png,https://cdn.nba.com/logos/nba/1610612759/primary/L/logo.svg
1628984,Devonte' Graham,devonte-graham,4,G,6-1,195,"FEB 22, 1995",28.0,4,Kansas,2022-23,1610612759,SAS,San Antonio Spurs,73.0,https://cdn.nba.com/headshots/nba/latest/1040x760/1628984.png,https://cdn.nba.com/logos/nba/1610612759/primary/L/logo.svg
1631230,Dominick Barlow,dominick-barlow,26,F,6-9,215,"MAY 26, 2003",20.0,R,Overtime Elite,2022-23,1610612759,SAS,San Antonio Spurs,81.0,https://cdn.nba.com/headshots/nba/latest/1040x760/1631230.png,https://cdn.nba.com/logos/nba/1610612759/primary/L/logo.svg
203926,Doug McDermott,doug-mcdermott,17,F,6-6,225,"JAN 03, 1992",31.0,8,Creighton,2022-23,1610612759,SAS,San Antonio Spurs,78.0,https://cdn.nba.com/headshots/nba/latest/1040x760/203926.png,https://cdn.nba.com/logos/nba/1610612759/primary/L/logo.svg
203476,Gorgui Dieng,gorgui-dieng,41,C,6-10,248,"JAN 18, 1990",33.0,9,Louisville,2022-23,1610612759,SAS,San Antonio Spurs,82.0,https://cdn.nba.com/headshots/nba/latest/1040x760/203476.png,https://cdn.nba.com/logos/nba/1610612759/primary/L/logo.svg
1631110,Jeremy Sochan,jeremy-sochan,10,F,6-8,230,"MAY 20, 2003",20.0,R,Baylor,2022-23,1610612759,SAS,San Antonio Spurs,80.0,https://cdn.nba.com/headshots/nba/latest/1040x760/1631110.png,https://cdn.nba.com/logos/nba/1610612759/primary/L/logo.svg
1630577,Julian Champagnie,julian-champagnie,30,F,6-7,217,"JUN 29, 2001",22.0,R,St. John's,2022-23,1610612759,SAS,San Antonio Spurs,79.0,https://cdn.nba.com/headshots/nba/latest/1040x760/1630577.png,https://cdn.nba.com/logos/nba/1610612759/primary/L/logo.svg
1628966,Keita Bates-Diop,keita-bates-diop,31,F,6-8,229,"JAN 23, 1996",27.0,4,Ohio State,2022-23,1610612759,SAS,San Antonio Spurs,80.0,https://cdn.nba.com/headshots/nba/latest/1040x760/1628966.png,https://cdn.nba.com/logos/nba/1610612759/primary/L/logo.svg
1629640,Keldon Johnson,keldon-johnson,3,F-G,6-5,220,"OCT 11, 1999",23.0,3,Kentucky,2022-23,1610612759,SAS,San Antonio Spurs,77.0,https://cdn.nba.com/headshots/nba/latest/1040x760/1629640.png,https://cdn.nba.com/logos/nba/1610612759/primary/L/logo.svg
203920,Khem Birch,khem-birch,24,C,6-8,233,"SEP 28, 1992",30.0,5,UNLV,2022-23,1610612759,SAS,San Antonio Spurs,80.0,https://cdn.nba.com/headshots/nba/latest/1040x760/203920.png,https://cdn.nba.com/logos/nba/1610612759/primary/L/logo.svg
1631103,Malaki Branham,malaki-branham,22,F,6-4,180,"MAY 12, 2003",20.0,R,Ohio State,2022-23,1610612759,SAS,San Antonio Spurs,76.0,https://cdn.nba.com/headshots/nba/latest/1040x760/1631103.png,https://cdn.nba.com/logos/nba/1610612759/primary/L/logo.svg
1629641,Romeo Langford,romeo-langford,35,G-F,6-5,216,"OCT 25, 1999",23.0,3,Indiana,2022-23,1610612759,SAS,San Antonio Spurs,77.0,https://cdn.nba.com/headshots/nba/latest/1040x760/1629641.png,https://cdn.nba.com/logos/nba/1610612759/primary/L/logo.svg
1630572,Sandro Mamukelashvili,sandro-mamukelashvili,54,F-C,6-10,240,"MAY 23, 1999",24.0,1,Seton Hall,2022-23,1610612759,SAS,San Antonio Spurs,82.0,https://cdn.nba.com/headshots/nba/latest/1040x760/1630572.png,https://cdn.nba.com/logos/nba/1610612759/primary/L/logo.svg
1630200,Tre Jones,tre-jones,33,G,6-1,185,"JAN 08, 2000",23.0,2,Duke,2022-23,1610612759,SAS,San Antonio Spurs,73.0,https://cdn.nba.com/headshots/nba/latest/1040x760/1630200.png,https://cdn.nba.com/logos/nba/1610612759/primary/L/logo.svg
1628380,Zach Collins,zach-collins,23,F-C,6-11,250,"NOV 19, 1997",25.0,5,Gonzaga,2022-23,1610612759,SAS,San Antonio Spurs,83.0,https://cdn.nba.com/headshots/nba/latest/1040x760/1628380.png,https://cdn.nba.com/logos/nba/1610612759/primary/L/logo.svg
1628449,Chris Boucher,chris-boucher,25,F-C,6-9,200,"JAN 11, 1993",30.0,5,Oregon,2022-23,1610612761,TOR,Toronto Raptors,81.0,https://cdn.nba.com/headshots/nba/latest/1040x760/1628449.png,https://cdn.nba.com/logos/nba/1610612761/primary/L/logo.svg
1631132,Christian Koloko,christian-koloko,35,C,7-0,230,"JUN 20, 2000",23.0,R,Arizona,2022-23,1610612761,TOR,Toronto Raptors,84.0,https://cdn.nba.com/headshots/nba/latest/1040x760/1631132.png,https://cdn.nba.com/logos/nba/1610612761/primary/L/logo.svg
1630625,Dalano Banton,dalano-banton,45,F,6-7,204,"NOV 07, 1999",23.0,1,Nebraska,2022-23,1610612761,TOR,Toronto Raptors,79.0,https://cdn.nba.com/headshots/nba/latest/1040x760/1630625.png,https://cdn.nba.com/logos/nba/1610612761/primary/L/logo.svg
1627832,Fred VanVleet,fred-vanvleet,23,G,6-0,197,"FEB 25, 1994",29.0,6,Wichita State,2022-23,1610612761,TOR,Toronto Raptors,72.0,https://cdn.nba.com/headshots/nba/latest/1040x760/1627832.png,https://cdn.nba.com/logos/nba/1610612761/primary/L/logo.svg
1629018,Gary Trent Jr.,gary-trent-jr,33,G-F,6-5,209,"JAN 18, 1999",24.0,4,Duke,2022-23,1610612761,TOR,Toronto Raptors,77.0,https://cdn.nba.com/headshots/nba/latest/1040x760/1629018.png,https://cdn.nba.com/logos/nba/1610612761/primary/L/logo.svg
1627751,Jakob Poeltl,jakob-poeltl,19,C,7-1,245,"OCT 15, 1995",27.0,6,Utah,2022-23,1610612761,TOR,Toronto Raptors,85.0,https://cdn.nba.com/headshots/nba/latest/1040x760/1627751.png,https://cdn.nba.com/logos/nba/1610612761/primary/L/logo.svg
1630288,Jeff Dowtin Jr.,jeff-dowtin-jr,20,G,6-3,177,"MAY 10, 1997",26.0,1,Rhode Island,2022-23,1610612761,TOR,Toronto Raptors,75.0,https://cdn.nba.com/headshots/nba/latest/1040x760/1630288.png,https://cdn.nba.com/logos/nba/1610612761/primary/L/logo.svg
1630580,Joe Wieskamp,joe-wieskamp,11,G-F,6-6,205,"AUG 23, 1999",23.0,1,Iowa,2022-23,1610612761,TOR,Toronto Raptors,78.0,https://cdn.nba.com/headshots/nba/latest/1040x760/1630580.png,https://cdn.nba.com/logos/nba/1610612761/primary/L/logo.svg
1630201,Malachi Flynn,malachi-flynn,22,G,6-1,175,"MAY 09, 1998",25.0,2,San Diego State,2022-23,1610612761,TOR,Toronto Raptors,73.0,https://cdn.nba.com/headshots/nba/latest/1040x760/1630201.png,https://cdn.nba.com/logos/nba/1610612761/primary/L/logo.svg
1628384,OG Anunoby,og-anunoby,3,F,6-7,232,"JUL 17, 1997",25.0,5,Indiana,2022-23,1610612761,TOR,Toronto Raptors,79.0,https://cdn.nba.com/headshots/nba/latest/1040x760/1628384.png,https://cdn.nba.com/logos/nba/1610612761/primary/L/logo.svg
203490,Otto Porter Jr.,otto-porter-jr,32,F,6-8,198,"JUN 03, 1993",30.0,9,Georgetown,2022-23,1610612761,TOR,Toronto Raptors,80.0,https://cdn.nba.com/headshots/nba/latest/1040x760/203490.png,https://cdn.nba.com/logos/nba/1610612761/primary/L/logo.svg
1627783,Pascal Siakam,pascal-siakam,43,F,6-8,230,"APR 02, 1994",29.0,6,New Mexico State,2022-23,1610612761,TOR,Toronto Raptors,80.0,https://cdn.nba.com/headshots/nba/latest/1040x760/1627783.png,https://cdn.nba.com/logos/nba/1610612761/primary/L/logo.svg
1630173,Precious Achiuwa,precious-achiuwa,5,F,6-8,225,"SEP 19, 1999",23.0,2,Memphis,2022-23,1610612761,TOR,Toronto Raptors,80.0,https://cdn.nba.com/headshots/nba/latest/1040x760/1630173.png,https://cdn.nba.com/logos/nba/1610612761/primary/L/logo.svg
1631199,Ron Harper Jr.,ron-harper-jr,8,F,6-5,245,"APR 12, 2000",23.0,R,Rutgers,2022-23,1610612761,TOR,Toronto Raptors,77.0,https://cdn.nba.com/headshots/nba/latest/1040x760/1631199.png,https://cdn.nba.com/logos/nba/1610612761/primary/L/logo.svg
1630567,Scottie Barnes,scottie-barnes,4,F,6-8,225,"AUG 01, 2001",21.0,1,Florida State,2022-23,1610612761,TOR,Toronto Raptors,80.0,https://cdn.nba.com/headshots/nba/latest/1040x760/1630567.png,https://cdn.nba.com/logos/nba/1610612761/primary/L/logo.svg
201152,Thaddeus Young,thaddeus-young,21,F,6-8,235,"JUN 21, 1988",35.0,15,Georgia Tech,2022-23,1610612761,TOR,Toronto Raptors,80.0,https://cdn.nba.com/headshots/nba/latest/1040x760/201152.png,https://cdn.nba.com/logos/nba/1610612761/primary/L/logo.svg
203115,Will Barton,will-barton,1,G,6-5,181,"JAN 06, 1991",32.0,10,Memphis,2022-23,1610612761,TOR,Toronto Raptors,77.0,https://cdn.nba.com/headshots/nba/latest/1040x760/203115.png,https://cdn.nba.com/logos/nba/1610612761/primary/L/logo.svg
1629012,Collin Sexton,collin-sexton,2,G,6-2,190,"JAN 04, 1999",24.0,4,Alabama,2022-23,1610612762,UTA,Utah Jazz,74.0,https://cdn.nba.com/headshots/nba/latest/1040x760/1629012.png,https://cdn.nba.com/logos/nba/1610612762/primary/L/logo.svg
1627745,Damian Jones,damian-jones,15,C,6-11,245,"JUN 30, 1995",28.0,6,Vanderbilt,2022-23,1610612762,UTA,Utah Jazz,83.0,https://cdn.nba.com/headshots/nba/latest/1040x760/1627745.png,https://cdn.nba.com/logos/nba/1610612762/primary/L/logo.svg
1630548,Johnny Juzang,johnny-juzang,33,G,6-6,209,"MAR 17, 2001",22.0,R,UCLA,2022-23,1610612762,UTA,Utah Jazz,78.0,https://cdn.nba.com/headshots/nba/latest/1040x760/1630548.png,https://cdn.nba.com/logos/nba/1610612762/primary/L/logo.svg
203903,Jordan Clarkson,jordan-clarkson,00,G,6-5,194,"JUN 07, 1992",31.0,8,Missouri,2022-23,1610612762,UTA,Utah Jazz,77.0,https://cdn.nba.com/headshots/nba/latest/1040x760/203903.png,https://cdn.nba.com/logos/nba/1610612762/primary/L/logo.svg
1629308,Juan Toscano-Anderson,juan-toscano-anderson,95,F,6-6,209,"APR 10, 1993",30.0,3,Marquette,2022-23,1610612762,UTA,Utah Jazz,78.0,https://cdn.nba.com/headshots/nba/latest/1040x760/1629308.png,https://cdn.nba.com/logos/nba/1610612762/primary/L/logo.svg
203482,Kelly Olynyk,kelly-olynyk,41,F-C,6-11,240,"APR 19, 1991",32.0,9,Gonzaga,2022-23,1610612762,UTA,Utah Jazz,83.0,https://cdn.nba.com/headshots/nba/latest/1040x760/203482.png,https://cdn.nba.com/logos/nba/1610612762/primary/L/logo.svg
1627739,Kris Dunn,kris-dunn,11,G,6-3,205,"MAR 18, 1994",29.0,6,Providence,2022-23,1610612762,UTA,Utah Jazz,75.0,https://cdn.nba.com/headshots/nba/latest/1040x760/1627739.png,https://cdn.nba.com/logos/nba/1610612762/primary/L/logo.svg
1628374,Lauri Markkanen,lauri-markkanen,23,F-C,7-0,240,"MAY 22, 1997",26.0,5,Arizona,2022-23,1610612762,UTA,Utah Jazz,84.0,https://cdn.nba.com/headshots/nba/latest/1040x760/1628374.png,https://cdn.nba.com/logos/nba/1610612762/primary/L/logo.svg
1629677,Luka Samanic,luka-samanic,19,F,6-10,227,"JAN 09, 2000",23.0,2,Union Olimpija,2022-23,1610612762,UTA,Utah Jazz,82.0,https://cdn.nba.com/headshots/nba/latest/1040x760/1629677.png,https://cdn.nba.com/logos/nba/1610612762/primary/L/logo.svg
1630695,Micah Potter,micah-potter,25,C,6-8,248,"APR 06, 1998",25.0,1,Wisconsin,2022-23,1610612762,UTA,Utah Jazz,80.0,https://cdn.nba.com/headshots/nba/latest/1040x760/1630695.png,https://cdn.nba.com/logos/nba/1610612762/primary/L/logo.svg
1630534,Ochai Agbaji,ochai-agbaji,30,G,6-5,215,"APR 20, 2000",23.0,R,Kansas,2022-23,1610612762,UTA,Utah Jazz,77.0,https://cdn.nba.com/headshots/nba/latest/1040x760/1630534.png,https://cdn.nba.com/logos/nba/1610612762/primary/L/logo.svg
200752,Rudy Gay,rudy-gay,22,F-G,6-8,250,"AUG 17, 1986",36.0,16,Connecticut,2022-23,1610612762,UTA,Utah Jazz,80.0,https://cdn.nba.com/headshots/nba/latest/1040x760/200752.png,https://cdn.nba.com/logos/nba/1610612762/primary/L/logo.svg
1631323,Simone Fontecchio,simone-fontecchio,16,F,6-7,209,"DEC 09, 1995",27.0,R,Baskonia,2022-23,1610612762,UTA,Utah Jazz,79.0,https://cdn.nba.com/headshots/nba/latest/1040x760/1631323.png,https://cdn.nba.com/logos/nba/1610612762/primary/L/logo.svg
1629659,Talen Horton-Tucker,talen-horton-tucker,0,G,6-4,234,"NOV 25, 2000",22.0,3,Iowa State,2022-23,1610612762,UTA,Utah Jazz,76.0,https://cdn.nba.com/headshots/nba/latest/1040x760/1629659.png,https://cdn.nba.com/logos/nba/1610612762/primary/L/logo.svg
1628962,Udoka Azubuike,udoka-azubuike,20,C-F,6-11,270,"SEP 17, 1999",23.0,2,Kansas,2022-23,1610612762,UTA,Utah Jazz,83.0,https://cdn.nba.com/headshots/nba/latest/1040x760/1628962.png,https://cdn.nba.com/logos/nba/1610612762/primary/L/logo.svg
1630176,Vernon Carey Jr.,vernon-carey-jr,13,C,6-10,270,"FEB 25, 2001",22.0,2,Duke,2022-23,1610612762,UTA,Utah Jazz,82.0,https://cdn.nba.com/headshots/nba/latest/1040x760/1630176.png,https://cdn.nba.com/logos/nba/1610612762/primary/L/logo.svg
1631117,Walker Kessler,walker-kessler,24,C,7-0,245,"JUL 26, 2001",21.0,R,Auburn,2022-23,1610612762,UTA,Utah Jazz,84.0,https://cdn.nba.com/headshots/nba/latest/1040x760/1631117.png,https://cdn.nba.com/logos/nba/1610612762/primary/L/logo.svg
1630264,Anthony Gill,anthony-gill,16,F,6-8,230,"OCT 17, 1992",30.0,2,Virginia,2022-23,1610612764,WAS,Washington Wizards,80.0,https://cdn.nba.com/headshots/nba/latest/1040x760/1630264.png,https://cdn.nba.com/logos/nba/1610612764/primary/L/logo.svg
203078,Bradley Beal,bradley-beal,3,G,6-4,207,"JUN 28, 1993",30.0,10,Florida,2022-23,1610612764,WAS,Washington Wizards,76.0,https://cdn.nba.com/headshots/nba/latest/1040x760/203078.png,https://cdn.nba.com/logos/nba/1610612764/primary/L/logo.svg
1630557,Corey Kispert,corey-kispert,24,F,6-6,224,"MAR 03, 1999",24.0,1,Gonzaga,2022-23,1610612764,WAS,Washington Wizards,78.0,https://cdn.nba.com/headshots/nba/latest/1040x760/1630557.png,https://cdn.nba.com/logos/nba/1610612764/primary/L/logo.svg
1629655,Daniel Gafford,daniel-gafford,21,F-C,6-10,234,"OCT 01, 1998",24.0,3,Arkansas,2022-23,1610612764,WAS,Washington Wizards,82.0,https://cdn.nba.com/headshots/nba/latest/1040x760/1629655.png,https://cdn.nba.com/logos/nba/1610612764/primary/L/logo.svg
1626153,Delon Wright,delon-wright,55,G,6-5,185,"APR 26, 1992",31.0,7,Utah,2022-23,1610612764,WAS,Washington Wizards,77.0,https://cdn.nba.com/headshots/nba/latest/1040x760/1626153.png,https://cdn.nba.com/logos/nba/1610612764/primary/L/logo.svg
1630166,Deni Avdija,deni-avdija,9,F,6-9,210,"JAN 03, 2001",22.0,2,Maccabi Tel Aviv,2022-23,1610612764,WAS,Washington Wizards,81.0,https://cdn.nba.com/headshots/nba/latest/1040x760/1630166.png,https://cdn.nba.com/logos/nba/1610612764/primary/L/logo.svg
1630225,Isaiah Todd,isaiah-todd,14,F,6-9,219,"OCT 17, 2001",21.0,1,G League Ignite,2022-23,1610612764,WAS,Washington Wizards,81.0,https://cdn.nba.com/headshots/nba/latest/1040x760/1630225.png,https://cdn.nba.com/logos/nba/1610612764/primary/L/logo.svg
1630643,Jay Huff,jay-huff,34,C,7-1,240,"AUG 25, 1997",25.0,1,Virginia,2022-23,1610612764,WAS,Washington Wizards,85.0,https://cdn.nba.com/headshots/nba/latest/1040x760/1630643.png,https://cdn.nba.com/logos/nba/1610612764/primary/L/logo.svg
1631098,Johnny Davis,johnny-davis,1,G,6-4,195,"FEB 27, 2002",21.0,R,Wisconsin,2022-23,1610612764,WAS,Washington Wizards,76.0,https://cdn.nba.com/headshots/nba/latest/1040x760/1631098.png,https://cdn.nba.com/logos/nba/1610612764/primary/L/logo.svg
1630692,Jordan Goodwin,jordan-goodwin,7,G,6-3,200,"OCT 23, 1998",24.0,1,St. Louis,2022-23,1610612764,WAS,Washington Wizards,75.0,https://cdn.nba.com/headshots/nba/latest/1040x760/1630692.png,https://cdn.nba.com/logos/nba/1610612764/primary/L/logo.svg
1629134,Kendrick Nunn,kendrick-nunn,20,G,6-3,190,"AUG 03, 1995",27.0,2,Oakland,2022-23,1610612764,WAS,Washington Wizards,75.0,https://cdn.nba.com/headshots/nba/latest/1040x760/1629134.png,https://cdn.nba.com/logos/nba/1610612764/primary/L/logo.svg
204001,Kristaps Porziņģis,kristaps-porziņģis,6,F-C,7-3,240,"AUG 02, 1995",27.0,7,Cajasol Sevilla,2022-23,1610612764,WAS,Washington Wizards,87.0,https://cdn.nba.com/headshots/nba/latest/1040x760/204001.png,https://cdn.nba.com/logos/nba/1610612764/primary/L/logo.svg
1628398,Kyle Kuzma,kyle-kuzma,33,F,6-9,221,"JUL 24, 1995",27.0,5,Utah,2022-23,1610612764,WAS,Washington Wizards,81.0,https://cdn.nba.com/headshots/nba/latest/1040x760/1628398.png,https://cdn.nba.com/logos/nba/1610612764/primary/L/logo.svg
1628420,Monté Morris,monté-morris,22,G,6-2,183,"JUN 27, 1995",28.0,5,Iowa State,2022-23,1610612764,WAS,Washington Wizards,74.0,https://cdn.nba.com/headshots/nba/latest/1040x760/1628420.png,https://cdn.nba.com/logos/nba/1610612764/primary/L/logo.svg
1631245,Quenton Jackson,quenton-jackson,29,G,6-5,173,"SEP 15, 1998",24.0,R,Texas A&M,2022-23,1610612764,WAS,Washington Wizards,77.0,https://cdn.nba.com/headshots/nba/latest/1040x760/1631245.png,https://cdn.nba.com/logos/nba/1610612764/primary/L/logo.svg
201959,Taj Gibson,taj-gibson,67,F,6-9,232,"JUN 24, 1985",38.0,13,Southern California,2022-23,1610612764,WAS,Washington Wizards,81.0,https://cdn.nba.com/headshots/nba/latest/1040x760/201959.png,https://cdn.nba.com/logos/nba/1610612764/primary/L/logo.svg
1641645,Xavier Cooks,xavier-cooks,12,F,6-8,183,"AUG 19, 1995",27.0,R,Winthrop,2022-23,1610612764,WAS,Washington Wizards,80.0,https://cdn.nba.com/headshots/nba/latest/1040x760/1641645.png,https://cdn.nba.com/logos/nba/1610612764/primary/L/logo.svg
1631100,AJ Griffin,aj-griffin,14,F,6-6,220,"AUG 25, 2003",20.0,1,Duke,2023-24,1610612737,ATL,Atlanta Hawks,78.0,https://cdn.nba.com/headshots/nba/latest/1040x760/1631100.png,https://cdn.nba.com/logos/nba/1610612737/primary/L/logo.svg
203992,Bogdan Bogdanović,bogdan-bogdanović,13,G,6-5,225,"AUG 18, 1992",31.0,6,Fenerbahce,2023-24,1610612737,ATL,Atlanta Hawks,77.0,https://cdn.nba.com/headshots/nba/latest/1040x760/203992.png,https://cdn.nba.com/logos/nba/1610612737/primary/L/logo.svg
1628981,Bruno Fernando,bruno-fernando,24,F-C,6-9,240,"AUG 15, 1998",25.0,4,Maryland,2023-24,1610612737,ATL,Atlanta Hawks,81.0,https://cdn.nba.com/headshots/nba/latest/1040x760/1628981.png,https://cdn.nba.com/logos/nba/1610612737/primary/L/logo.svg
203991,Clint Capela,clint-capela,15,C,6-10,256,"MAY 18, 1994",30.0,9,Elan Chalon,2023-24,1610612737,ATL,Atlanta Hawks,82.0,https://cdn.nba.com/headshots/nba/latest/1040x760/203991.png,https://cdn.nba.com/logos/nba/1610612737/primary/L/logo.svg
1629631,De'Andre Hunter,deandre-hunter,12,F-G,6-8,221,"DEC 02, 1997",26.0,4,Virginia,2023-24,1610612737,ATL,Atlanta Hawks,80.0,https://cdn.nba.com/headshots/nba/latest/1040x760/1629631.png,https://cdn.nba.com/logos/nba/1610612737/primary/L/logo.svg
1627749,Dejounte Murray,dejounte-murray,5,G,6-5,180,"SEP 19, 1996",27.0,7,Washington,2023-24,1610612737,ATL,Atlanta Hawks,77.0,https://cdn.nba.com/headshots/nba/latest/1040x760/1627749.png,https://cdn.nba.com/logos/nba/1610612737/primary/L/logo.svg
1629685,Dylan Windler,dylan-windler,20,G-F,6-7,196,"SEP 22, 1996",27.0,3,Belmont,2023-24,1610612737,ATL,Atlanta Hawks,79.0,https://cdn.nba.com/headshots/nba/latest/1040x760/1629685.png,https://cdn.nba.com/logos/nba/1610612737/primary/L/logo.svg
1629726,Garrison Mathews,garrison-mathews,25,G,6-6,215,"OCT 24, 1996",27.0,4,Lipscomb,2023-24,1610612737,ATL,Atlanta Hawks,78.0,https://cdn.nba.com/headshots/nba/latest/1040x760/1629726.png,https://cdn.nba.com/logos/nba/1610612737/primary/L/logo.svg
1630552,Jalen Johnson,jalen-johnson,1,F,6-8,219,"DEC 18, 2001",22.0,2,Duke,2023-24,1610612737,ATL,Atlanta Hawks,80.0,https://cdn.nba.com/headshots/nba/latest/1040x760/1630552.png,https://cdn.nba.com/logos/nba/1610612737/primary/L/logo.svg
1641723,Kobe Bufkin,kobe-bufkin,4,G,6-5,195,"SEP 21, 2003",20.0,R,Michigan,2023-24,1610612737,ATL,Atlanta Hawks,77.0,https://cdn.nba.com/headshots/nba/latest/1040x760/1641723.png,https://cdn.nba.com/logos/nba/1610612737/primary/L/logo.svg
1631243,Mouhamed Gueye,mouhamed-gueye,18,F,6-10,210,"NOV 09, 2002",21.0,R,Washington State,2023-24,1610612737,ATL,Atlanta Hawks,82.0,https://cdn.nba.com/headshots/nba/latest/1040x760/1631243.png,https://cdn.nba.com/logos/nba/1610612737/primary/L/logo.svg
1630168,Onyeka Okongwu,onyeka-okongwu,17,F-C,6-10,240,"DEC 11, 2000",23.0,3,Southern California,2023-24,1610612737,ATL,Atlanta Hawks,82.0,https://cdn.nba.com/headshots/nba/latest/1040x760/1630168.png,https://cdn.nba.com/logos/nba/1610612737/primary/L/logo.svg
1630180,Saddiq Bey,saddiq-bey,41,G-F,6-7,215,"APR 09, 1999",25.0,3,Villanova,2023-24,1610612737,ATL,Atlanta Hawks,79.0,https://cdn.nba.com/headshots/nba/latest/1040x760/1630180.png,https://cdn.nba.com/logos/nba/1610612737/primary/L/logo.svg
1641754,Seth Lundy,seth-lundy,3,G-F,6-4,220,"APR 02, 2000",24.0,R,Penn State,2023-24,1610612737,ATL,Atlanta Hawks,76.0,https://cdn.nba.com/headshots/nba/latest/1040x760/1641754.png,https://cdn.nba.com/logos/nba/1610612737/primary/L/logo.svg
1629027,Trae Young,trae-young,11,G,6-1,164,"SEP 19, 1998",25.0,5,Oklahoma,2023-24,1610612737,ATL,Atlanta Hawks,73.0,https://cdn.nba.com/headshots/nba/latest/1040x760/1629027.png,https://cdn.nba.com/logos/nba/1610612737/primary/L/logo.svg
1630235,Trent Forrest,trent-forrest,2,G,6-4,210,"JUN 12, 1998",26.0,3,Florida State,2023-24,1610612737,ATL,Atlanta Hawks,76.0,https://cdn.nba.com/headshots/nba/latest/1040x760/1630235.png,https://cdn.nba.com/logos/nba/1610612737/primary/L/logo.svg
1630249,Vít Krejčí,vít-krejčí,27,G,6-8,195,"JUN 19, 2000",24.0,2,Zaragoza,2023-24,1610612737,ATL,Atlanta Hawks,80.0,https://cdn.nba.com/headshots/nba/latest/1040x760/1630249.png,https://cdn.nba.com/logos/nba/1610612737/primary/L/logo.svg
202083,Wesley Matthews,wesley-matthews,32,G,6-5,220,"OCT 14, 1986",37.0,14,Marquette,2023-24,1610612737,ATL,Atlanta Hawks,77.0,https://cdn.nba.com/headshots/nba/latest/1040x760/202083.png,https://cdn.nba.com/logos/nba/1610612737/primary/L/logo.svg
1627732,Ben Simmons,ben-simmons,10,G-F,6-10,240,"JUL 20, 1996",27.0,6,Louisiana State,2023-24,1610612751,BKN,Brooklyn Nets,82.0,https://cdn.nba.com/headshots/nba/latest/1040x760/1627732.png,https://cdn.nba.com/logos/nba/1610612751/primary/L/logo.svg
1630560,Cam Thomas,cam-thomas,24,G,6-3,210,"OCT 13, 2001",22.0,2,Louisiana State,2023-24,1610612751,BKN,Brooklyn Nets,75.0,https://cdn.nba.com/headshots/nba/latest/1040x760/1630560.png,https://cdn.nba.com/logos/nba/1610612751/primary/L/logo.svg
1629661,Cameron Johnson,cameron-johnson,2,F,6-8,210,"MAR 03, 1996",28.0,4,North Carolina,2023-24,1610612751,BKN,Brooklyn Nets,80.0,https://cdn.nba.com/headshots/nba/latest/1040x760/1629661.png,https://cdn.nba.com/logos/nba/1610612751/primary/L/logo.svg
1641727,Dariq Whitehead,dariq-whitehead,0,F,6-6,220,"AUG 01, 2004",19.0,R,Duke,2023-24,1610612751,BKN,Brooklyn Nets,78.0,https://cdn.nba.com/headshots/nba/latest/1040x760/1641727.png,https://cdn.nba.com/logos/nba/1610612751/primary/L/logo.svg
1630549,Day'Ron Sharpe,dayron-sharpe,20,C,6-9,265,"NOV 06, 2001",22.0,2,North Carolina,2023-24,1610612751,BKN,Brooklyn Nets,81.0,https://cdn.nba.com/headshots/nba/latest/1040x760/1630549.png,https://cdn.nba.com/logos/nba/1610612751/primary/L/logo.svg
203471,Dennis Schröder,dennis-schröder,17,G,6-1,175,"SEP 15, 1993",30.0,10,Braunschweig,2023-24,1610612751,BKN,Brooklyn Nets,73.0,https://cdn.nba.com/headshots/nba/latest/1040x760/203471.png,https://cdn.nba.com/logos/nba/1610612751/primary/L/logo.svg
1628372,Dennis Smith Jr.,dennis-smith-jr,4,G,6-3,205,"NOV 25, 1997",26.0,6,North Carolina State,2023-24,1610612751,BKN,Brooklyn Nets,75.0,https://cdn.nba.com/headshots/nba/latest/1040x760/1628372.png,https://cdn.nba.com/logos/nba/1610612751/primary/L/logo.svg
1627827,Dorian Finney-Smith,dorian-finney-smith,28,F,6-7,220,"MAY 04, 1993",31.0,7,Florida,2023-24,1610612751,BKN,Brooklyn Nets,79.0,https://cdn.nba.com/headshots/nba/latest/1040x760/1627827.png,https://cdn.nba.com/logos/nba/1610612751/primary/L/logo.svg
1631367,Jacob Gilyard,jacob-gilyard,14,G,5-8,160,"JUL 14, 1998",25.0,1,Richmond,2023-24,1610612751,BKN,Brooklyn Nets,68.0,https://cdn.nba.com/headshots/nba/latest/1040x760/1631367.png,https://cdn.nba.com/logos/nba/1610612751/primary/L/logo.svg
1630592,Jalen Wilson,jalen-wilson,22,F,6-6,220,"NOV 04, 2000",23.0,R,Kansas,2023-24,1610612751,BKN,Brooklyn Nets,78.0,https://cdn.nba.com/headshots/nba/latest/1040x760/1630592.png,https://cdn.nba.com/logos/nba/1610612751/primary/L/logo.svg
1641798,Jaylen Martin,jaylen-martin,16,G,6-6,216,"JAN 28, 2004",20.0,R,Overtime Elite,2023-24,1610612751,BKN,Brooklyn Nets,78.0,https://cdn.nba.com/headshots/nba/latest/1040x760/1641798.png,https://cdn.nba.com/logos/nba/1610612751/primary/L/logo.svg
1628966,Keita Bates-Diop,keita-bates-diop,13,F,6-8,229,"JAN 23, 1996",28.0,5,Ohio State,2023-24,1610612751,BKN,Brooklyn Nets,80.0,https://cdn.nba.com/headshots/nba/latest/1040x760/1628966.png,https://cdn.nba.com/logos/nba/1610612751/primary/L/logo.svg
1630553,Keon Johnson,keon-johnson,45,G,6-5,185,"MAR 10, 2002",22.0,2,Tennessee,2023-24,1610612751,BKN,Brooklyn Nets,77.0,https://cdn.nba.com/headshots/nba/latest/1040x760/1630553.png,https://cdn.nba.com/logos/nba/1610612751/primary/L/logo.svg
1629022,Lonnie Walker IV,lonnie-walker-iv,8,G-F,6-4,204,"DEC 14, 1998",25.0,5,Miami,2023-24,1610612751,BKN,Brooklyn Nets,76.0,https://cdn.nba.com/headshots/nba/latest/1040x760/1629022.png,https://cdn.nba.com/logos/nba/1610612751/primary/L/logo.svg
1628969,Mikal Bridges,mikal-bridges,1,G-F,6-6,209,"AUG 30, 1996",27.0,5,Villanova,2023-24,1610612751,BKN,Brooklyn Nets,78.0,https://cdn.nba.com/headshots/nba/latest/1040x760/1628969.png,https://cdn.nba.com/logos/nba/1610612751/primary/L/logo.svg
1629651,Nic Claxton,nic-claxton,33,C,6-11,215,"APR 17, 1999",25.0,4,Georgia,2023-24,1610612751,BKN,Brooklyn Nets,83.0,https://cdn.nba.com/headshots/nba/latest/1040x760/1629651.png,https://cdn.nba.com/logos/nba/1610612751/primary/L/logo.svg
1641730,Noah Clowney,noah-clowney,21,F,6-9,210,"JUL 14, 2004",19.0,R,Alabama,2023-24,1610612751,BKN,Brooklyn Nets,81.0,https://cdn.nba.com/headshots/nba/latest/1040x760/1641730.png,https://cdn.nba.com/logos/nba/1610612751/primary/L/logo.svg
1630570,Trendon Watford,trendon-watford,9,F,6-8,237,"NOV 09, 2000",23.0,2,Louisiana State,2023-24,1610612751,BKN,Brooklyn Nets,80.0,https://cdn.nba.com/headshots/nba/latest/1040x760/1630570.png,https://cdn.nba.com/logos/nba/1610612751/primary/L/logo.svg
201143,Al Horford,al-horford,42,C-F,6-9,240,"JUN 03, 1986",38.0,16,Florida,2023-24,1610612738,BOS,Boston Celtics,81.0,https://cdn.nba.com/headshots/nba/latest/1040x760/201143.png,https://cdn.nba.com/logos/nba/1610612738/primary/L/logo.svg
1628401,Derrick White,derrick-white,9,G,6-4,190,"JUL 02, 1994",29.0,6,Colorado,2023-24,1610612738,BOS,Boston Celtics,76.0,https://cdn.nba.com/headshots/nba/latest/1040x760/1628401.png,https://cdn.nba.com/logos/nba/1610612738/primary/L/logo.svg
1641809,Drew Peterson,drew-peterson,13,F,6-9,205,"NOV 09, 1999",24.0,R,Southern California,2023-24,1610612738,BOS,Boston Celtics,81.0,https://cdn.nba.com/headshots/nba/latest/1040x760/1641809.png,https://cdn.nba.com/logos/nba/1610612738/primary/L/logo.svg
1631120,JD Davison,jd-davison,20,G,6-1,195,"OCT 03, 2002",21.0,1,Alabama,2023-24,1610612738,BOS,Boston Celtics,73.0,https://cdn.nba.com/headshots/nba/latest/1040x760/1631120.png,https://cdn.nba.com/logos/nba/1610612738/primary/L/logo.svg
1630531,Jaden Springer,jaden-springer,44,G,6-4,202,"SEP 25, 2002",21.0,2,Tennessee,2023-24,1610612738,BOS,Boston Celtics,76.0,https://cdn.nba.com/headshots/nba/latest/1040x760/1630531.png,https://cdn.nba.com/logos/nba/1610612738/primary/L/logo.svg
1627759,Jaylen Brown,jaylen-brown,7,G-F,6-6,223,"OCT 24, 1996",27.0,7,California,2023-24,1610612738,BOS,Boston Celtics,78.0,https://cdn.nba.com/headshots/nba/latest/1040x760/1627759.png,https://cdn.nba.com/logos/nba/1610612738/primary/L/logo.svg
1628369,Jayson Tatum,jayson-tatum,0,F-G,6-8,210,"MAR 03, 1998",26.0,6,Duke,2023-24,1610612738,BOS,Boston Celtics,80.0,https://cdn.nba.com/headshots/nba/latest/1040x760/1628369.png,https://cdn.nba.com/logos/nba/1610612738/primary/L/logo.svg
1641775,Jordan Walsh,jordan-walsh,27,G,6-6,205,"MAR 03, 2004",20.0,R,Arkansas,2023-24,1610612738,BOS,Boston Celtics,78.0,https://cdn.nba.com/headshots/nba/latest/1040x760/1641775.png,https://cdn.nba.com/logos/nba/1610612738/primary/L/logo.svg
201950,Jrue Holiday,jrue-holiday,4,G,6-4,205,"JUN 12, 1990",34.0,14,UCLA,2023-24,1610612738,BOS,Boston Celtics,76.0,https://cdn.nba.com/headshots/nba/latest/1040x760/201950.png,https://cdn.nba.com/logos/nba/1610612738/primary/L/logo.svg
204001,Kristaps Porziņģis,kristaps-porziņģis,8,F-C,7-2,240,"AUG 02, 1995",28.0,8,Cajasol Sevilla,2023-24,1610612738,BOS,Boston Celtics,86.0,https://cdn.nba.com/headshots/nba/latest/1040x760/204001.png,https://cdn.nba.com/logos/nba/1610612738/primary/L/logo.svg
1628436,Luke Kornet,luke-kornet,40,C-F,7-1,250,"JUL 15, 1995",28.0,6,Vanderbilt,2023-24,1610612738,BOS,Boston Celtics,85.0,https://cdn.nba.com/headshots/nba/latest/1040x760/1628436.png,https://cdn.nba.com/logos/nba/1610612738/primary/L/logo.svg
1629674,Neemias Queta,neemias-queta,88,C,7-0,248,"JUL 13, 1999",24.0,2,Utah State,2023-24,1610612738,BOS,Boston Celtics,84.0,https://cdn.nba.com/headshots/nba/latest/1040x760/1629674.png,https://cdn.nba.com/logos/nba/1610612738/primary/L/logo.svg
1629052,Oshae Brissett,oshae-brissett,12,F-G,6-7,210,"JUN 20, 1998",26.0,4,Syracuse,2023-24,1610612738,BOS,Boston Celtics,79.0,https://cdn.nba.com/headshots/nba/latest/1040x760/1629052.png,https://cdn.nba.com/logos/nba/1610612738/primary/L/logo.svg
1630202,Payton Pritchard,payton-pritchard,11,G,6-1,195,"JAN 28, 1998",26.0,3,Oregon,2023-24,1610612738,BOS,Boston Celtics,73.0,https://cdn.nba.com/headshots/nba/latest/1040x760/1630202.png,https://cdn.nba.com/logos/nba/1610612738/primary/L/logo.svg
1630573,Sam Hauser,sam-hauser,30,F,6-7,217,"DEC 08, 1997",26.0,2,Virginia,2023-24,1610612738,BOS,Boston Celtics,79.0,https://cdn.nba.com/headshots/nba/latest/1040x760/1630573.png,https://cdn.nba.com/logos/nba/1610612738/primary/L/logo.svg
1629004,Svi Mykhailiuk,svi-mykhailiuk,50,G-F,6-7,205,"JUN 10, 1997",27.0,5,Kansas,2023-24,1610612738,BOS,Boston Celtics,79.0,https://cdn.nba.com/headshots/nba/latest/1040x760/1629004.png,https://cdn.nba.com/logos/nba/1610612738/primary/L/logo.svg
1630214,Xavier Tillman,xavier-tillman,26,F,6-7,245,"JAN 12, 1999",25.0,3,Michigan State,2023-24,1610612738,BOS,Boston Celtics,79.0,https://cdn.nba.com/headshots/nba/latest/1040x760/1630214.png,https://cdn.nba.com/logos/nba/1610612738/primary/L/logo.svg
1630197,Aleksej Pokusevski,aleksej-pokusevski,17,F,7-0,210,"DEC 26, 2001",22.0,3,Olympiacos,2023-24,1610612766,CHA,Charlotte Hornets,84.0,https://cdn.nba.com/headshots/nba/latest/1040x760/1630197.png,https://cdn.nba.com/logos/nba/1610612766/primary/L/logo.svg
1641735,Amari Bailey,amari-bailey,10,G,6-3,185,"FEB 17, 2004",20.0,R,UCLA,2023-24,1610612766,CHA,Charlotte Hornets,75.0,https://cdn.nba.com/headshots/nba/latest/1040x760/1641735.png,https://cdn.nba.com/logos/nba/1610612766/primary/L/logo.svg
1641706,Brandon Miller,brandon-miller,24,F,6-7,200,"NOV 22, 2002",21.0,R,Alabama,2023-24,1610612766,CHA,Charlotte Hornets,79.0,https://cdn.nba.com/headshots/nba/latest/1040x760/1641706.png,https://cdn.nba.com/logos/nba/1610612766/primary/L/logo.svg
1631121,Bryce McGowens,bryce-mcgowens,7,G,6-6,175,"NOV 08, 2002",21.0,1,Nebraska,2023-24,1610612766,CHA,Charlotte Hornets,78.0,https://cdn.nba.com/headshots/nba/latest/1040x760/1631121.png,https://cdn.nba.com/logos/nba/1610612766/primary/L/logo.svg
1628998,Cody Martin,cody-martin,11,F,6-6,205,"SEP 28, 1995",28.0,4,Nevada,2023-24,1610612766,CHA,Charlotte Hornets,78.0,https://cdn.nba.com/headshots/nba/latest/1040x760/1628998.png,https://cdn.nba.com/logos/nba/1610612766/primary/L/logo.svg
202722,Davis Bertans,davis-bertans,9,F,6-10,225,"NOV 12, 1992",31.0,7,Baskonia,2023-24,1610612766,CHA,Charlotte Hornets,82.0,https://cdn.nba.com/headshots/nba/latest/1040x760/202722.png,https://cdn.nba.com/logos/nba/1610612766/primary/L/logo.svg
1629684,Grant Williams,grant-williams,2,F,6-6,236,"NOV 30, 1998",25.0,4,Tennessee,2023-24,1610612766,CHA,Charlotte Hornets,78.0,https://cdn.nba.com/headshots/nba/latest/1040x760/1629684.png,https://cdn.nba.com/logos/nba/1610612766/primary/L/logo.svg
1630550,JT Thor,jt-thor,21,F,6-9,203,"AUG 26, 2002",21.0,2,Auburn,2023-24,1610612766,CHA,Charlotte Hornets,81.0,https://cdn.nba.com/headshots/nba/latest/1040x760/1630550.png,https://cdn.nba.com/logos/nba/1610612766/primary/L/logo.svg
1630163,LaMelo Ball,lamelo-ball,1,G,6-7,180,"AUG 22, 2001",22.0,3,Illawarra,2023-24,1610612766,CHA,Charlotte Hornets,79.0,https://cdn.nba.com/headshots/nba/latest/1040x760/1630163.png,https://cdn.nba.com/logos/nba/1610612766/primary/L/logo.svg
1641778,Leaky Black,leaky-black,12,F,6-6,209,"JUN 14, 1999",25.0,R,North Carolina,2023-24,1610612766,CHA,Charlotte Hornets,78.0,https://cdn.nba.com/headshots/nba/latest/1040x760/1641778.png,https://cdn.nba.com/logos/nba/1610612766/primary/L/logo.svg
1631109,Mark Williams,mark-williams,5,C,7-0,240,"DEC 16, 2001",22.0,1,Duke,2023-24,1610612766,CHA,Charlotte Hornets,84.0,https://cdn.nba.com/headshots/nba/latest/1040x760/1631109.png,https://cdn.nba.com/logos/nba/1610612766/primary/L/logo.svg
1629716,Marques Bolden,marques-bolden,12,C,6-10,249,"APR 17, 1998",26.0,2,Duke,2023-24,1610612766,CHA,Charlotte Hornets,82.0,https://cdn.nba.com/headshots/nba/latest/1040x760/1629716.png,https://cdn.nba.com/logos/nba/1610612766/primary/L/logo.svg
1628970,Miles Bridges,miles-bridges,0,F,6-7,225,"MAR 21, 1998",26.0,4,Michigan State,2023-24,1610612766,CHA,Charlotte Hornets,79.0,https://cdn.nba.com/headshots/nba/latest/1040x760/1628970.png,https://cdn.nba.com/logos/nba/1610612766/primary/L/logo.svg
1630208,Nick Richards,nick-richards,4,C,7-0,245,"NOV 29, 1997",26.0,3,Kentucky,2023-24,1610612766,CHA,Charlotte Hornets,84.0,https://cdn.nba.com/headshots/nba/latest/1040x760/1630208.png,https://cdn.nba.com/logos/nba/1610612766/primary/L/logo.svg
1641733,Nick Smith Jr.,nick-smith-jr,8,G,6-2,185,"APR 18, 2004",20.0,R,Arkansas,2023-24,1610612766,CHA,Charlotte Hornets,74.0,https://cdn.nba.com/headshots/nba/latest/1040x760/1641733.png,https://cdn.nba.com/logos/nba/1610612766/primary/L/logo.svg
203552,Seth Curry,seth-curry,30,G,6-1,185,"AUG 23, 1990",33.0,10,Duke,2023-24,1610612766,CHA,Charlotte Hornets,73.0,https://cdn.nba.com/headshots/nba/latest/1040x760/203552.png,https://cdn.nba.com/logos/nba/1610612766/primary/L/logo.svg
1630544,Tre Mann,tre-mann,23,G,6-3,178,"FEB 03, 2001",23.0,2,Florida,2023-24,1610612766,CHA,Charlotte Hornets,75.0,https://cdn.nba.com/headshots/nba/latest/1040x760/1630544.png,https://cdn.nba.com/logos/nba/1610612766/primary/L/logo.svg
203995,Vasilije Micic,vasilije-micic,22,G,6-3,188,"JAN 13, 1994",30.0,R,Serbia,2023-24,1610612766,CHA,Charlotte Hornets,75.0,https://cdn.nba.com/headshots/nba/latest/1040x760/203995.png,https://cdn.nba.com/logos/nba/1610612766/primary/L/logo.svg
1641766,Adama Sanogo,adama-sanogo,21,F,6-9,245,"FEB 12, 2002",22.0,R,UCONN,2023-24,1610612741,CHI,Chicago Bulls,81.0,https://cdn.nba.com/headshots/nba/latest/1040x760/1641766.png,https://cdn.nba.com/logos/nba/1610612741/primary/L/logo.svg
1627936,Alex Caruso,alex-caruso,6,G,6-5,186,"FEB 28, 1994",30.0,6,Texas A&M,2023-24,1610612741,CHI,Chicago Bulls,77.0,https://cdn.nba.com/headshots/nba/latest/1040x760/1627936.png,https://cdn.nba.com/logos/nba/1610612741/primary/L/logo.svg
203083,Andre Drummond,andre-drummond,3,C,6-11,279,"AUG 10, 1993",30.0,11,Connecticut,2023-24,1610612741,CHI,Chicago Bulls,83.0,https://cdn.nba.com/headshots/nba/latest/1040x760/203083.png,https://cdn.nba.com/logos/nba/1610612741/primary/L/logo.svg
1641847,Andrew Funk,andrew-funk,,G,6-5,200,"SEP 21, 1999",24.0,R,Penn State,2023-24,1610612741,CHI,Chicago Bulls,77.0,https://cdn.nba.com/headshots/nba/latest/1040x760/1641847.png,https://cdn.nba.com/logos/nba/1610612741/primary/L/logo.svg
1630245,Ayo Dosunmu,ayo-dosunmu,12,G,6-5,200,"JAN 17, 2000",24.0,2,Illinois,2023-24,1610612741,CHI,Chicago Bulls,77.0,https://cdn.nba.com/headshots/nba/latest/1040x760/1630245.png,https://cdn.nba.com/logos/nba/1610612741/primary/L/logo.svg
1629632,Coby White,coby-white,0,G,6-5,195,"FEB 16, 2000",24.0,4,North Carolina,2023-24,1610612741,CHI,Chicago Bulls,77.0,https://cdn.nba.com/headshots/nba/latest/1040x760/1629632.png,https://cdn.nba.com/logos/nba/1610612741/primary/L/logo.svg
1631207,Dalen Terry,dalen-terry,25,F,6-7,195,"JUL 12, 2002",21.0,1,Arizona,2023-24,1610612741,CHI,Chicago Bulls,79.0,https://cdn.nba.com/headshots/nba/latest/1040x760/1631207.png,https://cdn.nba.com/logos/nba/1610612741/primary/L/logo.svg
201942,DeMar DeRozan,demar-derozan,11,G-F,6-6,220,"AUG 07, 1989",34.0,14,Southern California,2023-24,1610612741,CHI,Chicago Bulls,78.0,https://cdn.nba.com/headshots/nba/latest/1040x760/201942.png,https://cdn.nba.com/logos/nba/1610612741/primary/L/logo.svg
1630929,Henri Drell,henri-drell,77,F,6-9,220,"APR 25, 2000",24.0,R,Victoria Libertas,2023-24,1610612741,CHI,Chicago Bulls,81.0,https://cdn.nba.com/headshots/nba/latest/1040x760/1630929.png,https://cdn.nba.com/logos/nba/1610612741/primary/L/logo.svg
1629750,Javonte Green,javonte-green,24,G,6-5,205,"JUL 23, 1993",30.0,4,Radford,2023-24,1610612741,CHI,Chicago Bulls,77.0,https://cdn.nba.com/headshots/nba/latest/1040x760/1629750.png,https://cdn.nba.com/logos/nba/1610612741/primary/L/logo.svg
1628975,Jevon Carter,jevon-carter,5,G,6-1,200,"SEP 14, 1995",28.0,5,West Virginia,2023-24,1610612741,CHI,Chicago Bulls,73.0,https://cdn.nba.com/headshots/nba/latest/1040x760/1628975.png,https://cdn.nba.com/logos/nba/1610612741/primary/L/logo.svg
1641763,Julian Phillips,julian-phillips,15,F,6-8,198,"NOV 05, 2003",20.0,R,Tennessee,2023-24,1610612741,CHI,Chicago Bulls,80.0,https://cdn.nba.com/headshots/nba/latest/1040x760/1641763.png,https://cdn.nba.com/logos/nba/1610612741/primary/L/logo.svg
1628366,Lonzo Ball,lonzo-ball,2,G,6-6,190,"OCT 27, 1997",26.0,6,UCLA,2023-24,1610612741,CHI,Chicago Bulls,78.0,https://cdn.nba.com/headshots/nba/latest/1040x760/1628366.png,https://cdn.nba.com/logos/nba/1610612741/primary/L/logo.svg
202696,Nikola Vučević,nikola-vučević,9,C,6-10,260,"OCT 24, 1990",33.0,12,Southern California,2023-24,1610612741,CHI,Chicago Bulls,82.0,https://cdn.nba.com/headshots/nba/latest/1040x760/202696.png,https://cdn.nba.com/logos/nba/1610612741/primary/L/logo.svg
1641931,Onuralp Bitim,onuralp-bitim,17,F,6-6,215,"MAR 31, 1999",25.0,R,Bursaspor,2023-24,1610612741,CHI,Chicago Bulls,78.0,https://cdn.nba.com/headshots/nba/latest/1040x760/1641931.png,https://cdn.nba.com/logos/nba/1610612741/primary/L/logo.svg
1630172,Patrick Williams,patrick-williams,44,F,6-7,215,"AUG 26, 2001",22.0,3,Florida State,2023-24,1610612741,CHI,Chicago Bulls,79.0,https://cdn.nba.com/headshots/nba/latest/1040x760/1630172.png,https://cdn.nba.com/logos/nba/1610612741/primary/L/logo.svg
1628470,Torrey Craig,torrey-craig,13,F,6-5,221,"DEC 19, 1990",33.0,6,South Carolina Upstate,2023-24,1610612741,CHI,Chicago Bulls,77.0,https://cdn.nba.com/headshots/nba/latest/1040x760/1628470.png,https://cdn.nba.com/logos/nba/1610612741/primary/L/logo.svg
203897,Zach LaVine,zach-lavine,8,G,6-5,200,"MAR 10, 1995",29.0,9,UCLA,2023-24,1610612741,CHI,Chicago Bulls,77.0,https://cdn.nba.com/headshots/nba/latest/1040x760/203897.png,https://cdn.nba.com/logos/nba/1610612741/primary/L/logo.svg
1627747,Caris LeVert,caris-levert,3,G,6-6,205,"AUG 25, 1994",29.0,7,Michigan,2023-24,1610612739,CLE,Cleveland Cavaliers,78.0,https://cdn.nba.com/headshots/nba/latest/1040x760/1627747.png,https://cdn.nba.com/logos/nba/1610612739/primary/L/logo.svg
1641854,Craig Porter Jr.,craig-porter-jr,9,G,6-1,180,"FEB 26, 2000",24.0,R,Wichita State,2023-24,1610612739,CLE,Cleveland Cavaliers,73.0,https://cdn.nba.com/headshots/nba/latest/1040x760/1641854.png,https://cdn.nba.com/logos/nba/1610612739/primary/L/logo.svg
1627745,Damian Jones,damian-jones,30,C,6-10,245,"JUN 30, 1995",29.0,7,Vanderbilt,2023-24,1610612739,CLE,Cleveland Cavaliers,82.0,https://cdn.nba.com/headshots/nba/latest/1040x760/1627745.png,https://cdn.nba.com/logos/nba/1610612739/primary/L/logo.svg
1629636,Darius Garland,darius-garland,10,G,6-1,192,"JAN 26, 2000",24.0,4,Vanderbilt,2023-24,1610612739,CLE,Cleveland Cavaliers,73.0,https://cdn.nba.com/headshots/nba/latest/1040x760/1629636.png,https://cdn.nba.com/logos/nba/1610612739/primary/L/logo.svg
1629731,Dean Wade,dean-wade,32,F-C,6-9,228,"NOV 20, 1996",27.0,4,Kansas State,2023-24,1610612739,CLE,Cleveland Cavaliers,81.0,https://cdn.nba.com/headshots/nba/latest/1040x760/1629731.png,https://cdn.nba.com/logos/nba/1610612739/primary/L/logo.svg
1628378,Donovan Mitchell,donovan-mitchell,45,G,6-3,215,"SEP 07, 1996",27.0,6,Louisville,2023-24,1610612739,CLE,Cleveland Cavaliers,75.0,https://cdn.nba.com/headshots/nba/latest/1040x760/1628378.png,https://cdn.nba.com/logos/nba/1610612739/primary/L/logo.svg
1641734,Emoni Bates,emoni-bates,21,F,6-8,170,"JAN 28, 2004",20.0,R,Eastern Michigan,2023-24,1610612739,CLE,Cleveland Cavaliers,80.0,https://cdn.nba.com/headshots/nba/latest/1040x760/1641734.png,https://cdn.nba.com/logos/nba/1610612739/primary/L/logo.svg
1630596,Evan Mobley,evan-mobley,4,C,6-11,215,"JUN 18, 2001",23.0,2,Southern California,2023-24,1610612739,CLE,Cleveland Cavaliers,83.0,https://cdn.nba.com/headshots/nba/latest/1040x760/1630596.png,https://cdn.nba.com/logos/nba/1610612739/primary/L/logo.svg
1627777,Georges Niang,georges-niang,20,F,6-7,230,"JUN 17, 1993",31.0,7,Iowa State,2023-24,1610612739,CLE,Cleveland Cavaliers,79.0,https://cdn.nba.com/headshots/nba/latest/1040x760/1627777.png,https://cdn.nba.com/logos/nba/1610612739/primary/L/logo.svg
1630171,Isaac Okoro,isaac-okoro,35,F-G,6-5,225,"JAN 26, 2001",23.0,3,Auburn,2023-24,1610612739,CLE,Cleveland Cavaliers,77.0,https://cdn.nba.com/headshots/nba/latest/1040x760/1630171.png,https://cdn.nba.com/logos/nba/1610612739/primary/L/logo.svg
1630600,Isaiah Mobley,isaiah-mobley,15,F,6-8,238,"SEP 24, 1999",24.0,1,USC,2023-24,1610612739,CLE,Cleveland Cavaliers,80.0,https://cdn.nba.com/headshots/nba/latest/1040x760/1630600.png,https://cdn.nba.com/logos/nba/1610612739/primary/L/logo.svg
1628386,Jarrett Allen,jarrett-allen,31,C,6-9,243,"APR 21, 1998",26.0,6,Texas,2023-24,1610612739,CLE,Cleveland Cavaliers,81.0,https://cdn.nba.com/headshots/nba/latest/1040x760/1628386.png,https://cdn.nba.com/logos/nba/1610612739/primary/L/logo.svg
202694,Marcus Morris Sr.,marcus-morris-sr,24,F,6-8,218,"SEP 02, 1989",34.0,12,Kansas,2023-24,1610612739,CLE,Cleveland Cavaliers,80.0,https://cdn.nba.com/headshots/nba/latest/1040x760/202694.png,https://cdn.nba.com/logos/nba/1610612739/primary/L/logo.svg
1629622,Max Strus,max-strus,1,G-F,6-5,215,"MAR 28, 1996",28.0,4,DePaul,2023-24,1610612739,CLE,Cleveland Cavaliers,77.0,https://cdn.nba.com/headshots/nba/latest/1040x760/1629622.png,https://cdn.nba.com/logos/nba/1610612739/primary/L/logo.svg
1631250,Pete Nance,pete-nance,8,F,6-10,225,"FEB 19, 2000",24.0,R,Northwestern,2023-24,1610612739,CLE,Cleveland Cavaliers,82.0,https://cdn.nba.com/headshots/nba/latest/1040x760/1631250.png,https://cdn.nba.com/logos/nba/1610612739/primary/L/logo.svg
1630241,Sam Merrill,sam-merrill,5,G,6-4,205,"MAY 15, 1996",28.0,3,Utah State,2023-24,1610612739,CLE,Cleveland Cavaliers,76.0,https://cdn.nba.com/headshots/nba/latest/1040x760/1630241.png,https://cdn.nba.com/logos/nba/1610612739/primary/L/logo.svg
202684,Tristan Thompson,tristan-thompson,13,C-F,6-9,254,"MAR 13, 1991",33.0,12,Texas-Austin,2023-24,1610612739,CLE,Cleveland Cavaliers,81.0,https://cdn.nba.com/headshots/nba/latest/1040x760/202684.png,https://cdn.nba.com/logos/nba/1610612739/primary/L/logo.svg
1629660,Ty Jerome,ty-jerome,2,G-F,6-5,195,"JUL 08, 1997",26.0,4,Virginia,2023-24,1610612739,CLE,Cleveland Cavaliers,77.0,https://cdn.nba.com/headshots/nba/latest/1040x760/1629660.png,https://cdn.nba.com/logos/nba/1610612739/primary/L/logo.svg
1630639,A.J. Lawson,aj-lawson,9,G,6-6,179,"JUL 15, 2000",23.0,1,South Carolina,2023-24,1610612742,DAL,Dallas Mavericks,78.0,https://cdn.nba.com/headshots/nba/latest/1040x760/1630639.png,https://cdn.nba.com/logos/nba/1610612742/primary/L/logo.svg
1641788,Alex Fudge,alex-fudge,17,F,6-8,200,"MAY 06, 2003",21.0,R,Florida,2023-24,1610612742,DAL,Dallas Mavericks,80.0,https://cdn.nba.com/headshots/nba/latest/1040x760/1641788.png,https://cdn.nba.com/logos/nba/1610612742/primary/L/logo.svg
1630314,Brandon Williams,brandon-williams,00,G,6-1,190,"NOV 22, 1999",24.0,1,Arizona,2023-24,1610612742,DAL,Dallas Mavericks,73.0,https://cdn.nba.com/headshots/nba/latest/1040x760/1630314.png,https://cdn.nba.com/logos/nba/1610612742/primary/L/logo.svg
1629655,Daniel Gafford,daniel-gafford,21,F-C,6-10,234,"OCT 01, 1998",25.0,4,Arkansas,2023-24,1610612742,DAL,Dallas Mavericks,82.0,https://cdn.nba.com/headshots/nba/latest/1040x760/1629655.png,https://cdn.nba.com/logos/nba/1610612742/primary/L/logo.svg
203957,Danté Exum,danté-exum,0,G,6-5,214,"JUL 13, 1995",28.0,7,Australian Institute of Sport,2023-24,1610612742,DAL,Dallas Mavericks,77.0,https://cdn.nba.com/headshots/nba/latest/1040x760/203957.png,https://cdn.nba.com/logos/nba/1610612742/primary/L/logo.svg
1641726,Dereck Lively II,dereck-lively-ii,2,C,7-1,230,"FEB 12, 2004",20.0,R,Duke,2023-24,1610612742,DAL,Dallas Mavericks,85.0,https://cdn.nba.com/headshots/nba/latest/1040x760/1641726.png,https://cdn.nba.com/logos/nba/1610612742/primary/L/logo.svg
1627884,Derrick Jones Jr.,derrick-jones-jr,55,F,6-6,210,"FEB 15, 1997",27.0,7,UNLV,2023-24,1610612742,DAL,Dallas Mavericks,78.0,https://cdn.nba.com/headshots/nba/latest/1040x760/1627884.png,https://cdn.nba.com/logos/nba/1610612742/primary/L/logo.svg
203939,Dwight Powell,dwight-powell,7,F-C,6-10,240,"JUL 20, 1991",32.0,9,Stanford,2023-24,1610612742,DAL,Dallas Mavericks,82.0,https://cdn.nba.com/headshots/nba/latest/1040x760/203939.png,https://cdn.nba.com/logos/nba/1610612742/primary/L/logo.svg
1630535,Greg Brown III,greg-brown-iii,36,F,6-7,206,"SEP 01, 2001",22.0,2,Texas,2023-24,1610612742,DAL,Dallas Mavericks,79.0,https://cdn.nba.com/headshots/nba/latest/1040x760/1630535.png,https://cdn.nba.com/logos/nba/1610612742/primary/L/logo.svg
1630702,Jaden Hardy,jaden-hardy,1,G,6-3,198,"JUL 05, 2002",21.0,1,NBA G League Ignite,2023-24,1610612742,DAL,Dallas Mavericks,75.0,https://cdn.nba.com/headshots/nba/latest/1040x760/1630702.png,https://cdn.nba.com/logos/nba/1610612742/primary/L/logo.svg
1630182,Josh Green,josh-green,8,G,6-5,200,"NOV 16, 2000",23.0,3,Arizona,2023-24,1610612742,DAL,Dallas Mavericks,77.0,https://cdn.nba.com/headshots/nba/latest/1040x760/1630182.png,https://cdn.nba.com/logos/nba/1610612742/primary/L/logo.svg
202681,Kyrie Irving,kyrie-irving,11,G,6-2,195,"MAR 23, 1992",32.0,12,Duke,2023-24,1610612742,DAL,Dallas Mavericks,74.0,https://cdn.nba.com/headshots/nba/latest/1040x760/202681.png,https://cdn.nba.com/logos/nba/1610612742/primary/L/logo.svg
1629029,Luka Dončić,luka-dončić,77,F-G,6-7,230,"FEB 28, 1999",25.0,5,Real Madrid,2023-24,1610612742,DAL,Dallas Mavericks,79.0,https://cdn.nba.com/headshots/nba/latest/1040x760/1629029.png,https://cdn.nba.com/logos/nba/1610612742/primary/L/logo.svg
202693,Markieff Morris,markieff-morris,88,F,6-9,245,"SEP 02, 1989",34.0,12,Kansas,2023-24,1610612742,DAL,Dallas Mavericks,81.0,https://cdn.nba.com/headshots/nba/latest/1040x760/202693.png,https://cdn.nba.com/logos/nba/1610612742/primary/L/logo.svg
1628467,Maxi Kleber,maxi-kleber,42,F,6-10,240,"JAN 29, 1992",32.0,6,Bayern Munich,2023-24,1610612742,DAL,Dallas Mavericks,82.0,https://cdn.nba.com/headshots/nba/latest/1040x760/1628467.png,https://cdn.nba.com/logos/nba/1610612742/primary/L/logo.svg
1641765,Olivier-Maxence Prosper,olivier-maxence-prosper,18,F,6-7,230,"JUL 03, 2002",21.0,R,Marquette,2023-24,1610612742,DAL,Dallas Mavericks,79.0,https://cdn.nba.com/headshots/nba/latest/1040x760/1641765.png,https://cdn.nba.com/logos/nba/1610612742/primary/L/logo.svg
1629023,P.J. Washington,pj-washington,25,F,6-7,230,"AUG 23, 1998",25.0,4,Kentucky,2023-24,1610612742,DAL,Dallas Mavericks,79.0,https://cdn.nba.com/headshots/nba/latest/1040x760/1629023.png,https://cdn.nba.com/logos/nba/1610612742/primary/L/logo.svg
203501,Tim Hardaway Jr.,tim-hardaway-jr,10,G-F,6-5,205,"MAR 16, 1992",32.0,10,Michigan,2023-24,1610612742,DAL,Dallas Mavericks,77.0,https://cdn.nba.com/headshots/nba/latest/1040x760/203501.png,https://cdn.nba.com/logos/nba/1610612742/primary/L/logo.svg
203932,Aaron Gordon,aaron-gordon,50,F,6-8,235,"SEP 16, 1995",28.0,9,Arizona,2023-24,1610612743,DEN,Denver Nuggets,80.0,https://cdn.nba.com/headshots/nba/latest/1040x760/203932.png,https://cdn.nba.com/logos/nba/1610612743/primary/L/logo.svg
1630296,Braxton Key,braxton-key,11,F,6-8,225,"FEB 14, 1997",27.0,2,Virginia,2023-24,1610612743,DEN,Denver Nuggets,80.0,https://cdn.nba.com/headshots/nba/latest/1040x760/1630296.png,https://cdn.nba.com/logos/nba/1610612743/primary/L/logo.svg
1631128,Christian Braun,christian-braun,0,G,6-6,220,"APR 17, 2001",23.0,1,Kansas,2023-24,1610612743,DEN,Denver Nuggets,78.0,https://cdn.nba.com/headshots/nba/latest/1040x760/1631128.png,https://cdn.nba.com/logos/nba/1610612743/primary/L/logo.svg
1631221,Collin Gillespie,collin-gillespie,21,G,6-1,195,"JUN 25, 1999",25.0,R,Villanova,2023-24,1610612743,DEN,Denver Nuggets,73.0,https://cdn.nba.com/headshots/nba/latest/1040x760/1631221.png,https://cdn.nba.com/logos/nba/1610612743/primary/L/logo.svg
201599,DeAndre Jordan,deandre-jordan,6,C,6-11,265,"JUL 21, 1988",35.0,15,Texas A&M,2023-24,1610612743,DEN,Denver Nuggets,83.0,https://cdn.nba.com/headshots/nba/latest/1040x760/201599.png,https://cdn.nba.com/logos/nba/1610612743/primary/L/logo.svg
1641816,Hunter Tyson,hunter-tyson,4,F,6-8,215,"JUN 13, 2000",24.0,R,Clemson,2023-24,1610612743,DEN,Denver Nuggets,80.0,https://cdn.nba.com/headshots/nba/latest/1040x760/1641816.png,https://cdn.nba.com/logos/nba/1610612743/primary/L/logo.svg
1629618,Jalen Pickett,jalen-pickett,24,G,6-2,202,"OCT 22, 1999",24.0,R,Penn State,2023-24,1610612743,DEN,Denver Nuggets,74.0,https://cdn.nba.com/headshots/nba/latest/1040x760/1629618.png,https://cdn.nba.com/logos/nba/1610612743/primary/L/logo.svg
1627750,Jamal Murray,jamal-murray,27,G,6-4,215,"FEB 23, 1997",27.0,7,Kentucky,2023-24,1610612743,DEN,Denver Nuggets,76.0,https://cdn.nba.com/headshots/nba/latest/1040x760/1627750.png,https://cdn.nba.com/logos/nba/1610612743/primary/L/logo.svg
1630643,Jay Huff,jay-huff,30,C,7-1,240,"AUG 25, 1997",26.0,2,Virginia,2023-24,1610612743,DEN,Denver Nuggets,85.0,https://cdn.nba.com/headshots/nba/latest/1040x760/1630643.png,https://cdn.nba.com/logos/nba/1610612743/primary/L/logo.svg
1631124,Julian Strawther,julian-strawther,3,G,6-6,205,"APR 18, 2002",22.0,R,Gonzaga,2023-24,1610612743,DEN,Denver Nuggets,78.0,https://cdn.nba.com/headshots/nba/latest/1040x760/1631124.png,https://cdn.nba.com/logos/nba/1610612743/primary/L/logo.svg
203200,Justin Holiday,justin-holiday,9,F-G,6-6,180,"APR 05, 1989",35.0,10,Washington,2023-24,1610612743,DEN,Denver Nuggets,78.0,https://cdn.nba.com/headshots/nba/latest/1040x760/203200.png,https://cdn.nba.com/logos/nba/1610612743/primary/L/logo.svg
203484,Kentavious Caldwell-Pope,kentavious-caldwell-pope,5,G,6-5,204,"FEB 18, 1993",31.0,10,Georgia,2023-24,1610612743,DEN,Denver Nuggets,77.0,https://cdn.nba.com/headshots/nba/latest/1040x760/203484.png,https://cdn.nba.com/logos/nba/1610612743/primary/L/logo.svg
1629008,Michael Porter Jr.,michael-porter-jr,1,F,6-10,218,"JUN 29, 1998",26.0,4,Missouri,2023-24,1610612743,DEN,Denver Nuggets,82.0,https://cdn.nba.com/headshots/nba/latest/1040x760/1629008.png,https://cdn.nba.com/logos/nba/1610612743/primary/L/logo.svg
203999,Nikola Jokić,nikola-jokić,15,C,6-11,284,"FEB 19, 1995",29.0,8,Mega Basket,2023-24,1610612743,DEN,Denver Nuggets,83.0,https://cdn.nba.com/headshots/nba/latest/1040x760/203999.png,https://cdn.nba.com/logos/nba/1610612743/primary/L/logo.svg
1631212,Peyton Watson,peyton-watson,8,G,6-7,200,"SEP 11, 2002",21.0,1,UCLA,2023-24,1610612743,DEN,Denver Nuggets,79.0,https://cdn.nba.com/headshots/nba/latest/1040x760/1631212.png,https://cdn.nba.com/logos/nba/1610612743/primary/L/logo.svg
202704,Reggie Jackson,reggie-jackson,7,G,6-2,208,"APR 16, 1990",34.0,12,Boston College,2023-24,1610612743,DEN,Denver Nuggets,74.0,https://cdn.nba.com/headshots/nba/latest/1040x760/202704.png,https://cdn.nba.com/logos/nba/1610612743/primary/L/logo.svg
1628427,Vlatko Čančar,vlatko-čančar,31,F,6-8,236,"APR 10, 1997",27.0,4,San Pablo Burgos,2023-24,1610612743,DEN,Denver Nuggets,80.0,https://cdn.nba.com/headshots/nba/latest/1040x760/1628427.png,https://cdn.nba.com/logos/nba/1610612743/primary/L/logo.svg
1630192,Zeke Nnaji,zeke-nnaji,22,F-C,6-9,240,"JAN 09, 2001",23.0,3,Arizona,2023-24,1610612743,DEN,Denver Nuggets,81.0,https://cdn.nba.com/headshots/nba/latest/1040x760/1630192.png,https://cdn.nba.com/logos/nba/1610612743/primary/L/logo.svg
1641709,Ausar Thompson,ausar-thompson,9,G-F,6-6,205,"JAN 30, 2003",21.0,R,Overtime Elite,2023-24,1610612765,DET,Detroit Pistons,78.0,https://cdn.nba.com/headshots/nba/latest/1040x760/1641709.png,https://cdn.nba.com/logos/nba/1610612765/primary/L/logo.svg
1631205,Buddy Boeheim,buddy-boeheim,27,F,6-5,205,"NOV 11, 1999",24.0,1,Syracuse,2023-24,1610612765,DET,Detroit Pistons,77.0,https://cdn.nba.com/headshots/nba/latest/1040x760/1631205.png,https://cdn.nba.com/logos/nba/1610612765/primary/L/logo.svg
1630595,Cade Cunningham,cade-cunningham,2,G,6-6,220,"SEP 25, 2001",22.0,2,Oklahoma State,2023-24,1610612765,DET,Detroit Pistons,78.0,https://cdn.nba.com/headshots/nba/latest/1040x760/1630595.png,https://cdn.nba.com/logos/nba/1610612765/primary/L/logo.svg
1629002,Chimezie Metu,chimezie-metu,4,F-C,6-10,225,"MAR 22, 1997",27.0,5,USC,2023-24,1610612765,DET,Detroit Pistons,82.0,https://cdn.nba.com/headshots/nba/latest/1040x760/1629002.png,https://cdn.nba.com/logos/nba/1610612765/primary/L/logo.svg
203095,Evan Fournier,evan-fournier,31,G-F,6-6,205,"OCT 29, 1992",31.0,11,Poitiers Basket 86,2023-24,1610612765,DET,Detroit Pistons,78.0,https://cdn.nba.com/headshots/nba/latest/1040x760/203095.png,https://cdn.nba.com/logos/nba/1610612765/primary/L/logo.svg
1630191,Isaiah Stewart,isaiah-stewart,28,F-C,6-8,250,"MAY 22, 2001",23.0,3,Washington,2023-24,1610612765,DET,Detroit Pistons,80.0,https://cdn.nba.com/headshots/nba/latest/1040x760/1630191.png,https://cdn.nba.com/logos/nba/1610612765/primary/L/logo.svg
1631093,Jaden Ivey,jaden-ivey,23,G,6-4,195,"FEB 13, 2002",22.0,1,Purdue,2023-24,1610612765,DET,Detroit Pistons,76.0,https://cdn.nba.com/headshots/nba/latest/1040x760/1631093.png,https://cdn.nba.com/logos/nba/1610612765/primary/L/logo.svg
1631105,Jalen Duren,jalen-duren,0,C,6-10,250,"NOV 18, 2003",20.0,1,Memphis,2023-24,1610612765,DET,Detroit Pistons,82.0,https://cdn.nba.com/headshots/nba/latest/1040x760/1631105.png,https://cdn.nba.com/logos/nba/1610612765/primary/L/logo.svg
1630164,James Wiseman,james-wiseman,13,C,6-11,240,"MAR 31, 2001",23.0,3,Memphis,2023-24,1610612765,DET,Detroit Pistons,83.0,https://cdn.nba.com/headshots/nba/latest/1040x760/1630164.png,https://cdn.nba.com/logos/nba/1610612765/primary/L/logo.svg
1631197,Jared Rhoden,jared-rhoden,8,G,6-5,210,"AUG 27, 1999",24.0,1,Seton Hall,2023-24,1610612765,DET,Detroit Pistons,77.0,https://cdn.nba.com/headshots/nba/latest/1040x760/1631197.png,https://cdn.nba.com/logos/nba/1610612765/primary/L/logo.svg
1630201,Malachi Flynn,malachi-flynn,18,G,6-1,185,"MAY 09, 1998",26.0,3,San Diego State,2023-24,1610612765,DET,Detroit Pistons,73.0,https://cdn.nba.com/headshots/nba/latest/1040x760/1630201.png,https://cdn.nba.com/logos/nba/1610612765/primary/L/logo.svg
1631204,Marcus Sasser,marcus-sasser,25,G,6-2,195,"SEP 21, 2000",23.0,R,Houston,2023-24,1610612765,DET,Detroit Pistons,74.0,https://cdn.nba.com/headshots/nba/latest/1040x760/1631204.png,https://cdn.nba.com/logos/nba/1610612765/primary/L/logo.svg
1629656,Quentin Grimes,quentin-grimes,24,G,6-5,210,"MAY 08, 2000",24.0,2,Houston,2023-24,1610612765,DET,Detroit Pistons,77.0,https://cdn.nba.com/headshots/nba/latest/1040x760/1629656.png,https://cdn.nba.com/logos/nba/1610612765/primary/L/logo.svg
1631323,Simone Fontecchio,simone-fontecchio,19,F,6-7,209,"DEC 09, 1995",28.0,1,Baskonia,2023-24,1610612765,DET,Detroit Pistons,79.0,https://cdn.nba.com/headshots/nba/latest/1040x760/1631323.png,https://cdn.nba.com/logos/nba/1610612765/primary/L/logo.svg
1630649,Stanley Umude,stanley-umude,17,G,6-6,210,"APR 12, 1999",25.0,1,Arkansas,2023-24,1610612765,DET,Detroit Pistons,78.0,https://cdn.nba.com/headshots/nba/latest/1040x760/1630649.png,https://cdn.nba.com/logos/nba/1610612765/primary/L/logo.svg
201959,Taj Gibson,taj-gibson,67,F,6-9,232,"JUN 24, 1985",39.0,14,Southern California,2023-24,1610612765,DET,Detroit Pistons,81.0,https://cdn.nba.com/headshots/nba/latest/1040x760/201959.png,https://cdn.nba.com/logos/nba/1610612765/primary/L/logo.svg
1641787,Tosan Evbuomwan,tosan-evbuomwan,18,F,6-7,217,"FEB 16, 2001",23.0,R,Princeton,2023-24,1610612765,DET,Detroit Pistons,79.0,https://cdn.nba.com/headshots/nba/latest/1040x760/1641787.png,https://cdn.nba.com/logos/nba/1610612765/primary/L/logo.svg
1628972,Troy Brown Jr.,troy-brown-jr,7,G-F,6-7,215,"JUL 28, 1999",24.0,5,Oregon,2023-24,1610612765,DET,Detroit Pistons,79.0,https://cdn.nba.com/headshots/nba/latest/1040x760/1628972.png,https://cdn.nba.com/logos/nba/1610612765/primary/L/logo.svg
203952,Andrew Wiggins,andrew-wiggins,22,F,6-7,197,"FEB 23, 1995",29.0,9,Kansas,2023-24,1610612744,GSW,Golden State Warriors,79.0,https://cdn.nba.com/headshots/nba/latest/1040x760/203952.png,https://cdn.nba.com/logos/nba/1610612744/primary/L/logo.svg
1641764,Brandin Podziemski,brandin-podziemski,2,G,6-4,205,"FEB 25, 2003",21.0,R,Santa Clara,2023-24,1610612744,GSW,Golden State Warriors,76.0,https://cdn.nba.com/headshots/nba/latest/1040x760/1641764.png,https://cdn.nba.com/logos/nba/1610612744/primary/L/logo.svg
101108,Chris Paul,chris-paul,3,G,6-0,175,"MAY 06, 1985",39.0,18,Wake Forest,2023-24,1610612744,GSW,Golden State Warriors,72.0,https://cdn.nba.com/headshots/nba/latest/1040x760/101108.png,https://cdn.nba.com/logos/nba/1610612744/primary/L/logo.svg
203967,Dario Šarić,dario-šarić,20,F-C,6-10,225,"APR 08, 1994",30.0,7,Anadolu Efes,2023-24,1610612744,GSW,Golden State Warriors,82.0,https://cdn.nba.com/headshots/nba/latest/1040x760/203967.png,https://cdn.nba.com/logos/nba/1610612744/primary/L/logo.svg
203110,Draymond Green,draymond-green,23,F,6-6,230,"MAR 04, 1990",34.0,11,Michigan State,2023-24,1610612744,GSW,Golden State Warriors,78.0,https://cdn.nba.com/headshots/nba/latest/1040x760/203110.png,https://cdn.nba.com/logos/nba/1610612744/primary/L/logo.svg
1627780,Gary Payton II,gary-payton-ii,0,G,6-2,195,"DEC 01, 1992",31.0,7,Oregon State,2023-24,1610612744,GSW,Golden State Warriors,74.0,https://cdn.nba.com/headshots/nba/latest/1040x760/1627780.png,https://cdn.nba.com/logos/nba/1610612744/primary/L/logo.svg
1630611,Gui Santos,gui-santos,15,F,6-6,185,"JUN 22, 2002",22.0,R,Minas,2023-24,1610612744,GSW,Golden State Warriors,78.0,https://cdn.nba.com/headshots/nba/latest/1040x760/1630611.png,https://cdn.nba.com/logos/nba/1610612744/primary/L/logo.svg
1629010,Jerome Robinson,jerome-robinson,18,G,6-5,190,"FEB 22, 1997",27.0,3,Boston College,2023-24,1610612744,GSW,Golden State Warriors,77.0,https://cdn.nba.com/headshots/nba/latest/1040x760/1629010.png,https://cdn.nba.com/logos/nba/1610612744/primary/L/logo.svg
1630228,Jonathan Kuminga,jonathan-kuminga,00,F,6-7,225,"OCT 06, 2002",21.0,2,NBA G League Ignite,2023-24,1610612744,GSW,Golden State Warriors,79.0,https://cdn.nba.com/headshots/nba/latest/1040x760/1630228.png,https://cdn.nba.com/logos/nba/1610612744/primary/L/logo.svg
1626172,Kevon Looney,kevon-looney,5,F,6-9,222,"FEB 06, 1996",28.0,8,UCLA,2023-24,1610612744,GSW,Golden State Warriors,81.0,https://cdn.nba.com/headshots/nba/latest/1040x760/1626172.png,https://cdn.nba.com/logos/nba/1610612744/primary/L/logo.svg
202691,Klay Thompson,klay-thompson,11,G,6-6,220,"FEB 08, 1990",34.0,12,Washington State,2023-24,1610612744,GSW,Golden State Warriors,78.0,https://cdn.nba.com/headshots/nba/latest/1040x760/202691.png,https://cdn.nba.com/logos/nba/1610612744/primary/L/logo.svg
1631311,Lester Quinones,lester-quinones,25,G,6-4,208,"NOV 16, 2000",23.0,1,Memphis,2023-24,1610612744,GSW,Golden State Warriors,76.0,https://cdn.nba.com/headshots/nba/latest/1040x760/1631311.png,https://cdn.nba.com/logos/nba/1610612744/primary/L/logo.svg
1630541,Moses Moody,moses-moody,4,G,6-5,211,"MAY 31, 2002",22.0,2,Arkansas,2023-24,1610612744,GSW,Golden State Warriors,77.0,https://cdn.nba.com/headshots/nba/latest/1040x760/1630541.png,https://cdn.nba.com/logos/nba/1610612744/primary/L/logo.svg
1630311,Pat Spencer,pat-spencer,61,G,6-3,205,"JUL 04, 1996",27.0,R,Northwestern,2023-24,1610612744,GSW,Golden State Warriors,75.0,https://cdn.nba.com/headshots/nba/latest/1040x760/1630311.png,https://cdn.nba.com/logos/nba/1610612744/primary/L/logo.svg
201939,Stephen Curry,stephen-curry,30,G,6-2,185,"MAR 14, 1988",36.0,14,Davidson,2023-24,1610612744,GSW,Golden State Warriors,74.0,https://cdn.nba.com/headshots/nba/latest/1040x760/201939.png,https://cdn.nba.com/logos/nba/1610612744/primary/L/logo.svg
1631218,Trayce Jackson-Davis,trayce-jackson-davis,32,F,6-9,245,"FEB 22, 2000",24.0,R,Indiana,2023-24,1610612744,GSW,Golden State Warriors,81.0,https://cdn.nba.com/headshots/nba/latest/1040x760/1631218.png,https://cdn.nba.com/logos/nba/1610612744/primary/L/logo.svg
1630586,Usman Garuba,usman-garuba,12,F,6-8,229,"MAR 09, 2002",22.0,2,Real Madrid,2023-24,1610612744,GSW,Golden State Warriors,80.0,https://cdn.nba.com/headshots/nba/latest/1040x760/1630586.png,https://cdn.nba.com/logos/nba/1610612744/primary/L/logo.svg
1628988,Aaron Holiday,aaron-holiday,0,G,6-0,185,"SEP 30, 1996",27.0,5,UCLA,2023-24,1610612745,HOU,Houston Rockets,72.0,https://cdn.nba.com/headshots/nba/latest/1040x760/1628988.png,https://cdn.nba.com/logos/nba/1610612745/primary/L/logo.svg
1630578,Alperen Sengun,alperen-sengun,28,C,6-11,243,"JUL 25, 2002",21.0,2,Besiktas,2023-24,1610612745,HOU,Houston Rockets,83.0,https://cdn.nba.com/headshots/nba/latest/1040x760/1630578.png,https://cdn.nba.com/logos/nba/1610612745/primary/L/logo.svg
1641708,Amen Thompson,amen-thompson,1,G-F,6-7,200,"JAN 30, 2003",21.0,R,Overtime Elite,2023-24,1610612745,HOU,Houston Rockets,79.0,https://cdn.nba.com/headshots/nba/latest/1040x760/1641708.png,https://cdn.nba.com/logos/nba/1610612745/primary/L/logo.svg
1626246,Boban Marjanovic,boban-marjanovic,51,C,7-4,290,"AUG 15, 1988",35.0,8,Crvena zvezda,2023-24,1610612745,HOU,Houston Rockets,88.0,https://cdn.nba.com/headshots/nba/latest/1040x760/1626246.png,https://cdn.nba.com/logos/nba/1610612745/primary/L/logo.svg
1641715,Cam Whitmore,cam-whitmore,7,F,6-7,230,"JUL 08, 2004",19.0,R,Villanova,2023-24,1610612745,HOU,Houston Rockets,79.0,https://cdn.nba.com/headshots/nba/latest/1040x760/1641715.png,https://cdn.nba.com/logos/nba/1610612745/primary/L/logo.svg
1628415,Dillon Brooks,dillon-brooks,9,G-F,6-6,225,"JAN 22, 1996",28.0,6,Oregon,2023-24,1610612745,HOU,Houston Rockets,78.0,https://cdn.nba.com/headshots/nba/latest/1040x760/1628415.png,https://cdn.nba.com/logos/nba/1610612745/primary/L/logo.svg
1627832,Fred VanVleet,fred-vanvleet,5,G,6-0,197,"FEB 25, 1994",30.0,7,Wichita State,2023-24,1610612745,HOU,Houston Rockets,72.0,https://cdn.nba.com/headshots/nba/latest/1040x760/1627832.png,https://cdn.nba.com/logos/nba/1610612745/primary/L/logo.svg
1631095,Jabari Smith Jr.,jabari-smith-jr,10,F,6-11,220,"MAY 13, 2003",21.0,1,Auburn,2023-24,1610612745,HOU,Houston Rockets,83.0,https://cdn.nba.com/headshots/nba/latest/1040x760/1631095.png,https://cdn.nba.com/logos/nba/1610612745/primary/L/logo.svg
1630256,Jae'Sean Tate,jaesean-tate,8,F,6-4,230,"OCT 28, 1995",28.0,3,Ohio State,2023-24,1610612745,HOU,Houston Rockets,76.0,https://cdn.nba.com/headshots/nba/latest/1040x760/1630256.png,https://cdn.nba.com/logos/nba/1610612745/primary/L/logo.svg
1630224,Jalen Green,jalen-green,4,G,6-4,186,"FEB 09, 2002",22.0,2,NBA G League Ignite,2023-24,1610612745,HOU,Houston Rockets,76.0,https://cdn.nba.com/headshots/nba/latest/1040x760/1630224.png,https://cdn.nba.com/logos/nba/1610612745/primary/L/logo.svg
201145,Jeff Green,jeff-green,32,F,6-8,235,"AUG 28, 1986",37.0,16,Georgetown,2023-24,1610612745,HOU,Houston Rockets,80.0,https://cdn.nba.com/headshots/nba/latest/1040x760/201145.png,https://cdn.nba.com/logos/nba/1610612745/primary/L/logo.svg
1631257,Jermaine Samuels Jr.,jermaine-samuels-jr,00,F,6-6,230,"NOV 13, 1998",25.0,R,Villanova,2023-24,1610612745,HOU,Houston Rockets,78.0,https://cdn.nba.com/headshots/nba/latest/1040x760/1631257.png,https://cdn.nba.com/logos/nba/1610612745/primary/L/logo.svg
1629111,Jock Landale,jock-landale,2,C,6-11,255,"OCT 25, 1995",28.0,2,St. Mary's,2023-24,1610612745,HOU,Houston Rockets,83.0,https://cdn.nba.com/headshots/nba/latest/1040x760/1629111.png,https://cdn.nba.com/logos/nba/1610612745/primary/L/logo.svg
1630207,Nate Hinton,nate-hinton,14,G-F,6-5,210,"JUN 08, 1999",25.0,2,Houston,2023-24,1610612745,HOU,Houston Rockets,77.0,https://cdn.nba.com/headshots/nba/latest/1040x760/1630207.png,https://cdn.nba.com/logos/nba/1610612745/primary/L/logo.svg
1631466,Nate Williams,nate-williams,19,G,6-5,205,"FEB 12, 1999",25.0,1,Buffalo,2023-24,1610612745,HOU,Houston Rockets,77.0,https://cdn.nba.com/headshots/nba/latest/1040x760/1631466.png,https://cdn.nba.com/logos/nba/1610612745/primary/L/logo.svg
203493,Reggie Bullock Jr.,reggie-bullock-jr,25,G-F,6-6,205,"MAR 16, 1991",33.0,10,North Carolina,2023-24,1610612745,HOU,Houston Rockets,78.0,https://cdn.nba.com/headshots/nba/latest/1040x760/203493.png,https://cdn.nba.com/logos/nba/1610612745/primary/L/logo.svg
203500,Steven Adams,steven-adams,12,C,6-11,265,"JUL 20, 1993",30.0,10,Pittsburgh,2023-24,1610612745,HOU,Houston Rockets,83.0,https://cdn.nba.com/headshots/nba/latest/1040x760/203500.png,https://cdn.nba.com/logos/nba/1610612745/primary/L/logo.svg
1631106,Tari Eason,tari-eason,17,F,6-8,215,"MAY 10, 2001",23.0,1,Louisiana State,2023-24,1610612745,HOU,Houston Rockets,80.0,https://cdn.nba.com/headshots/nba/latest/1040x760/1631106.png,https://cdn.nba.com/logos/nba/1610612745/primary/L/logo.svg
1630174,Aaron Nesmith,aaron-nesmith,23,G-F,6-6,215,"OCT 16, 1999",24.0,3,Vanderbilt,2023-24,1610612754,IND,Indiana Pacers,78.0,https://cdn.nba.com/headshots/nba/latest/1040x760/1630174.png,https://cdn.nba.com/logos/nba/1610612754/primary/L/logo.svg
1629614,Andrew Nembhard,andrew-nembhard,2,G-F,6-4,191,"JAN 16, 2000",24.0,1,Gonzaga,2023-24,1610612754,IND,Indiana Pacers,76.0,https://cdn.nba.com/headshots/nba/latest/1040x760/1629614.png,https://cdn.nba.com/logos/nba/1610612754/primary/L/logo.svg
1641767,Ben Sheppard,ben-sheppard,26,G,6-6,190,"JUL 16, 2001",22.0,R,Belmont,2023-24,1610612754,IND,Indiana Pacers,78.0,https://cdn.nba.com/headshots/nba/latest/1040x760/1641767.png,https://cdn.nba.com/logos/nba/1610612754/primary/L/logo.svg
1631097,Bennedict Mathurin,bennedict-mathurin,00,G-F,6-5,210,"JUN 19, 2002",22.0,1,Arizona,2023-24,1610612754,IND,Indiana Pacers,77.0,https://cdn.nba.com/headshots/nba/latest/1040x760/1631097.png,https://cdn.nba.com/logos/nba/1610612754/primary/L/logo.svg
203926,Doug McDermott,doug-mcdermott,20,F,6-6,225,"JAN 03, 1992",32.0,9,Creighton,2023-24,1610612754,IND,Indiana Pacers,78.0,https://cdn.nba.com/headshots/nba/latest/1040x760/203926.png,https://cdn.nba.com/logos/nba/1610612754/primary/L/logo.svg
1630543,Isaiah Jackson,isaiah-jackson,22,F,6-9,205,"JAN 10, 2002",22.0,2,Kentucky,2023-24,1610612754,IND,Indiana Pacers,81.0,https://cdn.nba.com/headshots/nba/latest/1040x760/1630543.png,https://cdn.nba.com/logos/nba/1610612754/primary/L/logo.svg
1631209,Isaiah Wong,isaiah-wong,21,G,6-3,185,"JAN 28, 2001",23.0,R,Miami,2023-24,1610612754,IND,Indiana Pacers,75.0,https://cdn.nba.com/headshots/nba/latest/1040x760/1631209.png,https://cdn.nba.com/logos/nba/1610612754/primary/L/logo.svg
1630188,Jalen Smith,jalen-smith,25,F-C,6-9,215,"MAR 16, 2000",24.0,3,Maryland,2023-24,1610612754,IND,Indiana Pacers,81.0,https://cdn.nba.com/headshots/nba/latest/1040x760/1630188.png,https://cdn.nba.com/logos/nba/1610612754/primary/L/logo.svg
201949,James Johnson,james-johnson,16,F,6-7,240,"FEB 20, 1987",37.0,14,Wake Forest,2023-24,1610612754,IND,Indiana Pacers,79.0,https://cdn.nba.com/headshots/nba/latest/1040x760/201949.png,https://cdn.nba.com/logos/nba/1610612754/primary/L/logo.svg
1641716,Jarace Walker,jarace-walker,5,F,6-7,235,"SEP 04, 2003",20.0,R,Houston,2023-24,1610612754,IND,Indiana Pacers,79.0,https://cdn.nba.com/headshots/nba/latest/1040x760/1641716.png,https://cdn.nba.com/logos/nba/1610612754/primary/L/logo.svg
1631112,Kendall Brown,kendall-brown,10,G,6-7,205,"MAY 11, 2003",21.0,1,Baylor,2023-24,1610612754,IND,Indiana Pacers,79.0,https://cdn.nba.com/headshots/nba/latest/1040x760/1631112.png,https://cdn.nba.com/logos/nba/1610612754/primary/L/logo.svg
1626167,Myles Turner,myles-turner,33,C-F,6-11,250,"MAR 24, 1996",28.0,8,Texas,2023-24,1610612754,IND,Indiana Pacers,83.0,https://cdn.nba.com/headshots/nba/latest/1040x760/1626167.png,https://cdn.nba.com/logos/nba/1610612754/primary/L/logo.svg
1630167,Obi Toppin,obi-toppin,1,F,6-9,220,"MAR 04, 1998",26.0,3,Dayton,2023-24,1610612754,IND,Indiana Pacers,81.0,https://cdn.nba.com/headshots/nba/latest/1040x760/1630167.png,https://cdn.nba.com/logos/nba/1610612754/primary/L/logo.svg
1631131,Oscar Tshiebwe,oscar-tshiebwe,44,F-C,6-8,255,"NOV 27, 1999",24.0,R,Kentucky,2023-24,1610612754,IND,Indiana Pacers,80.0,https://cdn.nba.com/headshots/nba/latest/1040x760/1631131.png,https://cdn.nba.com/logos/nba/1610612754/primary/L/logo.svg
1627783,Pascal Siakam,pascal-siakam,43,F,6-8,245,"APR 02, 1994",30.0,7,New Mexico State,2023-24,1610612754,IND,Indiana Pacers,80.0,https://cdn.nba.com/headshots/nba/latest/1040x760/1627783.png,https://cdn.nba.com/logos/nba/1610612754/primary/L/logo.svg
1631245,Quenton Jackson,quenton-jackson,29,G,6-5,173,"SEP 15, 1998",25.0,1,Texas A&M,2023-24,1610612754,IND,Indiana Pacers,77.0,https://cdn.nba.com/headshots/nba/latest/1040x760/1631245.png,https://cdn.nba.com/logos/nba/1610612754/primary/L/logo.svg
204456,T.J. McConnell,tj-mcconnell,9,G,6-1,190,"MAR 25, 1992",32.0,8,Arizona,2023-24,1610612754,IND,Indiana Pacers,73.0,https://cdn.nba.com/headshots/nba/latest/1040x760/204456.png,https://cdn.nba.com/logos/nba/1610612754/primary/L/logo.svg
1630169,Tyrese Haliburton,tyrese-haliburton,0,G,6-5,185,"FEB 29, 2000",24.0,3,Iowa State,2023-24,1610612754,IND,Indiana Pacers,77.0,https://cdn.nba.com/headshots/nba/latest/1040x760/1630169.png,https://cdn.nba.com/logos/nba/1610612754/primary/L/logo.svg
1629599,Amir Coffey,amir-coffey,7,G-F,6-7,210,"JUN 17, 1997",27.0,4,Minnesota,2023-24,1610612746,LAC,Los Angeles Clippers,79.0,https://cdn.nba.com/headshots/nba/latest/1040x760/1629599.png,https://cdn.nba.com/logos/nba/1610612746/primary/L/logo.svg
1630538,Bones Hyland,bones-hyland,5,G,6-2,169,"SEP 14, 2000",23.0,2,Virginia Commonwealth,2023-24,1610612746,LAC,Los Angeles Clippers,74.0,https://cdn.nba.com/headshots/nba/latest/1040x760/1630538.png,https://cdn.nba.com/logos/nba/1610612746/primary/L/logo.svg
1630527,Brandon Boston,brandon-boston,4,G,6-6,188,"NOV 28, 2001",22.0,2,Kentucky,2023-24,1610612746,LAC,Los Angeles Clippers,78.0,https://cdn.nba.com/headshots/nba/latest/1040x760/1630527.png,https://cdn.nba.com/logos/nba/1610612746/primary/L/logo.svg
1628464,Daniel Theis,daniel-theis,10,F-C,6-8,245,"APR 04, 1992",32.0,6,Brose Bamberg,2023-24,1610612746,LAC,Los Angeles Clippers,80.0,https://cdn.nba.com/headshots/nba/latest/1040x760/1628464.png,https://cdn.nba.com/logos/nba/1610612746/primary/L/logo.svg
1627826,Ivica Zubac,ivica-zubac,40,C,7-0,240,"MAR 18, 1997",27.0,7,Mega Basket,2023-24,1610612746,LAC,Los Angeles Clippers,84.0,https://cdn.nba.com/headshots/nba/latest/1040x760/1627826.png,https://cdn.nba.com/logos/nba/1610612746/primary/L/logo.svg
201935,James Harden,james-harden,1,G,6-5,220,"AUG 26, 1989",34.0,14,Arizona State,2023-24,1610612746,LAC,Los Angeles Clippers,77.0,https://cdn.nba.com/headshots/nba/latest/1040x760/201935.png,https://cdn.nba.com/logos/nba/1610612746/primary/L/logo.svg
1641757,Jordan Miller,jordan-miller,11,G,6-5,194,"JAN 23, 2000",24.0,R,Miami,2023-24,1610612746,LAC,Los Angeles Clippers,77.0,https://cdn.nba.com/headshots/nba/latest/1040x760/1641757.png,https://cdn.nba.com/logos/nba/1610612746/primary/L/logo.svg
1630539,Kai Jones,kai-jones,23,C-F,6-11,221,"JAN 19, 2001",23.0,2,Texas,2023-24,1610612746,LAC,Los Angeles Clippers,83.0,https://cdn.nba.com/headshots/nba/latest/1040x760/1630539.png,https://cdn.nba.com/logos/nba/1610612746/primary/L/logo.svg
202695,Kawhi Leonard,kawhi-leonard,2,F,6-7,225,"JUN 29, 1991",33.0,12,San Diego State,2023-24,1610612746,LAC,Los Angeles Clippers,79.0,https://cdn.nba.com/headshots/nba/latest/1040x760/202695.png,https://cdn.nba.com/logos/nba/1610612746/primary/L/logo.svg
1641738,Kobe Brown,kobe-brown,21,F,6-7,250,"JAN 01, 2000",24.0,R,Missouri,2023-24,1610612746,LAC,Los Angeles Clippers,79.0,https://cdn.nba.com/headshots/nba/latest/1040x760/1641738.png,https://cdn.nba.com/logos/nba/1610612746/primary/L/logo.svg
203486,Mason Plumlee,mason-plumlee,44,F-C,6-10,254,"MAR 05, 1990",34.0,10,Duke,2023-24,1610612746,LAC,Los Angeles Clippers,82.0,https://cdn.nba.com/headshots/nba/latest/1040x760/203486.png,https://cdn.nba.com/logos/nba/1610612746/primary/L/logo.svg
1631217,Moussa Diabaté,moussa-diabaté,25,F,6-9,210,"JAN 21, 2002",22.0,1,Michigan,2023-24,1610612746,LAC,Los Angeles Clippers,81.0,https://cdn.nba.com/headshots/nba/latest/1040x760/1631217.png,https://cdn.nba.com/logos/nba/1610612746/primary/L/logo.svg
1626181,Norman Powell,norman-powell,24,G,6-4,215,"MAY 25, 1993",31.0,8,UCLA,2023-24,1610612746,LAC,Los Angeles Clippers,76.0,https://cdn.nba.com/headshots/nba/latest/1040x760/1626181.png,https://cdn.nba.com/logos/nba/1610612746/primary/L/logo.svg
200782,P.J. Tucker,pj-tucker,17,F,6-5,245,"MAY 05, 1985",39.0,12,Texas,2023-24,1610612746,LAC,Los Angeles Clippers,77.0,https://cdn.nba.com/headshots/nba/latest/1040x760/200782.png,https://cdn.nba.com/logos/nba/1610612746/primary/L/logo.svg
202331,Paul George,paul-george,13,F,6-8,220,"MAY 02, 1990",34.0,13,Fresno State,2023-24,1610612746,LAC,Los Angeles Clippers,80.0,https://cdn.nba.com/headshots/nba/latest/1040x760/202331.png,https://cdn.nba.com/logos/nba/1610612746/primary/L/logo.svg
201566,Russell Westbrook,russell-westbrook,0,G,6-4,200,"NOV 12, 1988",35.0,15,UCLA,2023-24,1610612746,LAC,Los Angeles Clippers,76.0,https://cdn.nba.com/headshots/nba/latest/1040x760/201566.png,https://cdn.nba.com/logos/nba/1610612746/primary/L/logo.svg
1629611,Terance Mann,terance-mann,14,G-F,6-5,215,"OCT 18, 1996",27.0,4,Florida State,2023-24,1610612746,LAC,Los Angeles Clippers,77.0,https://cdn.nba.com/headshots/nba/latest/1040x760/1629611.png,https://cdn.nba.com/logos/nba/1610612746/primary/L/logo.svg
1629875,Xavier Moon,xavier-moon,22,G,6-0,165,"JAN 02, 1995",29.0,2,Morehead State,2023-24,1610612746,LAC,Los Angeles Clippers,72.0,https://cdn.nba.com/headshots/nba/latest/1040x760/1629875.png,https://cdn.nba.com/logos/nba/1610612746/primary/L/logo.svg
203076,Anthony Davis,anthony-davis,3,F-C,6-10,253,"MAR 11, 1993",31.0,11,Kentucky,2023-24,1610612747,LAL,Los Angeles Lakers,82.0,https://cdn.nba.com/headshots/nba/latest/1040x760/203076.png,https://cdn.nba.com/logos/nba/1610612747/primary/L/logo.svg
1630559,Austin Reaves,austin-reaves,15,G,6-5,197,"MAY 29, 1998",26.0,2,Oklahoma,2023-24,1610612747,LAL,Los Angeles Lakers,77.0,https://cdn.nba.com/headshots/nba/latest/1040x760/1630559.png,https://cdn.nba.com/logos/nba/1610612747/primary/L/logo.svg
1629629,Cam Reddish,cam-reddish,5,F-G,6-7,217,"SEP 01, 1999",24.0,4,Duke,2023-24,1610612747,LAL,Los Angeles Lakers,79.0,https://cdn.nba.com/headshots/nba/latest/1040x760/1629629.png,https://cdn.nba.com/logos/nba/1610612747/primary/L/logo.svg
1626174,Christian Wood,christian-wood,35,F,6-8,214,"SEP 27, 1995",28.0,7,UNLV,2023-24,1610612747,LAL,Los Angeles Lakers,80.0,https://cdn.nba.com/headshots/nba/latest/1040x760/1626174.png,https://cdn.nba.com/logos/nba/1610612747/primary/L/logo.svg
1630658,Colin Castleton,colin-castleton,14,C,6-10,250,"MAY 25, 2000",24.0,R,Florida,2023-24,1610612747,LAL,Los Angeles Lakers,82.0,https://cdn.nba.com/headshots/nba/latest/1040x760/1630658.png,https://cdn.nba.com/logos/nba/1610612747/primary/L/logo.svg
1626156,D'Angelo Russell,dangelo-russell,1,G,6-3,193,"FEB 23, 1996",28.0,8,Ohio State,2023-24,1610612747,LAL,Los Angeles Lakers,75.0,https://cdn.nba.com/headshots/nba/latest/1040x760/1626156.png,https://cdn.nba.com/logos/nba/1610612747/primary/L/logo.svg
1629216,Gabe Vincent,gabe-vincent,7,G,6-2,200,"JUN 14, 1996",28.0,4,California-Santa Barbara,2023-24,1610612747,LAL,Los Angeles Lakers,74.0,https://cdn.nba.com/headshots/nba/latest/1040x760/1629216.png,https://cdn.nba.com/logos/nba/1610612747/primary/L/logo.svg
1628385,Harry Giles III,harry-giles-iii,20,F-C,6-10,240,"APR 22, 1998",26.0,3,Duke,2023-24,1610612747,LAL,Los Angeles Lakers,82.0,https://cdn.nba.com/headshots/nba/latest/1040x760/1628385.png,https://cdn.nba.com/logos/nba/1610612747/primary/L/logo.svg
1641720,Jalen Hood-Schifino,jalen-hood-schifino,0,G,6-5,215,"JUN 19, 2003",21.0,R,Indiana,2023-24,1610612747,LAL,Los Angeles Lakers,77.0,https://cdn.nba.com/headshots/nba/latest/1040x760/1641720.png,https://cdn.nba.com/logos/nba/1610612747/primary/L/logo.svg
1629020,Jarred Vanderbilt,jarred-vanderbilt,2,F,6-8,214,"APR 03, 1999",25.0,5,Kentucky,2023-24,1610612747,LAL,Los Angeles Lakers,80.0,https://cdn.nba.com/headshots/nba/latest/1040x760/1629020.png,https://cdn.nba.com/logos/nba/1610612747/primary/L/logo.svg
1629637,Jaxson Hayes,jaxson-hayes,11,C-F,7-0,220,"MAY 23, 2000",24.0,4,Texas,2023-24,1610612747,LAL,Los Angeles Lakers,84.0,https://cdn.nba.com/headshots/nba/latest/1040x760/1629637.png,https://cdn.nba.com/logos/nba/1610612747/primary/L/logo.svg
2544,LeBron James,lebron-james,23,F,6-9,250,"DEC 30, 1984",39.0,20,St. Vincent-St. Mary HS (OH),2023-24,1610612747,LAL,Los Angeles Lakers,81.0,https://cdn.nba.com/headshots/nba/latest/1040x760/2544.png,https://cdn.nba.com/logos/nba/1610612747/primary/L/logo.svg
1631108,Max Christie,max-christie,10,G,6-5,190,"FEB 10, 2003",21.0,1,Michigan State,2023-24,1610612747,LAL,Los Angeles Lakers,77.0,https://cdn.nba.com/headshots/nba/latest/1040x760/1631108.png,https://cdn.nba.com/logos/nba/1610612747/primary/L/logo.svg
1641721,Maxwell Lewis,maxwell-lewis,21,F,6-7,195,"JUL 27, 2002",21.0,R,Pepperdine,2023-24,1610612747,LAL,Los Angeles Lakers,79.0,https://cdn.nba.com/headshots/nba/latest/1040x760/1641721.png,https://cdn.nba.com/logos/nba/1610612747/primary/L/logo.svg
1629060,Rui Hachimura,rui-hachimura,28,F,6-8,230,"FEB 08, 1998",26.0,4,Gonzaga,2023-24,1610612747,LAL,Los Angeles Lakers,80.0,https://cdn.nba.com/headshots/nba/latest/1040x760/1629060.png,https://cdn.nba.com/logos/nba/1610612747/primary/L/logo.svg
1630219,Skylar Mays,skylar-mays,4,G,6-3,205,"SEP 05, 1997",26.0,3,Louisiana State,2023-24,1610612747,LAL,Los Angeles Lakers,75.0,https://cdn.nba.com/headshots/nba/latest/1040x760/1630219.png,https://cdn.nba.com/logos/nba/1610612747/primary/L/logo.svg
203915,Spencer Dinwiddie,spencer-dinwiddie,26,G,6-5,215,"APR 06, 1993",31.0,9,Colorado,2023-24,1610612747,LAL,Los Angeles Lakers,77.0,https://cdn.nba.com/headshots/nba/latest/1040x760/203915.png,https://cdn.nba.com/logos/nba/1610612747/primary/L/logo.svg
1627752,Taurean Prince,taurean-prince,12,F,6-6,218,"MAR 22, 1994",30.0,7,Baylor,2023-24,1610612747,LAL,Los Angeles Lakers,78.0,https://cdn.nba.com/headshots/nba/latest/1040x760/1627752.png,https://cdn.nba.com/logos/nba/1610612747/primary/L/logo.svg
1629634,Brandon Clarke,brandon-clarke,15,F,6-8,215,"SEP 19, 1996",27.0,4,Gonzaga,2023-24,1610612763,MEM,Memphis Grizzlies,80.0,https://cdn.nba.com/headshots/nba/latest/1040x760/1629634.png,https://cdn.nba.com/logos/nba/1610612763/primary/L/logo.svg
201565,Derrick Rose,derrick-rose,23,G,6-3,200,"OCT 04, 1988",35.0,14,Memphis,2023-24,1610612763,MEM,Memphis Grizzlies,75.0,https://cdn.nba.com/headshots/nba/latest/1040x760/201565.png,https://cdn.nba.com/logos/nba/1610612763/primary/L/logo.svg
1630217,Desmond Bane,desmond-bane,22,G,6-5,215,"JUN 25, 1998",26.0,3,TCU,2023-24,1610612763,MEM,Memphis Grizzlies,77.0,https://cdn.nba.com/headshots/nba/latest/1040x760/1630217.png,https://cdn.nba.com/logos/nba/1610612763/primary/L/logo.svg
1641713,GG Jackson,gg-jackson,45,F,6-9,210,"DEC 17, 2004",19.0,R,South Carolina,2023-24,1610612763,MEM,Memphis Grizzlies,81.0,https://cdn.nba.com/headshots/nba/latest/1040x760/1641713.png,https://cdn.nba.com/logos/nba/1610612763/primary/L/logo.svg
1629630,Ja Morant,ja-morant,12,G,6-2,174,"AUG 10, 1999",24.0,4,Murray State,2023-24,1610612763,MEM,Memphis Grizzlies,74.0,https://cdn.nba.com/headshots/nba/latest/1040x760/1629630.png,https://cdn.nba.com/logos/nba/1610612763/primary/L/logo.svg
1631222,Jake LaRavia,jake-laravia,3,F,6-7,235,"NOV 03, 2001",22.0,1,Wake Forest,2023-24,1610612763,MEM,Memphis Grizzlies,79.0,https://cdn.nba.com/headshots/nba/latest/1040x760/1631222.png,https://cdn.nba.com/logos/nba/1610612763/primary/L/logo.svg
1628991,Jaren Jackson Jr.,jaren-jackson-jr,13,F-C,6-10,242,"SEP 15, 1999",24.0,5,Michigan State,2023-24,1610612763,MEM,Memphis Grizzlies,82.0,https://cdn.nba.com/headshots/nba/latest/1040x760/1628991.png,https://cdn.nba.com/logos/nba/1610612763/primary/L/logo.svg
1629723,John Konchar,john-konchar,46,G,6-5,210,"MAR 22, 1996",28.0,4,Indiana-Purdue Fort Wayne,2023-24,1610612763,MEM,Memphis Grizzlies,77.0,https://cdn.nba.com/headshots/nba/latest/1040x760/1629723.png,https://cdn.nba.com/logos/nba/1610612763/primary/L/logo.svg
1630692,Jordan Goodwin,jordan-goodwin,0,G,6-4,200,"OCT 23, 1998",25.0,2,St. Louis,2023-24,1610612763,MEM,Memphis Grizzlies,76.0,https://cdn.nba.com/headshots/nba/latest/1040x760/1630692.png,https://cdn.nba.com/logos/nba/1610612763/primary/L/logo.svg
1630205,Lamar Stevens,lamar-stevens,24,F,6-7,230,"JUL 09, 1997",26.0,3,Penn State,2023-24,1610612763,MEM,Memphis Grizzlies,79.0,https://cdn.nba.com/headshots/nba/latest/1040x760/1630205.png,https://cdn.nba.com/logos/nba/1610612763/primary/L/logo.svg
1628379,Luke Kennard,luke-kennard,10,G,6-5,206,"JUN 24, 1996",28.0,6,Duke,2023-24,1610612763,MEM,Memphis Grizzlies,77.0,https://cdn.nba.com/headshots/nba/latest/1040x760/1628379.png,https://cdn.nba.com/logos/nba/1610612763/primary/L/logo.svg
203935,Marcus Smart,marcus-smart,36,G,6-3,220,"MAR 06, 1994",30.0,9,Oklahoma State,2023-24,1610612763,MEM,Memphis Grizzlies,75.0,https://cdn.nba.com/headshots/nba/latest/1040x760/203935.png,https://cdn.nba.com/logos/nba/1610612763/primary/L/logo.svg
1630583,Santi Aldama,santi-aldama,7,F-C,7-0,215,"JAN 10, 2001",23.0,2,Loyola-Maryland,2023-24,1610612763,MEM,Memphis Grizzlies,84.0,https://cdn.nba.com/headshots/nba/latest/1040x760/1630583.png,https://cdn.nba.com/logos/nba/1610612763/primary/L/logo.svg
1630590,Scotty Pippen Jr.,scotty-pippen-jr,1,G,6-1,170,"NOV 10, 2000",23.0,1,Vanderbilt,2023-24,1610612763,MEM,Memphis Grizzlies,73.0,https://cdn.nba.com/headshots/nba/latest/1040x760/1630590.png,https://cdn.nba.com/logos/nba/1610612763/primary/L/logo.svg
1641998,Trey Jemison III,trey-jemison-iii,55,C,6-10,260,"NOV 28, 1999",24.0,R,Alabama-Birmingham,2023-24,1610612763,MEM,Memphis Grizzlies,82.0,https://cdn.nba.com/headshots/nba/latest/1040x760/1641998.png,https://cdn.nba.com/logos/nba/1610612763/primary/L/logo.svg
1631246,Vince Williams Jr.,vince-williams-jr,5,G,6-4,205,"AUG 30, 2000",23.0,1,Virginia Commonwealth,2023-24,1610612763,MEM,Memphis Grizzlies,76.0,https://cdn.nba.com/headshots/nba/latest/1040x760/1631246.png,https://cdn.nba.com/logos/nba/1610612763/primary/L/logo.svg
1629139,Yuta Watanabe,yuta-watanabe,18,G-F,6-9,215,"OCT 13, 1994",29.0,5,George Washington,2023-24,1610612763,MEM,Memphis Grizzlies,81.0,https://cdn.nba.com/headshots/nba/latest/1040x760/1629139.png,https://cdn.nba.com/logos/nba/1610612763/primary/L/logo.svg
1630533,Ziaire Williams,ziaire-williams,8,F,6-9,185,"SEP 12, 2001",22.0,2,Stanford,2023-24,1610612763,MEM,Memphis Grizzlies,81.0,https://cdn.nba.com/headshots/nba/latest/1040x760/1630533.png,https://cdn.nba.com/logos/nba/1610612763/primary/L/logo.svg
1631214,Alondes Williams,alondes-williams,15,G,6-4,210,"JUN 19, 1999",25.0,1,Wake Forest,2023-24,1610612748,MIA,Miami Heat,76.0,https://cdn.nba.com/headshots/nba/latest/1040x760/1631214.png,https://cdn.nba.com/logos/nba/1610612748/primary/L/logo.svg
1628389,Bam Adebayo,bam-adebayo,13,C-F,6-9,255,"JUL 18, 1997",26.0,6,Kentucky,2023-24,1610612748,MIA,Miami Heat,81.0,https://cdn.nba.com/headshots/nba/latest/1040x760/1628389.png,https://cdn.nba.com/logos/nba/1610612748/primary/L/logo.svg
1628997,Caleb Martin,caleb-martin,16,F,6-5,205,"SEP 28, 1995",28.0,4,Nevada,2023-24,1610612748,MIA,Miami Heat,77.0,https://cdn.nba.com/headshots/nba/latest/1040x760/1628997.png,https://cdn.nba.com/logos/nba/1610612748/primary/L/logo.svg
1631306,Cole Swider,cole-swider,21,F,6-8,220,"MAY 08, 1999",25.0,1,Syracuse,2023-24,1610612748,MIA,Miami Heat,80.0,https://cdn.nba.com/headshots/nba/latest/1040x760/1631306.png,https://cdn.nba.com/logos/nba/1610612748/primary/L/logo.svg
1626153,Delon Wright,delon-wright,4,G,6-5,185,"APR 26, 1992",32.0,8,Utah,2023-24,1610612748,MIA,Miami Heat,77.0,https://cdn.nba.com/headshots/nba/latest/1040x760/1626153.png,https://cdn.nba.com/logos/nba/1610612748/primary/L/logo.svg
1629130,Duncan Robinson,duncan-robinson,55,F,6-7,215,"APR 22, 1994",30.0,5,Michigan,2023-24,1610612748,MIA,Miami Heat,79.0,https://cdn.nba.com/headshots/nba/latest/1040x760/1629130.png,https://cdn.nba.com/logos/nba/1610612748/primary/L/logo.svg
1629312,Haywood Highsmith,haywood-highsmith,24,F,6-5,220,"DEC 09, 1996",27.0,3,Wheeling Jesuit,2023-24,1610612748,MIA,Miami Heat,77.0,https://cdn.nba.com/headshots/nba/latest/1040x760/1629312.png,https://cdn.nba.com/logos/nba/1610612748/primary/L/logo.svg
1631170,Jaime Jaquez Jr.,jaime-jaquez-jr,11,G,6-6,225,"FEB 18, 2001",23.0,R,UCLA,2023-24,1610612748,MIA,Miami Heat,78.0,https://cdn.nba.com/headshots/nba/latest/1040x760/1631170.png,https://cdn.nba.com/logos/nba/1610612748/primary/L/logo.svg
1631288,Jamal Cain,jamal-cain,8,F,6-6,191,"MAR 20, 1999",25.0,1,Oakland,2023-24,1610612748,MIA,Miami Heat,78.0,https://cdn.nba.com/headshots/nba/latest/1040x760/1631288.png,https://cdn.nba.com/logos/nba/1610612748/primary/L/logo.svg
202710,Jimmy Butler III,jimmy-butler-iii,22,F,6-7,230,"SEP 14, 1989",34.0,12,Marquette,2023-24,1610612748,MIA,Miami Heat,79.0,https://cdn.nba.com/headshots/nba/latest/1040x760/202710.png,https://cdn.nba.com/logos/nba/1610612748/primary/L/logo.svg
1626196,Josh Richardson,josh-richardson,0,G,6-5,200,"SEP 15, 1993",30.0,8,Tennessee,2023-24,1610612748,MIA,Miami Heat,77.0,https://cdn.nba.com/headshots/nba/latest/1040x760/1626196.png,https://cdn.nba.com/logos/nba/1610612748/primary/L/logo.svg
201567,Kevin Love,kevin-love,42,F-C,6-8,251,"SEP 07, 1988",35.0,15,UCLA,2023-24,1610612748,MIA,Miami Heat,80.0,https://cdn.nba.com/headshots/nba/latest/1040x760/201567.png,https://cdn.nba.com/logos/nba/1610612748/primary/L/logo.svg
1631107,Nikola Jović,nikola-jović,5,F,6-10,205,"JUN 09, 2003",21.0,1,Mega Basket,2023-24,1610612748,MIA,Miami Heat,82.0,https://cdn.nba.com/headshots/nba/latest/1040x760/1631107.png,https://cdn.nba.com/logos/nba/1610612748/primary/L/logo.svg
1631115,Orlando Robinson,orlando-robinson,25,C,6-10,235,"JUL 10, 2000",23.0,1,Fresno State,2023-24,1610612748,MIA,Miami Heat,82.0,https://cdn.nba.com/headshots/nba/latest/1040x760/1631115.png,https://cdn.nba.com/logos/nba/1610612748/primary/L/logo.svg
201988,Patty Mills,patty-mills,8,G,6-2,180,"AUG 11, 1988",35.0,14,St. Mary's,2023-24,1610612748,MIA,Miami Heat,74.0,https://cdn.nba.com/headshots/nba/latest/1040x760/201988.png,https://cdn.nba.com/logos/nba/1610612748/primary/L/logo.svg
1626179,Terry Rozier,terry-rozier,2,G,6-1,190,"MAR 17, 1994",30.0,8,Louisville,2023-24,1610612748,MIA,Miami Heat,73.0,https://cdn.nba.com/headshots/nba/latest/1040x760/1626179.png,https://cdn.nba.com/logos/nba/1610612748/primary/L/logo.svg
1628418,Thomas Bryant,thomas-bryant,31,C-F,6-10,248,"JUL 31, 1997",26.0,6,Indiana,2023-24,1610612748,MIA,Miami Heat,82.0,https://cdn.nba.com/headshots/nba/latest/1040x760/1628418.png,https://cdn.nba.com/logos/nba/1610612748/primary/L/logo.svg
1629639,Tyler Herro,tyler-herro,14,G,6-5,195,"JAN 20, 2000",24.0,4,Kentucky,2023-24,1610612748,MIA,Miami Heat,77.0,https://cdn.nba.com/headshots/nba/latest/1040x760/1629639.png,https://cdn.nba.com/logos/nba/1610612748/primary/L/logo.svg
1631260,AJ Green,aj-green,20,G,6-4,190,"SEP 27, 1999",24.0,1,Northern Iowa,2023-24,1610612749,MIL,Milwaukee Bucks,76.0,https://cdn.nba.com/headshots/nba/latest/1040x760/1631260.png,https://cdn.nba.com/logos/nba/1610612749/primary/L/logo.svg
1641748,Andre Jackson Jr.,andre-jackson-jr,44,G,6-6,209,"NOV 13, 2001",22.0,R,Connecticut,2023-24,1610612749,MIL,Milwaukee Bucks,78.0,https://cdn.nba.com/headshots/nba/latest/1040x760/1641748.png,https://cdn.nba.com/logos/nba/1610612749/primary/L/logo.svg
1626171,Bobby Portis,bobby-portis,9,F,6-10,250,"FEB 10, 1995",29.0,8,Arkansas,2023-24,1610612749,MIL,Milwaukee Bucks,82.0,https://cdn.nba.com/headshots/nba/latest/1040x760/1626171.png,https://cdn.nba.com/logos/nba/1610612749/primary/L/logo.svg
201572,Brook Lopez,brook-lopez,11,C,7-1,282,"APR 01, 1988",36.0,15,Stanford,2023-24,1610612749,MIL,Milwaukee Bucks,85.0,https://cdn.nba.com/headshots/nba/latest/1040x760/201572.png,https://cdn.nba.com/logos/nba/1610612749/primary/L/logo.svg
1641753,Chris Livingston,chris-livingston,7,F,6-6,220,"OCT 15, 2003",20.0,R,Kentucky,2023-24,1610612749,MIL,Milwaukee Bucks,78.0,https://cdn.nba.com/headshots/nba/latest/1040x760/1641753.png,https://cdn.nba.com/logos/nba/1610612749/primary/L/logo.svg
203081,Damian Lillard,damian-lillard,0,G,6-2,195,"JUL 15, 1990",33.0,11,Weber State,2023-24,1610612749,MIL,Milwaukee Bucks,74.0,https://cdn.nba.com/headshots/nba/latest/1040x760/203081.png,https://cdn.nba.com/logos/nba/1610612749/primary/L/logo.svg
201568,Danilo Gallinari,danilo-gallinari,12,F,6-10,236,"AUG 08, 1988",35.0,13,Olimpia Milano,2023-24,1610612749,MIL,Milwaukee Bucks,82.0,https://cdn.nba.com/headshots/nba/latest/1040x760/201568.png,https://cdn.nba.com/logos/nba/1610612749/primary/L/logo.svg
203507,Giannis Antetokounmpo,giannis-antetokounmpo,34,F,6-11,243,"DEC 06, 1994",29.0,10,Filathlitikos,2023-24,1610612749,MIL,Milwaukee Bucks,83.0,https://cdn.nba.com/headshots/nba/latest/1040x760/203507.png,https://cdn.nba.com/logos/nba/1610612749/primary/L/logo.svg
203109,Jae Crowder,jae-crowder,99,F,6-6,235,"JUL 06, 1990",33.0,11,Marquette,2023-24,1610612749,MIL,Milwaukee Bucks,78.0,https://cdn.nba.com/headshots/nba/latest/1040x760/203109.png,https://cdn.nba.com/logos/nba/1610612749/primary/L/logo.svg
1641945,Jaylin Galloway,jaylin-galloway,,F,6-6,190,"DEC 21, 2002",21.0,R,Sydney Kings,2023-24,1610612749,MIL,Milwaukee Bucks,78.0,https://cdn.nba.com/headshots/nba/latest/1040x760/1641945.png,https://cdn.nba.com/logos/nba/1610612749/primary/L/logo.svg
203114,Khris Middleton,khris-middleton,22,F,6-7,222,"AUG 12, 1991",32.0,11,Texas A&M,2023-24,1610612749,MIL,Milwaukee Bucks,79.0,https://cdn.nba.com/headshots/nba/latest/1040x760/203114.png,https://cdn.nba.com/logos/nba/1610612749/primary/L/logo.svg
1627736,Malik Beasley,malik-beasley,5,G,6-4,187,"NOV 26, 1996",27.0,7,Florida State,2023-24,1610612749,MIL,Milwaukee Bucks,76.0,https://cdn.nba.com/headshots/nba/latest/1040x760/1627736.png,https://cdn.nba.com/logos/nba/1610612749/primary/L/logo.svg
1630699,MarJon Beauchamp,marjon-beauchamp,3,F,6-7,199,"OCT 12, 2000",23.0,1,NBA G League Ignite,2023-24,1610612749,MIL,Milwaukee Bucks,79.0,https://cdn.nba.com/headshots/nba/latest/1040x760/1630699.png,https://cdn.nba.com/logos/nba/1610612749/primary/L/logo.svg
1626192,Pat Connaughton,pat-connaughton,24,G,6-5,209,"JAN 06, 1993",31.0,8,Notre Dame,2023-24,1610612749,MIL,Milwaukee Bucks,77.0,https://cdn.nba.com/headshots/nba/latest/1040x760/1626192.png,https://cdn.nba.com/logos/nba/1610612749/primary/L/logo.svg
201976,Patrick Beverley,patrick-beverley,21,G,6-2,180,"JUL 12, 1988",35.0,11,Arkansas,2023-24,1610612749,MIL,Milwaukee Bucks,74.0,https://cdn.nba.com/headshots/nba/latest/1040x760/201976.png,https://cdn.nba.com/logos/nba/1610612749/primary/L/logo.svg
1631157,Ryan Rollins,ryan-rollins,55,G,6-3,180,"JUL 03, 2002",21.0,1,Toledo,2023-24,1610612749,MIL,Milwaukee Bucks,75.0,https://cdn.nba.com/headshots/nba/latest/1040x760/1631157.png,https://cdn.nba.com/logos/nba/1610612749/primary/L/logo.svg
203648,Thanasis Antetokounmpo,thanasis-antetokounmpo,43,F,6-7,219,"JUL 18, 1992",31.0,5,Panathinaikos,2023-24,1610612749,MIL,Milwaukee Bucks,79.0,https://cdn.nba.com/headshots/nba/latest/1040x760/203648.png,https://cdn.nba.com/logos/nba/1610612749/primary/L/logo.svg
1631102,TyTy Washington Jr.,tyty-washington-jr,23,G,6-3,195,"NOV 15, 2001",22.0,1,Kentucky,2023-24,1610612749,MIL,Milwaukee Bucks,75.0,https://cdn.nba.com/headshots/nba/latest/1040x760/1631102.png,https://cdn.nba.com/logos/nba/1610612749/primary/L/logo.svg
1630162,Anthony Edwards,anthony-edwards,5,G,6-4,225,"AUG 05, 2001",22.0,3,Georgia,2023-24,1610612750,MIN,Minnesota Timberwolves,76.0,https://cdn.nba.com/headshots/nba/latest/1040x760/1630162.png,https://cdn.nba.com/logos/nba/1610612750/primary/L/logo.svg
1630227,Daishen Nix,daishen-nix,12,G,6-3,226,"FEB 13, 2002",22.0,2,NBA G League Ignite,2023-24,1610612750,MIN,Minnesota Timberwolves,75.0,https://cdn.nba.com/headshots/nba/latest/1040x760/1630227.png,https://cdn.nba.com/logos/nba/1610612750/primary/L/logo.svg
1630183,Jaden McDaniels,jaden-mcdaniels,3,F,6-9,185,"SEP 29, 2000",23.0,3,Washington,2023-24,1610612750,MIN,Minnesota Timberwolves,81.0,https://cdn.nba.com/headshots/nba/latest/1040x760/1630183.png,https://cdn.nba.com/logos/nba/1610612750/primary/L/logo.svg
1641740,Jaylen Clark,jaylen-clark,0,G,6-4,205,"OCT 13, 2001",22.0,R,UCLA,2023-24,1610612750,MIN,Minnesota Timberwolves,76.0,https://cdn.nba.com/headshots/nba/latest/1040x760/1641740.png,https://cdn.nba.com/logos/nba/1610612750/primary/L/logo.svg
1629162,Jordan McLaughlin,jordan-mclaughlin,6,G,6-0,185,"APR 09, 1996",28.0,4,Southern California,2023-24,1610612750,MIN,Minnesota Timberwolves,72.0,https://cdn.nba.com/headshots/nba/latest/1040x760/1629162.png,https://cdn.nba.com/logos/nba/1610612750/primary/L/logo.svg
1631169,Josh Minott,josh-minott,8,F,6-8,205,"NOV 25, 2002",21.0,1,Memphis,2023-24,1610612750,MIN,Minnesota Timberwolves,80.0,https://cdn.nba.com/headshots/nba/latest/1040x760/1631169.png,https://cdn.nba.com/logos/nba/1610612750/primary/L/logo.svg
1626157,Karl-Anthony Towns,karl-anthony-towns,32,C-F,7-0,248,"NOV 15, 1995",28.0,8,Kentucky,2023-24,1610612750,MIN,Minnesota Timberwolves,84.0,https://cdn.nba.com/headshots/nba/latest/1040x760/1626157.png,https://cdn.nba.com/logos/nba/1610612750/primary/L/logo.svg
203937,Kyle Anderson,kyle-anderson,1,F-G,6-9,230,"SEP 20, 1993",30.0,9,UCLA,2023-24,1610612750,MIN,Minnesota Timberwolves,81.0,https://cdn.nba.com/headshots/nba/latest/1040x760/203937.png,https://cdn.nba.com/logos/nba/1610612750/primary/L/logo.svg
1631159,Leonard Miller,leonard-miller,33,F,6-10,210,"NOV 26, 2003",20.0,R,NBA G League Ignite,2023-24,1610612750,MIN,Minnesota Timberwolves,82.0,https://cdn.nba.com/headshots/nba/latest/1040x760/1631159.png,https://cdn.nba.com/logos/nba/1610612750/primary/L/logo.svg
1630568,Luka Garza,luka-garza,55,C,6-10,243,"DEC 27, 1998",25.0,2,Iowa,2023-24,1610612750,MIN,Minnesota Timberwolves,82.0,https://cdn.nba.com/headshots/nba/latest/1040x760/1630568.png,https://cdn.nba.com/logos/nba/1610612750/primary/L/logo.svg
201144,Mike Conley,mike-conley,10,G,6-0,175,"OCT 11, 1987",36.0,16,Ohio State,2023-24,1610612750,MIN,Minnesota Timberwolves,72.0,https://cdn.nba.com/headshots/nba/latest/1040x760/201144.png,https://cdn.nba.com/logos/nba/1610612750/primary/L/logo.svg
1628420,Monté Morris,monté-morris,23,G,6-2,183,"JUN 27, 1995",29.0,6,Iowa State,2023-24,1610612750,MIN,Minnesota Timberwolves,74.0,https://cdn.nba.com/headshots/nba/latest/1040x760/1628420.png,https://cdn.nba.com/logos/nba/1610612750/primary/L/logo.svg
1629675,Naz Reid,naz-reid,11,C-F,6-9,264,"AUG 26, 1999",24.0,4,Louisiana State,2023-24,1610612750,MIN,Minnesota Timberwolves,81.0,https://cdn.nba.com/headshots/nba/latest/1040x760/1629675.png,https://cdn.nba.com/logos/nba/1610612750/primary/L/logo.svg
1629638,Nickeil Alexander-Walker,nickeil-alexander-walker,9,G,6-5,205,"SEP 02, 1998",25.0,4,Virginia Tech,2023-24,1610612750,MIN,Minnesota Timberwolves,77.0,https://cdn.nba.com/headshots/nba/latest/1040x760/1629638.png,https://cdn.nba.com/logos/nba/1610612750/primary/L/logo.svg
203497,Rudy Gobert,rudy-gobert,27,C,7-1,258,"JUN 26, 1992",32.0,10,Cholet,2023-24,1610612750,MIN,Minnesota Timberwolves,85.0,https://cdn.nba.com/headshots/nba/latest/1040x760/203497.png,https://cdn.nba.com/logos/nba/1610612750/primary/L/logo.svg
203933,T.J. Warren,tj-warren,24,F,6-8,220,"SEP 05, 1993",30.0,8,North Carolina State,2023-24,1610612750,MIN,Minnesota Timberwolves,80.0,https://cdn.nba.com/headshots/nba/latest/1040x760/203933.png,https://cdn.nba.com/logos/nba/1610612750/primary/L/logo.svg
1631111,Wendell Moore Jr.,wendell-moore-jr,7,G,6-5,215,"SEP 18, 2001",22.0,1,Duke,2023-24,1610612750,MIN,Minnesota Timberwolves,77.0,https://cdn.nba.com/headshots/nba/latest/1040x760/1631111.png,https://cdn.nba.com/logos/nba/1610612750/primary/L/logo.svg
1627742,Brandon Ingram,brandon-ingram,14,F,6-8,190,"SEP 02, 1997",26.0,7,Duke,2023-24,1610612740,NOP,New Orleans Pelicans,80.0,https://cdn.nba.com/headshots/nba/latest/1040x760/1627742.png,https://cdn.nba.com/logos/nba/1610612740/primary/L/logo.svg
203468,CJ McCollum,cj-mccollum,3,G,6-3,190,"SEP 19, 1991",32.0,10,Lehigh,2023-24,1610612740,NOP,New Orleans Pelicans,75.0,https://cdn.nba.com/headshots/nba/latest/1040x760/203468.png,https://cdn.nba.com/logos/nba/1610612740/primary/L/logo.svg
203469,Cody Zeller,cody-zeller,40,F-C,6-11,240,"OCT 05, 1992",31.0,10,Indiana,2023-24,1610612740,NOP,New Orleans Pelicans,83.0,https://cdn.nba.com/headshots/nba/latest/1040x760/203469.png,https://cdn.nba.com/logos/nba/1610612740/primary/L/logo.svg
1631220,Dereon Seabron,dereon-seabron,0,G,6-5,180,"MAY 26, 2000",24.0,1,North Carolina State,2023-24,1610612740,NOP,New Orleans Pelicans,77.0,https://cdn.nba.com/headshots/nba/latest/1040x760/1631220.png,https://cdn.nba.com/logos/nba/1610612740/primary/L/logo.svg
1630700,Dyson Daniels,dyson-daniels,11,G,6-7,199,"MAR 17, 2003",21.0,1,NBA G League Ignite,2023-24,1610612740,NOP,New Orleans Pelicans,79.0,https://cdn.nba.com/headshots/nba/latest/1040x760/1630700.png,https://cdn.nba.com/logos/nba/1610612740/primary/L/logo.svg
1630604,E.J. Liddell,ej-liddell,32,F,6-6,240,"DEC 18, 2000",23.0,R,Ohio State,2023-24,1610612740,NOP,New Orleans Pelicans,78.0,https://cdn.nba.com/headshots/nba/latest/1040x760/1630604.png,https://cdn.nba.com/logos/nba/1610612740/primary/L/logo.svg
1630529,Herbert Jones,herbert-jones,5,F,6-7,206,"OCT 06, 1998",25.0,2,Alabama,2023-24,1610612740,NOP,New Orleans Pelicans,79.0,https://cdn.nba.com/headshots/nba/latest/1040x760/1630529.png,https://cdn.nba.com/logos/nba/1610612740/primary/L/logo.svg
1630526,Jeremiah Robinson-Earl,jeremiah-robinson-earl,50,F,6-8,240,"NOV 03, 2000",23.0,2,Villanova,2023-24,1610612740,NOP,New Orleans Pelicans,80.0,https://cdn.nba.com/headshots/nba/latest/1040x760/1630526.png,https://cdn.nba.com/logos/nba/1610612740/primary/L/logo.svg
202685,Jonas Valančiūnas,jonas-valančiūnas,17,C,6-11,265,"MAY 06, 1992",32.0,11,Lietuvos rytas Vilnius,2023-24,1610612740,NOP,New Orleans Pelicans,83.0,https://cdn.nba.com/headshots/nba/latest/1040x760/202685.png,https://cdn.nba.com/logos/nba/1610612740/primary/L/logo.svg
1641722,Jordan Hawkins,jordan-hawkins,24,G,6-5,190,"APR 29, 2002",22.0,R,Connecticut,2023-24,1610612740,NOP,New Orleans Pelicans,77.0,https://cdn.nba.com/headshots/nba/latest/1040x760/1641722.png,https://cdn.nba.com/logos/nba/1610612740/primary/L/logo.svg
1630631,Jose Alvarado,jose-alvarado,15,G,6-0,179,"APR 12, 1998",26.0,2,Georgia Tech,2023-24,1610612740,NOP,New Orleans Pelicans,72.0,https://cdn.nba.com/headshots/nba/latest/1040x760/1630631.png,https://cdn.nba.com/logos/nba/1610612740/primary/L/logo.svg
1626204,Larry Nance Jr.,larry-nance-jr,22,F-C,6-8,245,"JAN 01, 1993",31.0,8,Wyoming,2023-24,1610612740,NOP,New Orleans Pelicans,80.0,https://cdn.nba.com/headshots/nba/latest/1040x760/1626204.png,https://cdn.nba.com/logos/nba/1610612740/primary/L/logo.svg
1630792,Malcolm Hill,malcolm-hill,33,F,6-6,220,"OCT 26, 1995",28.0,2,Illinois,2023-24,1610612740,NOP,New Orleans Pelicans,78.0,https://cdn.nba.com/headshots/nba/latest/1040x760/1630792.png,https://cdn.nba.com/logos/nba/1610612740/primary/L/logo.svg
1630346,Matt Ryan,matt-ryan,37,F,6-6,215,"APR 17, 1997",27.0,2,Tennessee-Chattanooga,2023-24,1610612740,NOP,New Orleans Pelicans,78.0,https://cdn.nba.com/headshots/nba/latest/1040x760/1630346.png,https://cdn.nba.com/logos/nba/1610612740/primary/L/logo.svg
1630230,Naji Marshall,naji-marshall,8,F,6-6,220,"JAN 24, 1998",26.0,3,Xavier,2023-24,1610612740,NOP,New Orleans Pelicans,78.0,https://cdn.nba.com/headshots/nba/latest/1040x760/1630230.png,https://cdn.nba.com/logos/nba/1610612740/primary/L/logo.svg
1630530,Trey Murphy III,trey-murphy-iii,25,F,6-8,206,"JUN 18, 2000",24.0,2,Virginia,2023-24,1610612740,NOP,New Orleans Pelicans,80.0,https://cdn.nba.com/headshots/nba/latest/1040x760/1630530.png,https://cdn.nba.com/logos/nba/1610612740/primary/L/logo.svg
1629627,Zion Williamson,zion-williamson,1,F,6-6,284,"JUL 06, 2000",23.0,4,Duke,2023-24,1610612740,NOP,New Orleans Pelicans,78.0,https://cdn.nba.com/headshots/nba/latest/1040x760/1629627.png,https://cdn.nba.com/logos/nba/1610612740/primary/L/logo.svg
202692,Alec Burks,alec-burks,18,G,6-5,214,"JUL 20, 1991",32.0,12,Colorado,2023-24,1610612752,NYK,New York Knicks,77.0,https://cdn.nba.com/headshots/nba/latest/1040x760/202692.png,https://cdn.nba.com/logos/nba/1610612752/primary/L/logo.svg
202711,Bojan Bogdanovic,bojan-bogdanovic,44,F,6-7,226,"APR 18, 1989",35.0,9,Fenerbahce,2023-24,1610612752,NYK,New York Knicks,79.0,https://cdn.nba.com/headshots/nba/latest/1040x760/202711.png,https://cdn.nba.com/logos/nba/1610612752/primary/L/logo.svg
1629718,Charlie Brown Jr.,charlie-brown-jr,4,G,6-6,199,"FEB 02, 1997",27.0,3,St. Joseph's (PA),2023-24,1610612752,NYK,New York Knicks,78.0,https://cdn.nba.com/headshots/nba/latest/1040x760/1629718.png,https://cdn.nba.com/logos/nba/1610612752/primary/L/logo.svg
1629610,DaQuan Jeffries,daquan-jeffries,8,G-F,6-5,222,"AUG 30, 1997",26.0,4,Tulsa,2023-24,1610612752,NYK,New York Knicks,77.0,https://cdn.nba.com/headshots/nba/latest/1040x760/1629610.png,https://cdn.nba.com/logos/nba/1610612752/primary/L/logo.svg
1628978,Donte DiVincenzo,donte-divincenzo,0,G,6-4,203,"JAN 31, 1997",27.0,5,Villanova,2023-24,1610612752,NYK,New York Knicks,76.0,https://cdn.nba.com/headshots/nba/latest/1040x760/1628978.png,https://cdn.nba.com/logos/nba/1610612752/primary/L/logo.svg
1630613,Duane Washington Jr.,duane-washington-jr,1,G,6-2,197,"MAR 24, 2000",24.0,2,Ohio State,2023-24,1610612752,NYK,New York Knicks,74.0,https://cdn.nba.com/headshots/nba/latest/1040x760/1630613.png,https://cdn.nba.com/logos/nba/1610612752/primary/L/logo.svg
1628392,Isaiah Hartenstein,isaiah-hartenstein,55,C-F,7-0,250,"MAY 05, 1998",26.0,5,Zalgiris,2023-24,1610612752,NYK,New York Knicks,84.0,https://cdn.nba.com/headshots/nba/latest/1040x760/1628392.png,https://cdn.nba.com/logos/nba/1610612752/primary/L/logo.svg
1631210,Jacob Toppin,jacob-toppin,00,F,6-8,200,"MAY 08, 2000",24.0,R,Kentucky,2023-24,1610612752,NYK,New York Knicks,80.0,https://cdn.nba.com/headshots/nba/latest/1040x760/1631210.png,https://cdn.nba.com/logos/nba/1610612752/primary/L/logo.svg
1628973,Jalen Brunson,jalen-brunson,11,G,6-2,190,"AUG 31, 1996",27.0,5,Villanova,2023-24,1610612752,NYK,New York Knicks,74.0,https://cdn.nba.com/headshots/nba/latest/1040x760/1628973.png,https://cdn.nba.com/logos/nba/1610612752/primary/L/logo.svg
1630579,Jericho Sims,jericho-sims,45,C,6-10,250,"OCT 20, 1998",25.0,2,Texas,2023-24,1610612752,NYK,New York Knicks,82.0,https://cdn.nba.com/headshots/nba/latest/1040x760/1630579.png,https://cdn.nba.com/logos/nba/1610612752/primary/L/logo.svg
1628404,Josh Hart,josh-hart,3,G,6-4,215,"MAR 06, 1995",29.0,6,Villanova,2023-24,1610612752,NYK,New York Knicks,76.0,https://cdn.nba.com/headshots/nba/latest/1040x760/1628404.png,https://cdn.nba.com/logos/nba/1610612752/primary/L/logo.svg
203944,Julius Randle,julius-randle,30,F-C,6-8,250,"NOV 29, 1994",29.0,9,Kentucky,2023-24,1610612752,NYK,New York Knicks,80.0,https://cdn.nba.com/headshots/nba/latest/1040x760/203944.png,https://cdn.nba.com/logos/nba/1610612752/primary/L/logo.svg
1629603,Mamadi Diakite,mamadi-diakite,21,F,6-9,228,"JAN 21, 1997",27.0,3,Virginia,2023-24,1610612752,NYK,New York Knicks,81.0,https://cdn.nba.com/headshots/nba/latest/1040x760/1629603.png,https://cdn.nba.com/logos/nba/1610612752/primary/L/logo.svg
1630540,Miles McBride,miles-mcbride,2,G,6-1,195,"SEP 08, 2000",23.0,2,West Virginia,2023-24,1610612752,NYK,New York Knicks,73.0,https://cdn.nba.com/headshots/nba/latest/1040x760/1630540.png,https://cdn.nba.com/logos/nba/1610612752/primary/L/logo.svg
1629011,Mitchell Robinson,mitchell-robinson,23,C-F,7-0,240,"APR 01, 1998",26.0,5,Western Kentucky,2023-24,1610612752,NYK,New York Knicks,84.0,https://cdn.nba.com/headshots/nba/latest/1040x760/1629011.png,https://cdn.nba.com/logos/nba/1610612752/primary/L/logo.svg
1628384,OG Anunoby,og-anunoby,8,F-G,6-7,240,"JUL 17, 1997",26.0,6,Indiana,2023-24,1610612752,NYK,New York Knicks,79.0,https://cdn.nba.com/headshots/nba/latest/1040x760/1628384.png,https://cdn.nba.com/logos/nba/1610612752/primary/L/logo.svg
1630173,Precious Achiuwa,precious-achiuwa,5,F,6-8,243,"SEP 19, 1999",24.0,3,Memphis,2023-24,1610612752,NYK,New York Knicks,80.0,https://cdn.nba.com/headshots/nba/latest/1040x760/1630173.png,https://cdn.nba.com/logos/nba/1610612752/primary/L/logo.svg
1629003,Shake Milton,shake-milton,13,G-F,6-5,205,"SEP 26, 1996",27.0,5,Southern Methodist,2023-24,1610612752,NYK,New York Knicks,77.0,https://cdn.nba.com/headshots/nba/latest/1040x760/1629003.png,https://cdn.nba.com/logos/nba/1610612752/primary/L/logo.svg
1630598,Aaron Wiggins,aaron-wiggins,21,G,6-5,190,"JAN 02, 1999",25.0,2,Maryland,2023-24,1610612760,OKC,Oklahoma City Thunder,77.0,https://cdn.nba.com/headshots/nba/latest/1040x760/1630598.png,https://cdn.nba.com/logos/nba/1610612760/primary/L/logo.svg
1641745,Adam Flagler,adam-flagler,14,G,6-3,180,"DEC 01, 1999",24.0,R,Baylor,2023-24,1610612760,OKC,Oklahoma City Thunder,75.0,https://cdn.nba.com/headshots/nba/latest/1040x760/1641745.png,https://cdn.nba.com/logos/nba/1610612760/primary/L/logo.svg
202687,Bismack Biyombo,bismack-biyombo,15,C,6-8,255,"AUG 28, 1992",31.0,12,Baloncesto Fuenlabrada,2023-24,1610612760,OKC,Oklahoma City Thunder,80.0,https://cdn.nba.com/headshots/nba/latest/1040x760/202687.png,https://cdn.nba.com/logos/nba/1610612760/primary/L/logo.svg
1641717,Cason Wallace,cason-wallace,22,G,6-3,195,"NOV 07, 2003",20.0,R,Kentucky,2023-24,1610612760,OKC,Oklahoma City Thunder,75.0,https://cdn.nba.com/headshots/nba/latest/1040x760/1641717.png,https://cdn.nba.com/logos/nba/1610612760/primary/L/logo.svg
1631096,Chet Holmgren,chet-holmgren,7,C-F,7-1,208,"MAY 01, 2002",22.0,R,Gonzaga,2023-24,1610612760,OKC,Oklahoma City Thunder,85.0,https://cdn.nba.com/headshots/nba/latest/1040x760/1631096.png,https://cdn.nba.com/logos/nba/1610612760/primary/L/logo.svg
202330,Gordon Hayward,gordon-hayward,33,F,6-7,225,"MAR 23, 1990",34.0,13,Butler,2023-24,1610612760,OKC,Oklahoma City Thunder,79.0,https://cdn.nba.com/headshots/nba/latest/1040x760/202330.png,https://cdn.nba.com/logos/nba/1610612760/primary/L/logo.svg
1630198,Isaiah Joe,isaiah-joe,11,G,6-3,165,"JUL 02, 1999",24.0,3,Arkansas,2023-24,1610612760,OKC,Oklahoma City Thunder,75.0,https://cdn.nba.com/headshots/nba/latest/1040x760/1630198.png,https://cdn.nba.com/logos/nba/1610612760/primary/L/logo.svg
1631114,Jalen Williams,jalen-williams,8,G-F,6-5,211,"APR 14, 2001",23.0,1,Santa Clara,2023-24,1610612760,OKC,Oklahoma City Thunder,77.0,https://cdn.nba.com/headshots/nba/latest/1040x760/1631114.png,https://cdn.nba.com/logos/nba/1610612760/primary/L/logo.svg
1631119,Jaylin Williams,jaylin-williams,6,F,6-9,240,"JUN 29, 2002",22.0,1,Arkansas,2023-24,1610612760,OKC,Oklahoma City Thunder,81.0,https://cdn.nba.com/headshots/nba/latest/1040x760/1631119.png,https://cdn.nba.com/logos/nba/1610612760/primary/L/logo.svg
1630581,Josh Giddey,josh-giddey,3,G,6-8,216,"OCT 10, 2002",21.0,2,NBA Global Academy,2023-24,1610612760,OKC,Oklahoma City Thunder,80.0,https://cdn.nba.com/headshots/nba/latest/1040x760/1630581.png,https://cdn.nba.com/logos/nba/1610612760/primary/L/logo.svg
1629026,Kenrich Williams,kenrich-williams,34,G-F,6-6,210,"DEC 02, 1994",29.0,5,TCU,2023-24,1610612760,OKC,Oklahoma City Thunder,78.0,https://cdn.nba.com/headshots/nba/latest/1040x760/1629026.png,https://cdn.nba.com/logos/nba/1610612760/primary/L/logo.svg
1641749,Keyontae Johnson,keyontae-johnson,18,F,6-4,230,"MAY 24, 2000",24.0,R,Kansas State,2023-24,1610612760,OKC,Oklahoma City Thunder,76.0,https://cdn.nba.com/headshots/nba/latest/1040x760/1641749.png,https://cdn.nba.com/logos/nba/1610612760/primary/L/logo.svg
1630322,Lindy Waters III,lindy-waters-iii,12,F,6-6,210,"JUL 28, 1997",26.0,2,Oklahoma State,2023-24,1610612760,OKC,Oklahoma City Thunder,78.0,https://cdn.nba.com/headshots/nba/latest/1040x760/1630322.png,https://cdn.nba.com/logos/nba/1610612760/primary/L/logo.svg
1629652,Luguentz Dort,luguentz-dort,5,G,6-4,220,"APR 19, 1999",25.0,4,Arizona State,2023-24,1610612760,OKC,Oklahoma City Thunder,76.0,https://cdn.nba.com/headshots/nba/latest/1040x760/1629652.png,https://cdn.nba.com/logos/nba/1610612760/primary/L/logo.svg
203488,Mike Muscala,mike-muscala,50,F-C,6-10,240,"JUL 01, 1991",33.0,10,Bucknell,2023-24,1610612760,OKC,Oklahoma City Thunder,82.0,https://cdn.nba.com/headshots/nba/latest/1040x760/203488.png,https://cdn.nba.com/logos/nba/1610612760/primary/L/logo.svg
1630846,Olivier Sarr,olivier-sarr,30,C,6-10,240,"FEB 20, 1999",25.0,2,Kentucky,2023-24,1610612760,OKC,Oklahoma City Thunder,82.0,https://cdn.nba.com/headshots/nba/latest/1040x760/1630846.png,https://cdn.nba.com/logos/nba/1610612760/primary/L/logo.svg
1631172,Ousmane Dieng,ousmane-dieng,13,F,6-9,185,"MAY 21, 2003",21.0,1,New Zealand Breakers,2023-24,1610612760,OKC,Oklahoma City Thunder,81.0,https://cdn.nba.com/headshots/nba/latest/1040x760/1631172.png,https://cdn.nba.com/logos/nba/1610612760/primary/L/logo.svg
1628983,Shai Gilgeous-Alexander,shai-gilgeous-alexander,2,G,6-6,195,"JUL 12, 1998",25.0,5,Kentucky,2023-24,1610612760,OKC,Oklahoma City Thunder,78.0,https://cdn.nba.com/headshots/nba/latest/1040x760/1628983.png,https://cdn.nba.com/logos/nba/1610612760/primary/L/logo.svg
1629678,Admiral Schofield,admiral-schofield,25,F,6-5,241,"MAR 30, 1997",27.0,3,Tennessee,2023-24,1610612753,ORL,Orlando Magic,77.0,https://cdn.nba.com/headshots/nba/latest/1040x760/1629678.png,https://cdn.nba.com/logos/nba/1610612753/primary/L/logo.svg
1641710,Anthony Black,anthony-black,0,G,6-7,200,"JAN 20, 2004",20.0,R,Arkansas,2023-24,1610612753,ORL,Orlando Magic,79.0,https://cdn.nba.com/headshots/nba/latest/1040x760/1641710.png,https://cdn.nba.com/logos/nba/1610612753/primary/L/logo.svg
1631216,Caleb Houstan,caleb-houstan,2,G,6-8,205,"JAN 09, 2003",21.0,1,Michigan,2023-24,1610612753,ORL,Orlando Magic,80.0,https://cdn.nba.com/headshots/nba/latest/1040x760/1631216.png,https://cdn.nba.com/logos/nba/1610612753/primary/L/logo.svg
1629643,Chuma Okeke,chuma-okeke,3,F,6-7,229,"AUG 18, 1998",25.0,3,Auburn,2023-24,1610612753,ORL,Orlando Magic,79.0,https://cdn.nba.com/headshots/nba/latest/1040x760/1629643.png,https://cdn.nba.com/logos/nba/1610612753/primary/L/logo.svg
1630175,Cole Anthony,cole-anthony,50,G,6-2,185,"MAY 15, 2000",24.0,3,North Carolina,2023-24,1610612753,ORL,Orlando Magic,74.0,https://cdn.nba.com/headshots/nba/latest/1040x760/1630175.png,https://cdn.nba.com/logos/nba/1610612753/primary/L/logo.svg
1630532,Franz Wagner,franz-wagner,22,F,6-10,220,"AUG 27, 2001",22.0,2,Michigan,2023-24,1610612753,ORL,Orlando Magic,82.0,https://cdn.nba.com/headshots/nba/latest/1040x760/1630532.png,https://cdn.nba.com/logos/nba/1610612753/primary/L/logo.svg
203914,Gary Harris,gary-harris,14,G,6-4,210,"SEP 14, 1994",29.0,9,Michigan State,2023-24,1610612753,ORL,Orlando Magic,76.0,https://cdn.nba.com/headshots/nba/latest/1040x760/203914.png,https://cdn.nba.com/logos/nba/1610612753/primary/L/logo.svg
1629048,Goga Bitadze,goga-bitadze,35,C-F,6-10,250,"JUL 20, 1999",24.0,4,Mega Basket,2023-24,1610612753,ORL,Orlando Magic,82.0,https://cdn.nba.com/headshots/nba/latest/1040x760/1629048.png,https://cdn.nba.com/logos/nba/1610612753/primary/L/logo.svg
1630591,Jalen Suggs,jalen-suggs,4,G,6-5,205,"JUN 03, 2001",23.0,2,Gonzaga,2023-24,1610612753,ORL,Orlando Magic,77.0,https://cdn.nba.com/headshots/nba/latest/1040x760/1630591.png,https://cdn.nba.com/logos/nba/1610612753/primary/L/logo.svg
1641724,Jett Howard,jett-howard,13,G,6-6,215,"SEP 14, 2003",20.0,R,Michigan,2023-24,1610612753,ORL,Orlando Magic,78.0,https://cdn.nba.com/headshots/nba/latest/1040x760/1641724.png,https://cdn.nba.com/logos/nba/1610612753/primary/L/logo.svg
204060,Joe Ingles,joe-ingles,7,F-G,6-9,220,"OCT 02, 1987",36.0,9,Maccabi Tel Aviv,2023-24,1610612753,ORL,Orlando Magic,81.0,https://cdn.nba.com/headshots/nba/latest/1040x760/204060.png,https://cdn.nba.com/logos/nba/1610612753/primary/L/logo.svg
1628371,Jonathan Isaac,jonathan-isaac,1,F,6-10,230,"OCT 03, 1997",26.0,6,Florida State,2023-24,1610612753,ORL,Orlando Magic,82.0,https://cdn.nba.com/headshots/nba/latest/1040x760/1628371.png,https://cdn.nba.com/logos/nba/1610612753/primary/L/logo.svg
1630284,Kevon Harris,kevon-harris,8,G,6-5,216,"JUN 24, 1997",27.0,1,Stephen F. Austin,2023-24,1610612753,ORL,Orlando Magic,77.0,https://cdn.nba.com/headshots/nba/latest/1040x760/1630284.png,https://cdn.nba.com/logos/nba/1610612753/primary/L/logo.svg
1628365,Markelle Fultz,markelle-fultz,20,G,6-4,209,"MAY 29, 1998",26.0,6,Washington,2023-24,1610612753,ORL,Orlando Magic,76.0,https://cdn.nba.com/headshots/nba/latest/1040x760/1628365.png,https://cdn.nba.com/logos/nba/1610612753/primary/L/logo.svg
1629021,Moritz Wagner,moritz-wagner,21,F-C,6-11,245,"APR 26, 1997",27.0,5,Michigan,2023-24,1610612753,ORL,Orlando Magic,83.0,https://cdn.nba.com/headshots/nba/latest/1040x760/1629021.png,https://cdn.nba.com/logos/nba/1610612753/primary/L/logo.svg
1631094,Paolo Banchero,paolo-banchero,5,F,6-10,250,"NOV 12, 2002",21.0,1,Duke,2023-24,1610612753,ORL,Orlando Magic,82.0,https://cdn.nba.com/headshots/nba/latest/1040x760/1631094.png,https://cdn.nba.com/logos/nba/1610612753/primary/L/logo.svg
1630243,Trevelin Queen,trevelin-queen,12,G,6-5,190,"FEB 25, 1997",27.0,2,New Mexico State,2023-24,1610612753,ORL,Orlando Magic,77.0,https://cdn.nba.com/headshots/nba/latest/1040x760/1630243.png,https://cdn.nba.com/logos/nba/1610612753/primary/L/logo.svg
1628976,Wendell Carter Jr.,wendell-carter-jr,34,C-F,6-10,270,"APR 16, 1999",25.0,5,Duke,2023-24,1610612753,ORL,Orlando Magic,82.0,https://cdn.nba.com/headshots/nba/latest/1040x760/1628976.png,https://cdn.nba.com/logos/nba/1610612753/primary/L/logo.svg
1627741,Buddy Hield,buddy-hield,17,G,6-4,220,"DEC 17, 1992",31.0,7,Oklahoma,2023-24,1610612755,PHI,Philadelphia 76ers,76.0,https://cdn.nba.com/headshots/nba/latest/1040x760/1627741.png,https://cdn.nba.com/logos/nba/1610612755/primary/L/logo.svg
1626166,Cameron Payne,cameron-payne,22,G,6-3,183,"AUG 08, 1994",29.0,8,Murray State,2023-24,1610612755,PHI,Philadelphia 76ers,75.0,https://cdn.nba.com/headshots/nba/latest/1040x760/1626166.png,https://cdn.nba.com/logos/nba/1610612755/primary/L/logo.svg
1629001,De'Anthony Melton,deanthony-melton,8,G,6-3,200,"MAY 28, 1998",26.0,5,Southern California,2023-24,1610612755,PHI,Philadelphia 76ers,75.0,https://cdn.nba.com/headshots/nba/latest/1040x760/1629001.png,https://cdn.nba.com/logos/nba/1610612755/primary/L/logo.svg
1630288,Jeff Dowtin Jr.,jeff-dowtin-jr,11,G,6-3,177,"MAY 10, 1997",27.0,2,Rhode Island,2023-24,1610612755,PHI,Philadelphia 76ers,75.0,https://cdn.nba.com/headshots/nba/latest/1040x760/1630288.png,https://cdn.nba.com/logos/nba/1610612755/primary/L/logo.svg
203954,Joel Embiid,joel-embiid,21,C-F,7-0,280,"MAR 16, 1994",30.0,7,Kansas,2023-24,1610612755,PHI,Philadelphia 76ers,84.0,https://cdn.nba.com/headshots/nba/latest/1040x760/203954.png,https://cdn.nba.com/logos/nba/1610612755/primary/L/logo.svg
1630231,KJ Martin,kj-martin,1,F,6-6,215,"JAN 06, 2001",23.0,3,IMG Academy (FL),2023-24,1610612755,PHI,Philadelphia 76ers,78.0,https://cdn.nba.com/headshots/nba/latest/1040x760/1630231.png,https://cdn.nba.com/logos/nba/1610612755/primary/L/logo.svg
1626162,Kelly Oubre Jr.,kelly-oubre-jr,9,F-G,6-7,203,"DEC 09, 1995",28.0,8,Kansas,2023-24,1610612755,PHI,Philadelphia 76ers,79.0,https://cdn.nba.com/headshots/nba/latest/1040x760/1626162.png,https://cdn.nba.com/logos/nba/1610612755/primary/L/logo.svg
200768,Kyle Lowry,kyle-lowry,7,G,6-0,196,"MAR 25, 1986",38.0,17,Villanova,2023-24,1610612755,PHI,Philadelphia 76ers,72.0,https://cdn.nba.com/headshots/nba/latest/1040x760/200768.png,https://cdn.nba.com/logos/nba/1610612755/primary/L/logo.svg
1628964,Mo Bamba,mo-bamba,5,C,7-0,231,"MAY 12, 1998",26.0,5,Texas,2023-24,1610612755,PHI,Philadelphia 76ers,84.0,https://cdn.nba.com/headshots/nba/latest/1040x760/1628964.png,https://cdn.nba.com/logos/nba/1610612755/primary/L/logo.svg
201587,Nicolas Batum,nicolas-batum,40,G-F,6-8,230,"DEC 14, 1988",35.0,15,Le Mans,2023-24,1610612755,PHI,Philadelphia 76ers,80.0,https://cdn.nba.com/headshots/nba/latest/1040x760/201587.png,https://cdn.nba.com/logos/nba/1610612755/primary/L/logo.svg
1630194,Paul Reed,paul-reed,44,F,6-9,210,"JUN 14, 1999",25.0,3,DePaul,2023-24,1610612755,PHI,Philadelphia 76ers,81.0,https://cdn.nba.com/headshots/nba/latest/1040x760/1630194.png,https://cdn.nba.com/logos/nba/1610612755/primary/L/logo.svg
1641741,Ricky Council IV,ricky-council-iv,16,G,6-6,207,"AUG 03, 2001",22.0,R,Arkansas,2023-24,1610612755,PHI,Philadelphia 76ers,78.0,https://cdn.nba.com/headshots/nba/latest/1040x760/1641741.png,https://cdn.nba.com/logos/nba/1610612755/primary/L/logo.svg
203496,Robert Covington,robert-covington,33,F,6-7,209,"DEC 14, 1990",33.0,10,Tennessee State,2023-24,1610612755,PHI,Philadelphia 76ers,79.0,https://cdn.nba.com/headshots/nba/latest/1040x760/203496.png,https://cdn.nba.com/logos/nba/1610612755/primary/L/logo.svg
1631173,Terquavion Smith,terquavion-smith,23,G,6-4,160,"DEC 31, 2002",21.0,R,North Carolina State,2023-24,1610612755,PHI,Philadelphia 76ers,76.0,https://cdn.nba.com/headshots/nba/latest/1040x760/1631173.png,https://cdn.nba.com/logos/nba/1610612755/primary/L/logo.svg
202699,Tobias Harris,tobias-harris,12,F,6-8,226,"JUL 15, 1992",31.0,12,Tennessee,2023-24,1610612755,PHI,Philadelphia 76ers,80.0,https://cdn.nba.com/headshots/nba/latest/1040x760/202699.png,https://cdn.nba.com/logos/nba/1610612755/primary/L/logo.svg
1630178,Tyrese Maxey,tyrese-maxey,0,G,6-2,200,"NOV 04, 2000",23.0,3,Kentucky,2023-24,1610612755,PHI,Philadelphia 76ers,74.0,https://cdn.nba.com/headshots/nba/latest/1040x760/1630178.png,https://cdn.nba.com/logos/nba/1610612755/primary/L/logo.svg
1629626,Bol Bol,bol-bol,11,C-F,7-3,220,"NOV 16, 1999",24.0,4,Oregon,2023-24,1610612756,PHX,Phoenix Suns,87.0,https://cdn.nba.com/headshots/nba/latest/1040x760/1629626.png,https://cdn.nba.com/logos/nba/1610612756/primary/L/logo.svg
203078,Bradley Beal,bradley-beal,3,G,6-4,207,"JUN 28, 1993",31.0,11,Florida,2023-24,1610612756,PHX,Phoenix Suns,76.0,https://cdn.nba.com/headshots/nba/latest/1040x760/203078.png,https://cdn.nba.com/logos/nba/1610612756/primary/L/logo.svg
1627814,Damion Lee,damion-lee,10,G-F,6-6,210,"OCT 21, 1992",31.0,6,Drexel,2023-24,1610612756,PHX,Phoenix Suns,78.0,https://cdn.nba.com/headshots/nba/latest/1040x760/1627814.png,https://cdn.nba.com/logos/nba/1610612756/primary/L/logo.svg
1631223,David Roddy,david-roddy,21,F,6-4,255,"MAR 27, 2001",23.0,1,Colorado State,2023-24,1610612756,PHX,Phoenix Suns,76.0,https://cdn.nba.com/headshots/nba/latest/1040x760/1631223.png,https://cdn.nba.com/logos/nba/1610612756/primary/L/logo.svg
1626164,Devin Booker,devin-booker,1,G,6-6,206,"OCT 30, 1996",27.0,8,Kentucky,2023-24,1610612756,PHX,Phoenix Suns,78.0,https://cdn.nba.com/headshots/nba/latest/1040x760/1626164.png,https://cdn.nba.com/logos/nba/1610612756/primary/L/logo.svg
1629234,Drew Eubanks,drew-eubanks,14,F-C,6-10,245,"FEB 01, 1997",27.0,5,Oregon State,2023-24,1610612756,PHX,Phoenix Suns,82.0,https://cdn.nba.com/headshots/nba/latest/1040x760/1629234.png,https://cdn.nba.com/logos/nba/1610612756/primary/L/logo.svg
201569,Eric Gordon,eric-gordon,23,G,6-3,215,"DEC 25, 1988",35.0,15,Indiana,2023-24,1610612756,PHX,Phoenix Suns,75.0,https://cdn.nba.com/headshots/nba/latest/1040x760/201569.png,https://cdn.nba.com/logos/nba/1610612756/primary/L/logo.svg
1628960,Grayson Allen,grayson-allen,8,G,6-4,198,"OCT 08, 1995",28.0,5,Duke,2023-24,1610612756,PHX,Phoenix Suns,76.0,https://cdn.nba.com/headshots/nba/latest/1040x760/1628960.png,https://cdn.nba.com/logos/nba/1610612756/primary/L/logo.svg
202738,Isaiah Thomas,isaiah-thomas,4,G,5-9,185,"FEB 07, 1989",35.0,11,Washington,2023-24,1610612756,PHX,Phoenix Suns,69.0,https://cdn.nba.com/headshots/nba/latest/1040x760/202738.png,https://cdn.nba.com/logos/nba/1610612756/primary/L/logo.svg
1630688,Ish Wainright,ish-wainright,12,F,6-5,250,"SEP 12, 1994",29.0,2,Baylor,2023-24,1610612756,PHX,Phoenix Suns,77.0,https://cdn.nba.com/headshots/nba/latest/1040x760/1630688.png,https://cdn.nba.com/logos/nba/1610612756/primary/L/logo.svg
1629006,Josh Okogie,josh-okogie,2,G,6-4,213,"SEP 01, 1998",25.0,5,Georgia Tech,2023-24,1610612756,PHX,Phoenix Suns,76.0,https://cdn.nba.com/headshots/nba/latest/1040x760/1629006.png,https://cdn.nba.com/logos/nba/1610612756/primary/L/logo.svg
203994,Jusuf Nurkić,jusuf-nurkić,20,C,7-0,290,"AUG 23, 1994",29.0,9,Cedevita,2023-24,1610612756,PHX,Phoenix Suns,84.0,https://cdn.nba.com/headshots/nba/latest/1040x760/203994.png,https://cdn.nba.com/logos/nba/1610612756/primary/L/logo.svg
201142,Kevin Durant,kevin-durant,35,F,6-11,240,"SEP 29, 1988",35.0,16,Texas,2023-24,1610612756,PHX,Phoenix Suns,83.0,https://cdn.nba.com/headshots/nba/latest/1040x760/201142.png,https://cdn.nba.com/logos/nba/1610612756/primary/L/logo.svg
1629642,Nassir Little,nassir-little,25,F-G,6-6,220,"FEB 11, 2000",24.0,4,North Carolina,2023-24,1610612756,PHX,Phoenix Suns,78.0,https://cdn.nba.com/headshots/nba/latest/1040x760/1629642.png,https://cdn.nba.com/logos/nba/1610612756/primary/L/logo.svg
1626220,Royce O'Neale,royce-oneale,00,F,6-6,226,"JUN 05, 1993",31.0,6,Baylor,2023-24,1610612756,PHX,Phoenix Suns,78.0,https://cdn.nba.com/headshots/nba/latest/1040x760/1626220.png,https://cdn.nba.com/logos/nba/1610612756/primary/L/logo.svg
1630240,Saben Lee,saben-lee,38,G,6-2,183,"JUN 23, 1999",25.0,3,Vanderbilt,2023-24,1610612756,PHX,Phoenix Suns,74.0,https://cdn.nba.com/headshots/nba/latest/1040x760/1630240.png,https://cdn.nba.com/logos/nba/1610612756/primary/L/logo.svg
201152,Thaddeus Young,thaddeus-young,30,F,6-8,225,"JUN 21, 1988",36.0,16,Georgia Tech,2023-24,1610612756,PHX,Phoenix Suns,80.0,https://cdn.nba.com/headshots/nba/latest/1040x760/201152.png,https://cdn.nba.com/logos/nba/1610612756/primary/L/logo.svg
1628962,Udoka Azubuike,udoka-azubuike,27,C-F,6-11,270,"SEP 17, 1999",24.0,3,Kansas,2023-24,1610612756,PHX,Phoenix Suns,83.0,https://cdn.nba.com/headshots/nba/latest/1040x760/1628962.png,https://cdn.nba.com/logos/nba/1610612756/primary/L/logo.svg
1629014,Anfernee Simons,anfernee-simons,1,G,6-3,193,"JUN 08, 1999",25.0,5,Edgewater HS (FL),2023-24,1610612757,POR,Portland Trail Blazers,75.0,https://cdn.nba.com/headshots/nba/latest/1040x760/1629014.png,https://cdn.nba.com/logos/nba/1610612757/primary/L/logo.svg
1630204,Ashton Hagans,ashton-hagans,19,G-F,6-3,190,"JUL 08, 1999",24.0,1,Kentucky,2023-24,1610612757,POR,Portland Trail Blazers,75.0,https://cdn.nba.com/headshots/nba/latest/1040x760/1630204.png,https://cdn.nba.com/logos/nba/1610612757/primary/L/logo.svg
1630625,Dalano Banton,dalano-banton,5,F,6-8,204,"NOV 07, 1999",24.0,2,Nebraska,2023-24,1610612757,POR,Portland Trail Blazers,80.0,https://cdn.nba.com/headshots/nba/latest/1040x760/1630625.png,https://cdn.nba.com/logos/nba/1610612757/primary/L/logo.svg
1629028,Deandre Ayton,deandre-ayton,2,C,7-0,247,"JUL 23, 1998",25.0,5,Arizona,2023-24,1610612757,POR,Portland Trail Blazers,84.0,https://cdn.nba.com/headshots/nba/latest/1040x760/1629028.png,https://cdn.nba.com/logos/nba/1610612757/primary/L/logo.svg
1641871,Duop Reath,duop-reath,26,C,6-9,245,"JUN 26, 1996",28.0,R,Louisiana State,2023-24,1610612757,POR,Portland Trail Blazers,81.0,https://cdn.nba.com/headshots/nba/latest/1040x760/1641871.png,https://cdn.nba.com/logos/nba/1610612757/primary/L/logo.svg
1630641,Ibou Badji,ibou-badji,41,C,7-0,240,"OCT 13, 2002",21.0,R,FC Barcelona,2023-24,1610612757,POR,Portland Trail Blazers,84.0,https://cdn.nba.com/headshots/nba/latest/1040x760/1630641.png,https://cdn.nba.com/logos/nba/1610612757/primary/L/logo.svg
1631133,Jabari Walker,jabari-walker,34,F,6-7,227,"JUL 30, 2002",21.0,1,Colorado,2023-24,1610612757,POR,Portland Trail Blazers,79.0,https://cdn.nba.com/headshots/nba/latest/1040x760/1631133.png,https://cdn.nba.com/logos/nba/1610612757/primary/L/logo.svg
203924,Jerami Grant,jerami-grant,9,F,6-7,210,"MAR 12, 1994",30.0,9,Syracuse,2023-24,1610612757,POR,Portland Trail Blazers,79.0,https://cdn.nba.com/headshots/nba/latest/1040x760/203924.png,https://cdn.nba.com/logos/nba/1610612757/primary/L/logo.svg
1631303,Justin Minaya,justin-minaya,24,F,6-5,205,"MAR 26, 1999",25.0,1,Providence,2023-24,1610612757,POR,Portland Trail Blazers,77.0,https://cdn.nba.com/headshots/nba/latest/1040x760/1631303.png,https://cdn.nba.com/logos/nba/1610612757/primary/L/logo.svg
1631200,Kris Murray,kris-murray,8,F,6-8,210,"AUG 19, 2000",23.0,R,Iowa,2023-24,1610612757,POR,Portland Trail Blazers,80.0,https://cdn.nba.com/headshots/nba/latest/1040x760/1631200.png,https://cdn.nba.com/logos/nba/1610612757/primary/L/logo.svg
1627763,Malcolm Brogdon,malcolm-brogdon,11,G,6-4,229,"DEC 11, 1992",31.0,7,Virginia,2023-24,1610612757,POR,Portland Trail Blazers,76.0,https://cdn.nba.com/headshots/nba/latest/1040x760/1627763.png,https://cdn.nba.com/logos/nba/1610612757/primary/L/logo.svg
1629680,Matisse Thybulle,matisse-thybulle,4,G-F,6-5,201,"MAR 04, 1997",27.0,4,Washington,2023-24,1610612757,POR,Portland Trail Blazers,77.0,https://cdn.nba.com/headshots/nba/latest/1040x760/1629680.png,https://cdn.nba.com/logos/nba/1610612757/primary/L/logo.svg
1629650,Moses Brown,moses-brown,10,C,7-2,258,"OCT 13, 1999",24.0,4,UCLA,2023-24,1610612757,POR,Portland Trail Blazers,86.0,https://cdn.nba.com/headshots/nba/latest/1040x760/1629650.png,https://cdn.nba.com/logos/nba/1610612757/primary/L/logo.svg
1641712,Rayan Rupert,rayan-rupert,72,G-F,6-6,185,"MAY 31, 2004",20.0,R,New Zealand Breakers,2023-24,1610612757,POR,Portland Trail Blazers,78.0,https://cdn.nba.com/headshots/nba/latest/1040x760/1641712.png,https://cdn.nba.com/logos/nba/1610612757/primary/L/logo.svg
1629057,Robert Williams III,robert-williams-iii,35,C-F,6-9,249,"OCT 17, 1997",26.0,5,Texas A&M,2023-24,1610612757,POR,Portland Trail Blazers,81.0,https://cdn.nba.com/headshots/nba/latest/1040x760/1629057.png,https://cdn.nba.com/logos/nba/1610612757/primary/L/logo.svg
1630703,Scoot Henderson,scoot-henderson,00,G,6-3,202,"FEB 03, 2004",20.0,R,NBA G League Ignite,2023-24,1610612757,POR,Portland Trail Blazers,75.0,https://cdn.nba.com/headshots/nba/latest/1040x760/1630703.png,https://cdn.nba.com/logos/nba/1610612757/primary/L/logo.svg
1631101,Shaedon Sharpe,shaedon-sharpe,17,G,6-5,205,"MAY 30, 2003",21.0,1,Kentucky,2023-24,1610612757,POR,Portland Trail Blazers,77.0,https://cdn.nba.com/headshots/nba/latest/1040x760/1631101.png,https://cdn.nba.com/logos/nba/1610612757/primary/L/logo.svg
1641739,Toumani Camara,toumani-camara,33,F,6-7,226,"MAY 08, 2000",24.0,R,Dayton,2023-24,1610612757,POR,Portland Trail Blazers,79.0,https://cdn.nba.com/headshots/nba/latest/1040x760/1641739.png,https://cdn.nba.com/logos/nba/1610612757/primary/L/logo.svg
203458,Alex Len,alex-len,25,C,7-0,250,"JUN 16, 1993",31.0,10,Maryland,2023-24,1610612758,SAC,Sacramento Kings,84.0,https://cdn.nba.com/headshots/nba/latest/1040x760/203458.png,https://cdn.nba.com/logos/nba/1610612758/primary/L/logo.svg
1630537,Chris Duarte,chris-duarte,3,G,6-5,190,"JUN 13, 1997",27.0,2,Oregon,2023-24,1610612758,SAC,Sacramento Kings,77.0,https://cdn.nba.com/headshots/nba/latest/1040x760/1630537.png,https://cdn.nba.com/logos/nba/1610612758/primary/L/logo.svg
1641732,Colby Jones,colby-jones,20,G,6-6,207,"MAY 28, 2002",22.0,R,Xavier,2023-24,1610612758,SAC,Sacramento Kings,78.0,https://cdn.nba.com/headshots/nba/latest/1040x760/1641732.png,https://cdn.nba.com/logos/nba/1610612758/primary/L/logo.svg
1630558,Davion Mitchell,davion-mitchell,15,G,6-0,202,"SEP 05, 1998",25.0,2,Baylor,2023-24,1610612758,SAC,Sacramento Kings,72.0,https://cdn.nba.com/headshots/nba/latest/1040x760/1630558.png,https://cdn.nba.com/logos/nba/1610612758/primary/L/logo.svg
1628368,De'Aaron Fox,deaaron-fox,5,G,6-3,185,"DEC 20, 1997",26.0,6,Kentucky,2023-24,1610612758,SAC,Sacramento Kings,75.0,https://cdn.nba.com/headshots/nba/latest/1040x760/1628368.png,https://cdn.nba.com/logos/nba/1610612758/primary/L/logo.svg
1627734,Domantas Sabonis,domantas-sabonis,10,F-C,6-10,240,"MAY 03, 1996",28.0,7,Gonzaga,2023-24,1610612758,SAC,Sacramento Kings,82.0,https://cdn.nba.com/headshots/nba/latest/1040x760/1627734.png,https://cdn.nba.com/logos/nba/1610612758/primary/L/logo.svg
203084,Harrison Barnes,harrison-barnes,40,F,6-8,225,"MAY 30, 1992",32.0,11,North Carolina,2023-24,1610612758,SAC,Sacramento Kings,80.0,https://cdn.nba.com/headshots/nba/latest/1040x760/203084.png,https://cdn.nba.com/logos/nba/1610612758/primary/L/logo.svg
201580,JaVale McGee,javale-mcgee,00,C-F,7-0,270,"JAN 19, 1988",36.0,15,Nevada,2023-24,1610612758,SAC,Sacramento Kings,84.0,https://cdn.nba.com/headshots/nba/latest/1040x760/201580.png,https://cdn.nba.com/logos/nba/1610612758/primary/L/logo.svg
1641771,Jalen Slawson,jalen-slawson,18,F,6-7,215,"OCT 22, 1999",24.0,R,Furman,2023-24,1610612758,SAC,Sacramento Kings,79.0,https://cdn.nba.com/headshots/nba/latest/1040x760/1641771.png,https://cdn.nba.com/logos/nba/1610612758/primary/L/logo.svg
1630259,Jordan Ford,jordan-ford,31,G,6-1,175,"MAY 26, 1998",26.0,R,St. Mary's College,2023-24,1610612758,SAC,Sacramento Kings,73.0,https://cdn.nba.com/headshots/nba/latest/1040x760/1630259.png,https://cdn.nba.com/logos/nba/1610612758/primary/L/logo.svg
1631099,Keegan Murray,keegan-murray,13,F,6-8,225,"AUG 19, 2000",23.0,1,Iowa,2023-24,1610612758,SAC,Sacramento Kings,80.0,https://cdn.nba.com/headshots/nba/latest/1040x760/1631099.png,https://cdn.nba.com/logos/nba/1610612758/primary/L/logo.svg
1631165,Keon Ellis,keon-ellis,23,G,6-3,175,"JAN 08, 2000",24.0,1,Alabama,2023-24,1610612758,SAC,Sacramento Kings,75.0,https://cdn.nba.com/headshots/nba/latest/1040x760/1631165.png,https://cdn.nba.com/logos/nba/1610612758/primary/L/logo.svg
1630556,Kessler Edwards,kessler-edwards,17,F,6-7,203,"AUG 09, 2000",23.0,2,Pepperdine,2023-24,1610612758,SAC,Sacramento Kings,79.0,https://cdn.nba.com/headshots/nba/latest/1040x760/1630556.png,https://cdn.nba.com/logos/nba/1610612758/primary/L/logo.svg
1628989,Kevin Huerter,kevin-huerter,9,G-F,6-7,198,"AUG 27, 1998",25.0,5,Maryland,2023-24,1610612758,SAC,Sacramento Kings,79.0,https://cdn.nba.com/headshots/nba/latest/1040x760/1628989.png,https://cdn.nba.com/logos/nba/1610612758/primary/L/logo.svg
1628370,Malik Monk,malik-monk,0,G,6-3,200,"FEB 04, 1998",26.0,6,Kentucky,2023-24,1610612758,SAC,Sacramento Kings,75.0,https://cdn.nba.com/headshots/nba/latest/1040x760/1628370.png,https://cdn.nba.com/logos/nba/1610612758/primary/L/logo.svg
1630222,Mason Jones,mason-jones,8,G,6-4,200,"JUL 21, 1998",25.0,2,Arkansas,2023-24,1610612758,SAC,Sacramento Kings,76.0,https://cdn.nba.com/headshots/nba/latest/1040x760/1630222.png,https://cdn.nba.com/logos/nba/1610612758/primary/L/logo.svg
1628426,Sasha Vezenkov,sasha-vezenkov,7,F,6-8,225,"AUG 06, 1995",28.0,R,"Barcelona, Spain",2023-24,1610612758,SAC,Sacramento Kings,80.0,https://cdn.nba.com/headshots/nba/latest/1040x760/1628426.png,https://cdn.nba.com/logos/nba/1610612758/primary/L/logo.svg
1626168,Trey Lyles,trey-lyles,41,F,6-9,234,"NOV 05, 1995",28.0,8,Kentucky,2023-24,1610612758,SAC,Sacramento Kings,81.0,https://cdn.nba.com/headshots/nba/latest/1040x760/1626168.png,https://cdn.nba.com/logos/nba/1610612758/primary/L/logo.svg
1631104,Blake Wesley,blake-wesley,14,G,6-3,185,"MAR 16, 2003",21.0,1,Notre Dame,2023-24,1610612759,SAS,San Antonio Spurs,75.0,https://cdn.nba.com/headshots/nba/latest/1040x760/1631104.png,https://cdn.nba.com/logos/nba/1610612759/primary/L/logo.svg
1626224,Cedi Osman,cedi-osman,16,F,6-7,230,"APR 08, 1995",29.0,6,Anadolu Efes,2023-24,1610612759,SAS,San Antonio Spurs,79.0,https://cdn.nba.com/headshots/nba/latest/1040x760/1626224.png,https://cdn.nba.com/logos/nba/1610612759/primary/L/logo.svg
1629646,Charles Bassey,charles-bassey,28,C-F,6-10,230,"OCT 28, 2000",23.0,2,Western Kentucky,2023-24,1610612759,SAS,San Antonio Spurs,82.0,https://cdn.nba.com/headshots/nba/latest/1040x760/1629646.png,https://cdn.nba.com/logos/nba/1610612759/primary/L/logo.svg
1630561,David Duke Jr.,david-duke-jr,28,G,6-4,204,"OCT 13, 1999",24.0,2,Providence,2023-24,1610612759,SAS,San Antonio Spurs,76.0,https://cdn.nba.com/headshots/nba/latest/1040x760/1630561.png,https://cdn.nba.com/logos/nba/1610612759/primary/L/logo.svg
1630170,Devin Vassell,devin-vassell,24,G-F,6-5,200,"AUG 23, 2000",23.0,3,Florida State,2023-24,1610612759,SAS,San Antonio Spurs,77.0,https://cdn.nba.com/headshots/nba/latest/1040x760/1630170.png,https://cdn.nba.com/logos/nba/1610612759/primary/L/logo.svg
1628984,Devonte' Graham,devonte-graham,4,G,6-1,195,"FEB 22, 1995",29.0,5,Kansas,2023-24,1610612759,SAS,San Antonio Spurs,73.0,https://cdn.nba.com/headshots/nba/latest/1040x760/1628984.png,https://cdn.nba.com/logos/nba/1610612759/primary/L/logo.svg
1631230,Dominick Barlow,dominick-barlow,26,F,6-9,215,"MAY 26, 2003",21.0,1,Overtime Elite,2023-24,1610612759,SAS,San Antonio Spurs,81.0,https://cdn.nba.com/headshots/nba/latest/1040x760/1631230.png,https://cdn.nba.com/logos/nba/1610612759/primary/L/logo.svg
1631123,Jamaree Bouyea,jamaree-bouyea,21,G,6-2,180,"JUN 27, 1999",25.0,1,San Francisco,2023-24,1610612759,SAS,San Antonio Spurs,74.0,https://cdn.nba.com/headshots/nba/latest/1040x760/1631123.png,https://cdn.nba.com/logos/nba/1610612759/primary/L/logo.svg
1631110,Jeremy Sochan,jeremy-sochan,10,F,6-8,230,"MAY 20, 2003",21.0,1,Baylor,2023-24,1610612759,SAS,San Antonio Spurs,80.0,https://cdn.nba.com/headshots/nba/latest/1040x760/1631110.png,https://cdn.nba.com/logos/nba/1610612759/primary/L/logo.svg
1630577,Julian Champagnie,julian-champagnie,30,F,6-7,217,"JUN 29, 2001",23.0,1,St. John's,2023-24,1610612759,SAS,San Antonio Spurs,79.0,https://cdn.nba.com/headshots/nba/latest/1040x760/1630577.png,https://cdn.nba.com/logos/nba/1610612759/primary/L/logo.svg
1629640,Keldon Johnson,keldon-johnson,3,F-G,6-5,220,"OCT 11, 1999",24.0,4,Kentucky,2023-24,1610612759,SAS,San Antonio Spurs,77.0,https://cdn.nba.com/headshots/nba/latest/1040x760/1629640.png,https://cdn.nba.com/logos/nba/1610612759/primary/L/logo.svg
1631103,Malaki Branham,malaki-branham,22,F,6-4,180,"MAY 12, 2003",21.0,1,Ohio State,2023-24,1610612759,SAS,San Antonio Spurs,76.0,https://cdn.nba.com/headshots/nba/latest/1040x760/1631103.png,https://cdn.nba.com/logos/nba/1610612759/primary/L/logo.svg
1630564,RaiQuan Gray,raiquan-gray,0,F,6-7,269,"JUL 07, 1999",24.0,1,Florida State,2023-24,1610612759,SAS,San Antonio Spurs,79.0,https://cdn.nba.com/headshots/nba/latest/1040x760/1630564.png,https://cdn.nba.com/logos/nba/1610612759/primary/L/logo.svg
1630572,Sandro Mamukelashvili,sandro-mamukelashvili,54,F-C,6-9,240,"MAY 23, 1999",25.0,2,Seton Hall,2023-24,1610612759,SAS,San Antonio Spurs,81.0,https://cdn.nba.com/headshots/nba/latest/1040x760/1630572.png,https://cdn.nba.com/logos/nba/1610612759/primary/L/logo.svg
1631321,Sidy Cissoko,sidy-cissoko,25,G,6-6,200,"APR 02, 2004",20.0,R,NBA G League Ignite,2023-24,1610612759,SAS,San Antonio Spurs,78.0,https://cdn.nba.com/headshots/nba/latest/1040x760/1631321.png,https://cdn.nba.com/logos/nba/1610612759/primary/L/logo.svg
1630200,Tre Jones,tre-jones,33,G,6-1,185,"JAN 08, 2000",24.0,3,Duke,2023-24,1610612759,SAS,San Antonio Spurs,73.0,https://cdn.nba.com/headshots/nba/latest/1040x760/1630200.png,https://cdn.nba.com/logos/nba/1610612759/primary/L/logo.svg
1641705,Victor Wembanyama,victor-wembanyama,1,F-C,7-4,210,"JAN 04, 2004",20.0,R,Metropolitans 92,2023-24,1610612759,SAS,San Antonio Spurs,88.0,https://cdn.nba.com/headshots/nba/latest/1040x760/1641705.png,https://cdn.nba.com/logos/nba/1610612759/primary/L/logo.svg
1628380,Zach Collins,zach-collins,23,F-C,6-11,250,"NOV 19, 1997",26.0,6,Gonzaga,2023-24,1610612759,SAS,San Antonio Spurs,83.0,https://cdn.nba.com/headshots/nba/latest/1040x760/1628380.png,https://cdn.nba.com/logos/nba/1610612759/primary/L/logo.svg
1628971,Bruce Brown,bruce-brown,11,G-F,6-4,202,"AUG 15, 1996",27.0,5,Miami,2023-24,1610612761,TOR,Toronto Raptors,76.0,https://cdn.nba.com/headshots/nba/latest/1040x760/1628971.png,https://cdn.nba.com/logos/nba/1610612761/primary/L/logo.svg
1628449,Chris Boucher,chris-boucher,25,F,6-9,200,"JAN 11, 1993",31.0,6,Oregon,2023-24,1610612761,TOR,Toronto Raptors,81.0,https://cdn.nba.com/headshots/nba/latest/1040x760/1628449.png,https://cdn.nba.com/logos/nba/1610612761/primary/L/logo.svg
1630618,D.J. Carton,dj-carton,3,G,6-3,200,"AUG 05, 2000",23.0,R,Marquette,2023-24,1610612761,TOR,Toronto Raptors,75.0,https://cdn.nba.com/headshots/nba/latest/1040x760/1630618.png,https://cdn.nba.com/logos/nba/1610612761/primary/L/logo.svg
202066,Garrett Temple,garrett-temple,17,G-F,6-5,195,"MAY 08, 1986",38.0,13,Louisiana State,2023-24,1610612761,TOR,Toronto Raptors,77.0,https://cdn.nba.com/headshots/nba/latest/1040x760/202066.png,https://cdn.nba.com/logos/nba/1610612761/primary/L/logo.svg
1629018,Gary Trent Jr.,gary-trent-jr,33,G,6-5,204,"JAN 18, 1999",25.0,5,Duke,2023-24,1610612761,TOR,Toronto Raptors,77.0,https://cdn.nba.com/headshots/nba/latest/1040x760/1629018.png,https://cdn.nba.com/logos/nba/1610612761/primary/L/logo.svg
1641711,Gradey Dick,gradey-dick,1,G-F,6-6,200,"NOV 20, 2003",20.0,R,Kansas,2023-24,1610612761,TOR,Toronto Raptors,78.0,https://cdn.nba.com/headshots/nba/latest/1040x760/1641711.png,https://cdn.nba.com/logos/nba/1610612761/primary/L/logo.svg
1630193,Immanuel Quickley,immanuel-quickley,5,G,6-2,190,"JUN 17, 1999",25.0,3,Kentucky,2023-24,1610612761,TOR,Toronto Raptors,74.0,https://cdn.nba.com/headshots/nba/latest/1040x760/1630193.png,https://cdn.nba.com/logos/nba/1610612761/primary/L/logo.svg
1627751,Jakob Poeltl,jakob-poeltl,19,C,7-0,260,"OCT 15, 1995",28.0,7,Utah,2023-24,1610612761,TOR,Toronto Raptors,84.0,https://cdn.nba.com/headshots/nba/latest/1040x760/1627751.png,https://cdn.nba.com/logos/nba/1610612761/primary/L/logo.svg
1629667,Jalen McDaniels,jalen-mcdaniels,2,F,6-9,190,"JAN 31, 1998",26.0,4,San Diego State,2023-24,1610612761,TOR,Toronto Raptors,81.0,https://cdn.nba.com/headshots/nba/latest/1040x760/1629667.png,https://cdn.nba.com/logos/nba/1610612761/primary/L/logo.svg
1631241,Javon Freeman-Liberty,javon-freeman-liberty,0,G,6-3,190,"OCT 20, 1999",24.0,R,DePaul,2023-24,1610612761,TOR,Toronto Raptors,75.0,https://cdn.nba.com/headshots/nba/latest/1040x760/1631241.png,https://cdn.nba.com/logos/nba/1610612761/primary/L/logo.svg
1629670,Jordan Nwora,jordan-nwora,13,F,6-8,225,"SEP 09, 1998",25.0,3,Louisville,2023-24,1610612761,TOR,Toronto Raptors,80.0,https://cdn.nba.com/headshots/nba/latest/1040x760/1629670.png,https://cdn.nba.com/logos/nba/1610612761/primary/L/logo.svg
203482,Kelly Olynyk,kelly-olynyk,41,F-C,6-11,240,"APR 19, 1991",33.0,10,Gonzaga,2023-24,1610612761,TOR,Toronto Raptors,83.0,https://cdn.nba.com/headshots/nba/latest/1040x760/203482.png,https://cdn.nba.com/logos/nba/1610612761/primary/L/logo.svg
1642013,Malik Williams,malik-williams,,C,6-11,250,"AUG 26, 1998",25.0,R,Louisville,2023-24,1610612761,TOR,Toronto Raptors,83.0,https://cdn.nba.com/headshots/nba/latest/1040x760/1642013.png,https://cdn.nba.com/logos/nba/1610612761/primary/L/logo.svg
1631338,Mouhamadou Gueye,mouhamadou-gueye,16,F,6-9,210,"JUL 06, 1998",25.0,R,Pittsburgh,2023-24,1610612761,TOR,Toronto Raptors,81.0,https://cdn.nba.com/headshots/nba/latest/1040x760/1631338.png,https://cdn.nba.com/logos/nba/1610612761/primary/L/logo.svg
1630534,Ochai Agbaji,ochai-agbaji,30,G,6-5,215,"APR 20, 2000",24.0,1,Kansas,2023-24,1610612761,TOR,Toronto Raptors,77.0,https://cdn.nba.com/headshots/nba/latest/1040x760/1630534.png,https://cdn.nba.com/logos/nba/1610612761/primary/L/logo.svg
1629628,RJ Barrett,rj-barrett,9,F-G,6-6,214,"JUN 14, 2000",24.0,4,Duke,2023-24,1610612761,TOR,Toronto Raptors,78.0,https://cdn.nba.com/headshots/nba/latest/1040x760/1629628.png,https://cdn.nba.com/logos/nba/1610612761/primary/L/logo.svg
1630567,Scottie Barnes,scottie-barnes,4,F-G,6-7,237,"AUG 01, 2001",22.0,2,Florida State,2023-24,1610612761,TOR,Toronto Raptors,79.0,https://cdn.nba.com/headshots/nba/latest/1040x760/1630567.png,https://cdn.nba.com/logos/nba/1610612761/primary/L/logo.svg
1641729,Brice Sensabaugh,brice-sensabaugh,8,F,6-5,235,"OCT 30, 2003",20.0,R,Ohio State,2023-24,1610612762,UTA,Utah Jazz,77.0,https://cdn.nba.com/headshots/nba/latest/1040x760/1641729.png,https://cdn.nba.com/logos/nba/1610612762/primary/L/logo.svg
1629012,Collin Sexton,collin-sexton,2,G,6-3,190,"JAN 04, 1999",25.0,5,Alabama,2023-24,1610612762,UTA,Utah Jazz,75.0,https://cdn.nba.com/headshots/nba/latest/1040x760/1629012.png,https://cdn.nba.com/logos/nba/1610612762/primary/L/logo.svg
1629647,Darius Bazley,darius-bazley,26,F,6-9,216,"JUN 12, 2000",24.0,4,Princeton HS (OH),2023-24,1610612762,UTA,Utah Jazz,81.0,https://cdn.nba.com/headshots/nba/latest/1040x760/1629647.png,https://cdn.nba.com/logos/nba/1610612762/primary/L/logo.svg
1630554,Jason Preston,jason-preston,10,G,6-3,181,"AUG 10, 1999",24.0,1,Ohio,2023-24,1610612762,UTA,Utah Jazz,75.0,https://cdn.nba.com/headshots/nba/latest/1040x760/1630554.png,https://cdn.nba.com/logos/nba/1610612762/primary/L/logo.svg
1628381,John Collins,john-collins,20,F-C,6-9,226,"SEP 23, 1997",26.0,6,Wake Forest,2023-24,1610612762,UTA,Utah Jazz,81.0,https://cdn.nba.com/headshots/nba/latest/1040x760/1628381.png,https://cdn.nba.com/logos/nba/1610612762/primary/L/logo.svg
1630548,Johnny Juzang,johnny-juzang,33,G,6-5,209,"MAR 17, 2001",23.0,1,UCLA,2023-24,1610612762,UTA,Utah Jazz,77.0,https://cdn.nba.com/headshots/nba/latest/1040x760/1630548.png,https://cdn.nba.com/logos/nba/1610612762/primary/L/logo.svg
203903,Jordan Clarkson,jordan-clarkson,00,G,6-3,194,"JUN 07, 1992",32.0,9,Missouri,2023-24,1610612762,UTA,Utah Jazz,75.0,https://cdn.nba.com/headshots/nba/latest/1040x760/203903.png,https://cdn.nba.com/logos/nba/1610612762/primary/L/logo.svg
1631254,Kenneth Lofton Jr.,kenneth-lofton-jr,35,F,6-6,275,"AUG 14, 2002",21.0,1,Louisiana Tech,2023-24,1610612762,UTA,Utah Jazz,78.0,https://cdn.nba.com/headshots/nba/latest/1040x760/1631254.png,https://cdn.nba.com/logos/nba/1610612762/primary/L/logo.svg
1641718,Keyonte George,keyonte-george,3,G,6-4,185,"NOV 08, 2003",20.0,R,Baylor,2023-24,1610612762,UTA,Utah Jazz,76.0,https://cdn.nba.com/headshots/nba/latest/1040x760/1641718.png,https://cdn.nba.com/logos/nba/1610612762/primary/L/logo.svg
1630184,Kira Lewis Jr.,kira-lewis-jr,13,G,6-1,170,"APR 06, 2001",23.0,3,Alabama,2023-24,1610612762,UTA,Utah Jazz,73.0,https://cdn.nba.com/headshots/nba/latest/1040x760/1630184.png,https://cdn.nba.com/logos/nba/1610612762/primary/L/logo.svg
1627739,Kris Dunn,kris-dunn,11,G,6-3,205,"MAR 18, 1994",30.0,7,Providence,2023-24,1610612762,UTA,Utah Jazz,75.0,https://cdn.nba.com/headshots/nba/latest/1040x760/1627739.png,https://cdn.nba.com/logos/nba/1610612762/primary/L/logo.svg
1628374,Lauri Markkanen,lauri-markkanen,23,F-C,7-0,240,"MAY 22, 1997",27.0,6,Arizona,2023-24,1610612762,UTA,Utah Jazz,84.0,https://cdn.nba.com/headshots/nba/latest/1040x760/1628374.png,https://cdn.nba.com/logos/nba/1610612762/primary/L/logo.svg
1629677,Luka Samanic,luka-samanic,19,F,6-10,227,"JAN 09, 2000",24.0,3,Union Olimpija,2023-24,1610612762,UTA,Utah Jazz,82.0,https://cdn.nba.com/headshots/nba/latest/1040x760/1629677.png,https://cdn.nba.com/logos/nba/1610612762/primary/L/logo.svg
1630695,Micah Potter,micah-potter,25,C,6-9,248,"APR 06, 1998",26.0,2,Wisconsin,2023-24,1610612762,UTA,Utah Jazz,81.0,https://cdn.nba.com/headshots/nba/latest/1040x760/1630695.png,https://cdn.nba.com/logos/nba/1610612762/primary/L/logo.svg
1630209,Omer Yurtseven,omer-yurtseven,77,C,6-11,275,"JUN 19, 1998",26.0,2,Georgetown,2023-24,1610612762,UTA,Utah Jazz,83.0,https://cdn.nba.com/headshots/nba/latest/1040x760/1630209.png,https://cdn.nba.com/logos/nba/1610612762/primary/L/logo.svg
1629659,Talen Horton-Tucker,talen-horton-tucker,5,G,6-4,234,"NOV 25, 2000",23.0,4,Iowa State,2023-24,1610612762,UTA,Utah Jazz,76.0,https://cdn.nba.com/headshots/nba/latest/1040x760/1629659.png,https://cdn.nba.com/logos/nba/1610612762/primary/L/logo.svg
1641707,Taylor Hendricks,taylor-hendricks,0,F,6-9,215,"NOV 22, 2003",20.0,R,Central Florida,2023-24,1610612762,UTA,Utah Jazz,81.0,https://cdn.nba.com/headshots/nba/latest/1040x760/1641707.png,https://cdn.nba.com/logos/nba/1610612762/primary/L/logo.svg
1631117,Walker Kessler,walker-kessler,24,C,7-0,245,"JUL 26, 2001",22.0,1,Auburn,2023-24,1610612762,UTA,Utah Jazz,84.0,https://cdn.nba.com/headshots/nba/latest/1040x760/1631117.png,https://cdn.nba.com/logos/nba/1610612762/primary/L/logo.svg
1630264,Anthony Gill,anthony-gill,16,F,6-8,230,"OCT 17, 1992",31.0,3,Virginia,2023-24,1610612764,WAS,Washington Wizards,80.0,https://cdn.nba.com/headshots/nba/latest/1040x760/1630264.png,https://cdn.nba.com/logos/nba/1610612764/primary/L/logo.svg
1641731,Bilal Coulibaly,bilal-coulibaly,0,G,6-8,195,"JUL 26, 2004",19.0,R,Metropolitans 92,2023-24,1610612764,WAS,Washington Wizards,80.0,https://cdn.nba.com/headshots/nba/latest/1040x760/1641731.png,https://cdn.nba.com/logos/nba/1610612764/primary/L/logo.svg
1630557,Corey Kispert,corey-kispert,24,F,6-6,224,"MAR 03, 1999",25.0,2,Gonzaga,2023-24,1610612764,WAS,Washington Wizards,78.0,https://cdn.nba.com/headshots/nba/latest/1040x760/1630557.png,https://cdn.nba.com/logos/nba/1610612764/primary/L/logo.svg
1630166,Deni Avdija,deni-avdija,8,F,6-9,210,"JAN 03, 2001",23.0,3,Maccabi Tel Aviv,2023-24,1610612764,WAS,Washington Wizards,81.0,https://cdn.nba.com/headshots/nba/latest/1040x760/1630166.png,https://cdn.nba.com/logos/nba/1610612764/primary/L/logo.svg
1630647,Eugene Omoruyi,eugene-omoruyi,97,F,6-6,235,"FEB 14, 1997",27.0,2,Oregon,2023-24,1610612764,WAS,Washington Wizards,78.0,https://cdn.nba.com/headshots/nba/latest/1040x760/1630647.png,https://cdn.nba.com/logos/nba/1610612764/primary/L/logo.svg
1630215,Jared Butler,jared-butler,4,G,6-3,193,"AUG 25, 2000",23.0,2,Baylor,2023-24,1610612764,WAS,Washington Wizards,75.0,https://cdn.nba.com/headshots/nba/latest/1040x760/1630215.png,https://cdn.nba.com/logos/nba/1610612764/primary/L/logo.svg
1631098,Johnny Davis,johnny-davis,1,G,6-4,195,"FEB 27, 2002",22.0,1,Wisconsin,2023-24,1610612764,WAS,Washington Wizards,76.0,https://cdn.nba.com/headshots/nba/latest/1040x760/1631098.png,https://cdn.nba.com/logos/nba/1610612764/primary/L/logo.svg
1629673,Jordan Poole,jordan-poole,13,G,6-4,194,"JUN 19, 1999",25.0,4,Michigan,2023-24,1610612764,WAS,Washington Wizards,76.0,https://cdn.nba.com/headshots/nba/latest/1040x760/1629673.png,https://cdn.nba.com/logos/nba/1610612764/primary/L/logo.svg
1631262,Jules Bernard,jules-bernard,14,G,6-6,210,"JAN 21, 2000",24.0,R,UCLA,2023-24,1610612764,WAS,Washington Wizards,78.0,https://cdn.nba.com/headshots/nba/latest/1040x760/1631262.png,https://cdn.nba.com/logos/nba/1610612764/primary/L/logo.svg
1630551,Justin Champagnie,justin-champagnie,99,G-F,6-6,206,"JUN 29, 2001",23.0,2,Pittsburgh,2023-24,1610612764,WAS,Washington Wizards,78.0,https://cdn.nba.com/headshots/nba/latest/1040x760/1630551.png,https://cdn.nba.com/logos/nba/1610612764/primary/L/logo.svg
1628398,Kyle Kuzma,kyle-kuzma,33,F,6-9,221,"JUL 24, 1995",28.0,6,Utah,2023-24,1610612764,WAS,Washington Wizards,81.0,https://cdn.nba.com/headshots/nba/latest/1040x760/1628398.png,https://cdn.nba.com/logos/nba/1610612764/primary/L/logo.svg
1629013,Landry Shamet,landry-shamet,20,G,6-4,190,"MAR 13, 1997",27.0,5,Wichita State,2023-24,1610612764,WAS,Washington Wizards,76.0,https://cdn.nba.com/headshots/nba/latest/1040x760/1629013.png,https://cdn.nba.com/logos/nba/1610612764/primary/L/logo.svg
1628963,Marvin Bagley III,marvin-bagley-iii,35,F,6-10,235,"MAR 14, 1999",25.0,5,Duke,2023-24,1610612764,WAS,Washington Wizards,82.0,https://cdn.nba.com/headshots/nba/latest/1040x760/1628963.png,https://cdn.nba.com/logos/nba/1610612764/primary/L/logo.svg
1631116,Patrick Baldwin Jr.,patrick-baldwin-jr,7,F,6-9,220,"NOV 18, 2002",21.0,1,Wisconsin-Milwaukee,2023-24,1610612764,WAS,Washington Wizards,81.0,https://cdn.nba.com/headshots/nba/latest/1040x760/1631116.png,https://cdn.nba.com/logos/nba/1610612764/primary/L/logo.svg
1626158,Richaun Holmes,richaun-holmes,22,F,6-9,235,"OCT 15, 1993",30.0,8,Bowling Green,2023-24,1610612764,WAS,Washington Wizards,81.0,https://cdn.nba.com/headshots/nba/latest/1040x760/1626158.png,https://cdn.nba.com/logos/nba/1610612764/primary/L/logo.svg
1641774,Tristan Vukcevic,tristan-vukcevic,00,F,6-10,220,"MAR 11, 2003",21.0,R,Real Madrid,2023-24,1610612764,WAS,Washington Wizards,82.0,https://cdn.nba.com/headshots/nba/latest/1040x760/1641774.png,https://cdn.nba.com/logos/nba/1610612764/primary/L/logo.svg
1626145,Tyus Jones,tyus-jones,5,G,6-1,196,"MAY 10, 1996",28.0,8,Duke,2023-24,1610612764,WAS,Washington Wizards,73.0,https://cdn.nba.com/headshots/nba/latest/1040x760/1626145.png,https://cdn.nba.com/logos/nba/1610612764/primary/L/logo.svg
